cookie_id,score
ck_315fb710a0e371e7,7.951501059997099e-05
ck_a76ee3b3e3e522fd,0.1324919779375936
ck_94c9a4d382689e82,0.08242233066312978
ck_8eaf9509ad9462a0,0.0004946735367709894
ck_9a88a5a989cb5bc6,0.0058794845308352325
ck_15239ef0689c1a35,0.0034215430304785073
ck_8de69cd219d3b87f,0.18359354788184912
ck_f92cd37022b0ce21,0.016928752776434734
ck_1a3ff7620580a514,0.00181952675346907
ck_397c03aa33a57310,0.07255368488942132
ck_a7cf6c3b322f6b7a,0.007846559795381722
ck_c39a9e75760e3201,0.002378159113618678
ck_88ab6d245228c38e,0.00010257483417715066
ck_17733f75ebdea93e,0.0015940650726057892
ck_58eb871e8d7bed52,0.03014032831073099
ck_e55b7fa67db1ec27,0.0006606029266774435
ck_62f5cfe22c952694,0.004795051468248528
ck_7fbb709a0fe95759,0.005034551167780617
ck_87abe9cd066a20fb,0.025971022970168903
ck_d58e058b5c553dd5,0.002630893178433655
ck_d27b872648b71202,0.0009525074490758685
ck_4b4a3c5b95c55b43,0.00025520072679506014
ck_66dd4f4b4127256d,0.0003110321482971999
ck_93cc12703b500613,0.09579648445625574
ck_d28806a2179092eb,0.8090391821580978
ck_0595c2a0c7881e05,0.0025595245395616667
ck_50087d8666191144,0.25948756907084897
ck_b08b3f089138c901,0.00945941492175367
ck_fe3b67041dad2dd1,0.0002966638941181169
ck_8449a28f7d475d93,0.016990541195332717
ck_8642e3b6d84f49d3,0.003292479876057176
ck_e49b5e4f2f2e79db,0.5761150413391086
ck_437afe412ea4259c,0.02397166073446599
ck_569b83668d74042d,0.8268912719973531
ck_233a487d31c3e631,0.7038857250253421
ck_1fca72e03143a645,0.8205088983970132
ck_79205e31223df2ad,0.018423230624655344
ck_9625a64406ea16e3,0.0009733096922497869
ck_079bd18dacb704a8,0.060038211062102165
ck_4db6d4fd2b49aa81,0.0087214771044177
ck_0dbefdac0a1868fb,0.0003026892491456585
ck_24ff97ad90bdd69a,0.018172548599671504
ck_77f8c5042065d506,0.0018200702673833976
ck_f11be8ce05382cec,0.010547092881571388
ck_c9d72140b0389216,0.05004343702600554
ck_69eda24e931fb36a,0.000544507993098455
ck_ed471e496916ee15,0.00047150171386390146
ck_ff090498c4b17ac3,0.0020141052816575462
ck_c3c19d6a0720915c,0.0018784284182068172
ck_af02e1817cfa40b5,0.008649538739119653
ck_2df5a9fc87553eb1,0.0009444680176238382
ck_4ac918e884cff336,0.005949701655205712
ck_ca149244b54ef3ad,0.0001672129411639332
ck_6babe5b8674ff51f,0.002515109101950877
ck_1573878386886290,0.0014501404269761293
ck_3925f8565abb7fe4,0.002387227062625311
ck_c4de808ae69c771f,0.00013857136693341316
ck_a777c813551281fe,0.0023508068863284906
ck_df4424f6dd85080d,0.03959904268663697
ck_85e5494ec20383ae,0.026088481663268475
ck_f71a4094e889c3af,0.0018829213273614375
ck_f2f3cf9cd23b2809,0.009855373390156782
ck_18e2076397bcc211,0.014879734570776456
ck_c9f9fddef39bc664,0.010425945286874221
ck_7e826e233d6ea028,0.0014806655251237428
ck_62fd7eb46bee9210,0.010569827925444258
ck_206f8e3cd72768f3,0.028761505833063545
ck_aa295a11b0a6ab36,0.005170097300219602
ck_9a56739d81f84a53,0.0010825590163047916
ck_aa075c418ed9fe5a,0.0036654231443758256
ck_62b9fb3db284941b,0.004436372490378326
ck_f4f83b1403ebea46,0.004247331765521708
ck_16b66bd803288bc3,0.14410406378095597
ck_c4ca1434f3778f1d,0.84218127879183
ck_1b823610371a29c0,0.007103519010723137
ck_c2bd5a722aa637d9,0.0037475282492403913
ck_7890208951df34f0,0.015153451309273367
ck_020eb0e454524ecd,0.0002497153386790539
ck_3b66196ccf436c35,0.0011863747484727254
ck_109fc467ec0a4af5,0.010141486377955719
ck_f3dcd818db92de7b,0.013608620055499015
ck_31e7742f160980ef,0.006629927625100008
ck_77fce5f86f00b8f4,0.17280516402683455
ck_46bc797b4d07d607,0.0006227892542506336
ck_37899b1b571b1c6b,0.005305652956605514
ck_ef8a6af43fedd464,0.0005156883872427917
ck_bcc8519fe8521038,0.020605850041473212
ck_90696b7182dd9129,0.004826108070033134
ck_4a24ad61d017e1ba,0.009256058075022186
ck_0acc3d8c67218b9d,0.0034926204814105066
ck_05c97fc9de11aba6,0.23983780169875976
ck_f8ac3a0500c0ec62,0.0041252356940023605
ck_617b65141f546a1c,0.005458108114447582
ck_9d00823bf60388d7,0.006188740836109874
ck_123c15d93f1840f2,0.040292929270856495
ck_573feefba6bf78bb,0.06451956699951916
ck_b25657bd16739036,0.0048075652451520495
ck_bd26d2bef14a8597,0.004419876851915321
ck_a553418f2fba1440,0.001794633214385886
ck_89f3e380b0686963,0.0025271865636800786
ck_b359192aa659bdce,0.004940438441571928
ck_02241f3dc301bebf,0.01652422056402751
ck_5ccc1a1c78cb33ee,0.015270073391480902
ck_349cc5edda1b8853,0.12281308891804804
ck_e9f228845bf6e28b,0.038939646460325716
ck_0a45d033d4e280ea,0.004161652973201793
ck_7e63168dda612235,0.0007750508838114383
ck_676fa5f6aae5475b,0.0024007476507018712
ck_74b502b20690ccfe,0.0016926552907312925
ck_073509af21dd7f5f,0.11415895259113847
ck_498a0acd450944d8,0.00045680041712361125
ck_7f15b50b29dead01,0.11036592805810981
ck_8089fe7403c5f537,0.007582191571819712
ck_05b2b04e11d9ae9c,0.004084709491365253
ck_31e70f2f04b48b88,0.000348637479719082
ck_994316fa5a02b319,0.001993736103118581
ck_b76510998b9a2260,0.01421446456312786
ck_4db95c310e105d30,0.0003053760054218433
ck_6f730b77dc6cdb84,0.002125343296196011
ck_2493ee8e7b91d304,0.0289084147076697
ck_92d679d6ac7dcdcb,0.05443809514342271
ck_3a0e0200cbb185cb,0.006103489844343872
ck_0b2eeb4e00ff7955,0.01367601380717365
ck_9843d0e61c37ebe8,0.4358222239990464
ck_e61c8721e3ef1921,0.002018983998020668
ck_2e0eedaaf2980c2c,0.002000903914682949
ck_9036b2e5e9298a34,0.001655754486114699
ck_3265442528d51728,0.002688309130171003
ck_f2ddae2eb1cb29b4,0.00796534180475409
ck_6cfa71d27fc27f92,0.012322944493597873
ck_f3199fbe84a28b9a,0.019338508276319437
ck_b78d785ca3ef773a,0.0028109811349004924
ck_374865697f1480eb,0.006729740554397496
ck_06d0e4a9189302a9,0.018314158556088676
ck_9c9884b9bcaa552e,0.06016902461643043
ck_fd4cf578e87703ff,0.005704634789576481
ck_1917ef3e6e345549,0.28042841831621507
ck_e70418b00cbbbac9,0.04246676564141749
ck_a60388296a47062c,0.018911621590988827
ck_d598fe8d2c779ab9,0.003166123481753255
ck_646dc03de4c31803,0.611051148067164
ck_e4fd8cbd842b6993,0.0012472898726396205
ck_2225b555aa2a42ed,0.018769905424660005
ck_6be8ae9d78148882,0.0005708776349715732
ck_4199342d3aca74e8,0.031232933413009038
ck_779581adb573261f,0.00353124950011828
ck_bb303568b6915205,0.08630907128457496
ck_17c4296276448afe,0.0029113861266921275
ck_a60a61ac829252a0,0.0031376102967664134
ck_6ea70950c1cae00b,0.7694792545947661
ck_1abb93f6924645e1,0.013979099941975114
ck_faab769cce19879a,0.08660198981176165
ck_d5b8e74e7ca6355a,0.014857659535263143
ck_f11f7691af16ad07,0.0002800988870323087
ck_188fdf2be7c92e9d,0.5540014171568131
ck_4a103f8254b366f7,0.004899049388213441
ck_bfa17a0b1760e616,0.0004162607035514083
ck_a4d7f6a5869d440a,0.8411275588062835
ck_58e20f5a3e7f11b8,0.49887256934900553
ck_4becdd3d2696c7ba,0.002567094400101618
ck_dad5cf32ab9f243f,0.003119607949423777
ck_7d9f73dc7c4f90c3,0.1357817222746946
ck_c19371047a2d011d,0.0016136373133357525
ck_247589ff532f7aa8,0.001240751490316752
ck_7a9f241d5f082567,0.0017283441688951476
ck_0a2b7078736b4dda,0.0002878773535828753
ck_687b412e2aac7eb6,0.012397025119656015
ck_fce0b6855886a0b8,0.001305711134383416
ck_e291cc60920456d0,0.0697509836181707
ck_04219a7ea798db51,0.04427795746235185
ck_286bfd719836e9f3,0.4301233959292473
ck_55efc92394fee232,0.004476397010031813
ck_e36c8da1bd359960,0.03329919299136551
ck_34b0988a97d96902,0.004744328812031527
ck_e0fb11fc9dcb34e6,0.0013915287680671554
ck_bcc9cbc9ed8b7c31,0.0028667834295759724
ck_3df8da6f60a89a5b,0.005585728002339286
ck_b1495ee5c59a6b28,0.00781529506950746
ck_58f4c3ac61fda129,0.042775023118422094
ck_735f244b99e3aa8d,0.0021598850313834152
ck_6b93bd8abf87b1d6,0.6977331997515523
ck_12107dacc6d05bd1,0.000686382012186583
ck_f96db2a1f3448d1f,0.004178524862986968
ck_8fd91a3c99e19097,0.007673394443162764
ck_910205d25388a0ae,0.00020565959255283201
ck_d229dfa0e4442628,0.0004869825353439256
ck_7cdec61e1c488798,0.05189991299959921
ck_f66f06e24ff32671,0.012538991606001113
ck_350bf14e90b503f5,0.005274704473696724
ck_61fff5fdaadd394b,0.0013910005022745669
ck_e934f984bad2ff91,0.47027854805587055
ck_ff6a6d3547dd2d37,0.006964948792754643
ck_65ad9b15979e3247,0.006942776491009735
ck_bbe1a2ea5a403ad8,0.7166614465287171
ck_6f3a28eecd2c4031,0.005585573114330411
ck_a89b66665714058f,0.0006947623573366177
ck_918c92182b6817cd,0.01103042449758632
ck_64f5eb4be9e7b8fa,0.2807808988667579
ck_d021fd497ea35fb2,0.01727095004827147
ck_004de16f7d8a42ae,0.008195875870910882
ck_a33d2325f86ab12d,0.0006647442906938649
ck_89790ff26c844bc6,0.021869355700083654
ck_e6e7257377c37b28,0.1344226466933533
ck_a2cc3910a641a808,0.5165505872986647
ck_646e270e0195bf05,0.0026551641538316724
ck_baba5d66def0d770,0.13433225890161973
ck_67cdcdda3033842d,0.024263462823985473
ck_b5c3075c811a2216,0.020352060201168417
ck_515379973a8044b8,0.0011794251735917725
ck_c0ce85fb4109567d,0.008561783965305231
ck_fef850553862aaca,0.0007131694899760217
ck_55d7217b0aff9fa2,0.0032009106095809816
ck_8e139f8925ef7968,0.000859194633784967
ck_9e35b908fca1e4d7,0.000711183393018658
ck_59735f4ab2ad3da5,0.01479726099580929
ck_dc569c1167ccec0d,0.49059884922330543
ck_1dade5592f90a15c,0.010460989705064396
ck_793048d11fb8b328,0.04941194039099313
ck_545b71eb4fa594b5,0.0011865227007937934
ck_bd30853e9a57b544,0.008183372068404655
ck_59f46321ecf6d306,0.0032901072628904494
ck_260cfe9141d249f1,0.3226815338747376
ck_3365a0ad1a8aa83c,0.00070620959444258
ck_b0ef193195a2138b,0.0006732627996959743
ck_0f909705e2e60f2f,0.0010688796311472896
ck_5a540b75c866166a,0.017873936956479864
ck_87c26b2f41025109,0.9189027233420579
ck_27acc9f320cda104,0.2107085314208236
ck_a27bc31eecd9cb9a,0.00715032025828481
ck_115d86fabde77b65,0.00036116536118875717
ck_eeca179341d56f8a,0.47500287965774873
ck_8e5999c436cf037e,0.0008919972465345297
ck_510e7c5df1f95d90,0.8648213178125754
ck_f1acf73363925958,0.004623127242988182
ck_3c177f5970b68bd3,0.005279486477445215
ck_9cdfaa1c30cc9d32,0.00019278536451933814
ck_c8efa1538b37c359,0.0054519464692197265
ck_a8a2e296f9804bd7,0.012950954393896383
ck_91a0ca45f429568d,0.00415117277637281
ck_5fdf8a0bdbd3ed62,0.015038363903609714
ck_0f4e2ec66d50da5f,0.0006831756394092638
ck_28c53b214b2ee882,0.22149984166160114
ck_003148504557f720,0.11275298940421746
ck_01d840cffb870615,0.16750169983482452
ck_555848d51f4b5f35,0.007037031037621161
ck_df20cc23b8fb8e22,0.002094830277542962
ck_f9604adde929beff,0.0017232130651305638
ck_d66952b03591bdec,0.00410994685135797
ck_ddcac1ab765ff61a,0.012788198997400642
ck_347386629d96c664,0.003585584361855808
ck_ab01db9117acfe3d,0.004501175954602211
ck_58e5359efc52e0ad,0.0016497689850380256
ck_1a524b5cc8da71b3,0.020196453332128085
ck_e9287b6d909d731f,0.0012421605331402743
ck_bb41a66e3d90263b,0.3897184138996441
ck_e95c8cc1864bd584,0.0019504434869487247
ck_7a3f2961e9a8b6dc,0.0019268579953856365
ck_378a9df82b1e0bee,0.09993774132398646
ck_42633573639a3f02,0.5892208380514841
ck_2a5a4c18c2c7274b,0.007369569136284347
ck_77549c1a41f837c3,0.003197627777548315
ck_a26704b5b26258b7,0.003095929406536643
ck_9874ad160efddf50,0.0005944374474842995
ck_9111e3a04b14dfba,0.010004750961934705
ck_651e076ee43aea85,0.007748904502153339
ck_391639c0f13932f3,0.00047563728710195663
ck_02dbabda93c8c13d,0.029637469099045168
ck_0adcb1fffcb0a34b,0.009830305171767598
ck_7a43ef9c7b1c67b5,0.0027478619805651897
ck_4b9dd69946438d0b,0.0028991530274807293
ck_90bf017cdd37b66e,0.013749500270131089
ck_61c74163eb36556e,0.00599656413120956
ck_13376c59b5bd6943,0.0009520264506253491
ck_62337eccb1672737,0.00639396339386959
ck_16077934338472bf,0.0026885323647755964
ck_0d4dfd93086e7330,0.0018620694333872508
ck_3865b7525b910893,0.007398398953427266
ck_7e2ae8b69ebd5675,0.0006567761021176634
ck_b4384b6c11766ce7,0.0047902133038295915
ck_3d7fa32dfb9fc692,0.02348097953702047
ck_f4a6a7cadd6e0603,0.04997139943308034
ck_212525e2828a6c45,0.011179136471476907
ck_33ad8d53394ba77a,0.6127837612936572
ck_a5051eafe8b51224,0.0054440997360838475
ck_f65e5ff7da565f91,0.0023638215520960016
ck_5c37f7563fa7591d,0.0017954608954294793
ck_f1e0a006068aff29,0.036067780132098
ck_c646cdead6fb79d0,0.0020322451215747848
ck_f8b3cdffef535330,0.02753241575703013
ck_e5cdbe3aa12c97f6,0.0034196392160942097
ck_986e4e61440506d0,0.12226457442655798
ck_6da9c5912e15d9a8,0.0018999002464781271
ck_51d842e6dae74c71,0.0035969346102753823
ck_5fc65c24e0736d5d,0.876144690366346
ck_babb95a76c69509d,0.01538859193961779
ck_86a2d852a9715432,0.0044709815621466215
ck_db4083a0d043def8,0.15237969173414534
ck_96953b8945b7d403,0.009007390843632336
ck_7831ca5c31fb3859,0.12108663762086815
ck_60ac5e5f375daa38,0.0012751201569326637
ck_05d44eb1f5f085ce,0.016145108549892803
ck_432cc19c7eeaa46e,0.013032892397427576
ck_7fc513033af061af,0.019872923582031805
ck_ada6ede84c111719,0.004971311905068465
ck_6343e0d3b1c2962b,0.012780457930618584
ck_010264ae04f2e902,0.021148872413252084
ck_e9dcf535f8c289eb,0.03902902844770856
ck_37143d9cc296e6fa,0.0025198608537980744
ck_61fa051192f3e810,0.004111335478549549
ck_f9f93d1d41be1468,0.4582093499962154
ck_c4f4f28457be8a74,0.0010453740944992645
ck_323a71f9452d21cb,0.8373162385514457
ck_170f4688e0acd875,0.22741992290178106
ck_869b1878d09d230d,0.15460165043251115
ck_2f6b33bf46976229,0.0012189509036097156
ck_b11e22e75d9b99de,0.002525185718610113
ck_123d75ffb75b606d,0.0047742949791970204
ck_94295287a04c85d2,0.10140625940936705
ck_1b0434f096795328,0.0007186009843512477
ck_0a4e191cd0a57ce1,0.0009446018500109194
ck_d2fbd0df99634676,0.0017935292442906442
ck_d51df5e9fbbbcc94,0.03762608832630588
ck_2d3d7d64a6f443f8,0.01231404912559474
ck_731943c682c9394e,0.003789999981667152
ck_5ccc0c94e5e1f849,0.004494672796392891
ck_c3476080516db25d,0.011686587219594384
ck_5010ffb1c94187b5,0.0002222519448865155
ck_7ef666d67bc70223,0.01193445925566454
ck_c1b493527224a27a,0.0011257897743949317
ck_5d1e25d7acc5af9a,0.00838486784527223
ck_ec30b61cbf517db8,0.0006235506139358682
ck_79323eb5d2e5efae,0.0035658025819538595
ck_4085cd3bf2661518,0.001303652457546976
ck_2ca91214c357c072,0.12188255123785971
ck_7f3132d6be389657,0.009331384029783264
ck_e7a6b925c8f39a85,0.007743360508471199
ck_c886adec7bac250a,0.004703457412130777
ck_c3f360c2d0ea0a37,0.005717428775675612
ck_a7acd5b015823793,0.005000555688163717
ck_9d64187c0800f84e,0.00576944628299601
ck_5d4ed73b9efd7d11,0.0028093382520060343
ck_874eca6776b34dec,0.0009187643670223876
ck_96a9221a87be93c3,0.04462938926303182
ck_68dd79a51eabf5e6,0.09329130839240547
ck_8311cb6755b2016c,0.0020283509109415773
ck_16fc77b2bcf5ec03,0.9800096278278975
ck_ad9e2088a33c8c72,0.00012861986581608542
ck_7176bbc97b1e42a1,0.0035271696701880163
ck_80dfa54b30f65fff,0.42177313073050265
ck_31c54d540b128843,0.001973728167367061
ck_43ea894480567274,0.005065745484322328
ck_9c9e8a38bd5a6c88,0.017048967151276066
ck_1c2dcae19539e148,0.027900571346098735
ck_b0fa8b84e94d8ae0,0.0032191013003253013
ck_4ceb43ccd0a81c2f,0.0016181216509489308
ck_ba845332b730b596,0.0006162824929694108
ck_73d3e8c6077f61e6,0.08378149749978998
ck_b5d0d223ef56473f,0.009118908493299238
ck_949f08f8e80e93ea,0.0005007733656944962
ck_73de0b49709e5f8c,0.0018506702834154682
ck_b5935e9722a39819,0.03684497755169736
ck_96247fee0eb44420,0.0009950261578093957
ck_a6def1e4b2d57e0d,0.013485119640664126
ck_aecdc5a96321a2d8,0.010460675731192005
ck_bc61c59970f8de49,0.006674186617079233
ck_c43b4175fc9ac5bd,0.6664140409048672
ck_8ff7a9b23a55fd62,0.0017381358836675083
ck_20c99b645f462449,0.0014593641956445924
ck_a5ce2ae36fb410d9,0.00044155915894370163
ck_96fb9bf556842bbc,0.0036965558574279605
ck_b5e4c6dbbed1b773,0.040083596324300044
ck_2085433978e72ea9,0.05707230093437438
ck_2c6b174b063ec637,0.008152701428565405
ck_b20b81b88dabe28d,0.0034820486689505835
ck_243c18dbf150831c,0.000698597695871682
ck_2bb6a17e8eee35cc,0.016570032669377215
ck_66147fb994495396,0.03344177567180296
ck_73f124f075ede0fc,0.003610916876040419
ck_2e315f1b1e533dab,0.0015252828010719989
ck_16c7bf94ed3e7a6f,0.00013532718036019659
ck_4a0eae220a762ac5,0.015892639455349623
ck_dc16f939c2f44ad8,0.016738669371319646
ck_817926b449754917,0.0028348941460340895
ck_0c0dde42ab64ef87,0.01114694046276582
ck_cb3a40594da6a2ee,0.032545743587085764
ck_d0dc156441fcfdcb,0.01743063181544189
ck_66f0945add423e9e,0.003675859324197902
ck_a74f6a3030f5d495,0.019658937305147343
ck_1ae460f331e49ae2,0.016165450302862736
ck_2d177b2f4f0b40c9,0.08870536726839294
ck_92e474e4368c4791,0.009213440976307509
ck_3dee83fa2d109484,0.0005770063580050041
ck_80e5ea27848069fe,0.0032534537761673863
ck_ed0c4a83701ca230,0.01782012751066376
ck_0b8b7c5c581fd161,0.0001779816308417212
ck_60bf8a2870956fb1,0.01159344782486335
ck_73a54b56a2bf35fe,0.7848702765003587
ck_2296d7a563424883,0.0035021280502788178
ck_bc19c383560c7477,0.012284735828970248
ck_861d8e3d88f1079e,0.011260731206636388
ck_3f090fc96c24eb28,0.000951217955116615
ck_9a6a1f8102febfca,0.04369428198444773
ck_541b6ad5d2fa5a39,0.03050524601555827
ck_a760d38d1bc4de97,0.0014172102532972063
ck_7dca4d7ee10b4eeb,0.0012693489171389392
ck_15220e78d1545e40,0.007755520990354912
ck_ca24bb0de508efb0,0.003505156183534865
ck_56b389627d8f02c5,0.9284236132961164
ck_48a6754977a44db0,0.0009448262054026631
ck_333a43ec339a04cb,0.013588989753060037
ck_f22aacaf86a65d7e,0.006797736582797575
ck_04bd8a1ffaf3ffd8,0.00034507516708541535
ck_2737a72de6b700f3,0.0273916753907414
ck_c35e03b0dd0c3454,0.007240856165586263
ck_e0571312f395cd94,0.01941882770619739
ck_09fab6b9825001b2,0.0011014396028761956
ck_18c3a095606209e8,0.007209904023759266
ck_2a97db9377d01e36,0.001239323653639049
ck_f29dbbfdd2786bd1,0.005493151643541617
ck_35d6c510ad29362e,0.1930552691376233
ck_5468fa99c945d785,0.005476204202279189
ck_6f8102f62c876cc9,0.029108070788356127
ck_91955aab3424ad16,0.0010682282649775057
ck_9a43c0c73a39d759,0.014899504405384739
ck_60b023af6d1e30bf,0.5471587996999498
ck_9704c5cf8659cedc,0.024245736897825342
ck_7e5f02b51b9f78bf,0.12572730492233103
ck_7d3a88d1aa649708,0.6869222458330762
ck_8250eddc1ecb07a0,0.03775033551428734
ck_d979ef95ee44023d,0.009392515466787706
ck_5e5461dac83531ac,0.0066411632643594036
ck_d1bb8890081e0a31,0.011458714301223534
ck_32246c62640648d9,0.00024356336644728628
ck_77a40c7d2f862a32,0.017516297543751648
ck_1c8b94efe9238f5b,0.0008847824970545541
ck_eaf3b6d11bc3cb11,0.0010166109228632479
ck_a4a7ef3ad799c380,0.008893384339658493
ck_d5bd8f68da073cd8,0.008115495394203094
ck_6e6258227fc8db7f,0.0003578664253530737
ck_c35d444e05799db6,0.004529204244571259
ck_74665e1209140ae8,0.004514629875103014
ck_353a272478f7e903,0.0008767915313939082
ck_a2c9796ea229a4e2,0.001893090548988065
ck_e0171f91cb3411fe,0.008574582734338294
ck_703499f5410280f7,0.0014279626866866102
ck_ae3a763997f8f385,0.0759485835734146
ck_f7ff94c3df5ac874,0.01718279549932362
ck_f3c16d8f747db046,0.009157739137277705
ck_7ef019ed77276496,0.0007581268965298431
ck_d6a4faadab58a3de,0.0011124669242530713
ck_ba7b78d31d74c794,0.008403508804009632
ck_36287d063350ce9d,0.0037639169172464714
ck_5177fc7137ff26ce,0.0006108640722687364
ck_dfd4e79aaa967b63,0.0007101226936021814
ck_fb44d15fb93a7157,0.0061657023974338344
ck_fca478361870a4ca,0.0034774744925810557
ck_e57b94fe57341058,0.027931494156809462
ck_5448c946cc4758fe,0.00864933043322827
ck_c5ece5ffb8800ad4,0.0019829617578659598
ck_11cb98211b2ed134,0.6769142102141044
ck_f655399ac75c4450,0.0020836861439798415
ck_c817259019588d30,0.00967777900667789
ck_8740a14d8096c6e1,0.011243752400173583
ck_0c5ba86f4e05b38d,0.005183571108605536
ck_ccc917533d4b73d4,0.003966148700928043
ck_9eb80edfa43203de,0.004113924516215375
ck_d1a1cf4cf61d6801,0.020172019715939352
ck_b17c239f160e6017,0.003471049468051244
ck_410c3e13b48e0415,0.00022192727015043478
ck_ab553954435e8854,0.6677556121067344
ck_bdbb4230c91e1604,0.013036311110359952
ck_8fd4937eadd64fb6,0.0032141753788496427
ck_e0e90b196bef3c11,0.0009212749825294271
ck_3dc4d464386f0eb2,0.187427950769387
ck_51bbbf8f8e8ad005,0.5942089350106351
ck_c05737ab74cf03c6,0.03193019707496493
ck_dceabbe04d99afc2,0.00032412343547490245
ck_5b86fd14e85bc9c7,0.2443801941583351
ck_d4febf0083800424,0.006353346379969589
ck_77d9f86dcf251739,0.005516307530263235
ck_b4dcebc543deaafb,0.011944682531082591
ck_cb856e75c949b0cc,0.00013870914795864652
ck_61b067de8ffc1ca1,0.03444555090674256
ck_c0e8560ccfd9dd9d,0.0024379134956211412
ck_173e1198c341087b,0.003004452030458595
ck_b4d55bc809000276,0.01664256222656612
ck_839bf139296b5cea,0.011311302381095055
ck_78cd402a2a4f2e35,0.0011566263201691139
ck_c2925c50ebacbdba,0.0020161333243839926
ck_5e3bc76eddbdb0a6,0.00024437588792860127
ck_b7793edca26fc512,0.01001137924192526
ck_d79bdf04d6f31cd5,0.0027721078883479857
ck_4b97d19ed946f503,0.01905031051779652
ck_37139b41c5370523,0.10206397213946887
ck_8c346eeefa9ce692,0.004177083477504365
ck_2ab7eddee2d8c49e,0.0010333867142042642
ck_29da59ea3bffb9d8,0.22715777506791074
ck_c1d05ef0ec6e4be7,0.0012147481909357827
ck_3882423b449f6291,0.26588146723410083
ck_5647030283171ed5,0.6338318783669854
ck_efbdcd9c181e72ca,0.0032168727861966386
ck_192fdad892782daf,0.10574458210846858
ck_0bf2e13b9f2601ac,0.033863628406313566
ck_3d6046a533057795,0.0050659153347248275
ck_279a1d3a3836e5cc,0.0027713048327611266
ck_c375e929becde422,0.003943382582483651
ck_a59e90219939a1f0,0.0014328309012006666
ck_4e9fba1ec54c3ff8,0.0038014069910113444
ck_bcbd8588a13f5eef,0.0004577096725611866
ck_5f9a7ff990341bdd,0.0008721738352985358
ck_e0403d507519b7d2,0.01758721577390672
ck_c9490cb61aff5112,0.017359132597309253
ck_41dd44308e6a665a,0.1062821649398283
ck_76c23726cd7ca947,0.0025517258312369017
ck_9be551300209fa83,0.0036750852050340356
ck_a98848eec6c9581e,0.01090848075174047
ck_61176dafb33b2d8a,0.31347855565281496
ck_92de019e05971ce3,0.004715932250638695
ck_5d644224135d7c65,0.0029848166957161895
ck_c767fc454fa215d0,0.0021718333204136446
ck_5df85a8924e11f27,0.016881548635281164
ck_da2729307af06ed5,0.013320591876615379
ck_7c6b577174af7a78,0.0010356232166278982
ck_893b8afbe11301e1,0.009161910463381889
ck_e06f6fed020ae014,0.0010123879291476883
ck_386680372fb54857,0.000782278121927555
ck_7a7f3c4fe0c9d2ca,0.0010925487680083785
ck_f908b527c4db422d,0.05258051642652224
ck_ec2eee6a133e9a6f,0.029406528196194152
ck_d98934f9fe0b02b3,0.000865602812293066
ck_398a1ed77b0130e5,0.0013040630284611658
ck_d960af7a55b892b1,0.0040973429629464556
ck_4637e54a9f79e2e7,0.001219525039224463
ck_02b9f418524f6650,0.003978345865613419
ck_d4b23804cebb045d,0.0036948253891836247
ck_35b1939c48182a9a,0.0018062976574493817
ck_2dcbb71e39d64305,0.002111144762666307
ck_47a884dec960ff2d,0.00417234674528855
ck_71fd8c346fde5cca,0.022622916456186814
ck_98e1992ac8e7d2de,0.028797910835886037
ck_ae7780327e210522,0.012017172207190393
ck_e6c584b4b1ad6d9d,0.002812729696014063
ck_344b2e326a6c3dcc,0.002121658548502818
ck_9aa899a5230b0963,0.006435219440060249
ck_e48d14d5b70ef5aa,0.0064134757915158755
ck_59d380a0973b3951,0.006745099492330284
ck_11318f7c041a5ba9,0.0007055763137653981
ck_7061786fe2f22f5a,0.015141366321481697
ck_e77529651c416cf7,0.007930716769772143
ck_7f79878197340435,0.0013298326591213545
ck_b0a0fb0ee9ebf106,0.0016187718793655092
ck_70c7679199776a90,0.004651777103595304
ck_b9facd2210daca5c,0.011962053149991556
ck_9949f53c155b8dde,0.0030052179417286193
ck_1c607e24f2c4397a,0.02342662168044907
ck_aefd1ce3ce093cbd,0.00011220776035425461
ck_5a29b7018e43280c,0.0006688273861465614
ck_69eb0b2ccfbe5f95,0.0013329159440679448
ck_fe037765aa465c58,0.003744072119841607
ck_5e512ef5362a3dd6,0.002267163503227836
ck_544a9e80b7fdc279,0.0022362081398021923
ck_7825494e654d5695,0.005747078174696599
ck_f1f2c3c623553f0d,4.0029852678245386e-05
ck_52730906e5b461eb,0.5738568456934622
ck_01e0689157fe9617,0.13993774759801295
ck_9da82e567074da9d,0.006073957567193623
ck_6a17384072f904c0,0.005608753983930123
ck_8d84d771a21942a7,0.0002226645466500434
ck_39638880292782a7,0.004775306527596499
ck_7d51c86e0eec72ac,0.016386352862897503
ck_45f4c821c70d134f,0.6270854768414311
ck_0af3c13ba56ce57c,0.00040518134319338843
ck_0789a05e061b2784,0.12531725729925317
ck_6ba091eb42ffa9fb,0.09123102105116818
ck_265accb3c5c32620,0.011038771397423992
ck_179039559ff7566c,0.0344065578893945
ck_17c0a6a92b5765cf,0.003111383312249202
ck_59371c9140239fd7,0.008274130980463656
ck_f9c4f8b4ce2691f0,0.00162289332821534
ck_a2637e4872cf4811,0.047130896571528004
ck_1de43fd6c6c22a5f,0.11075611757404434
ck_6e4f31bd108571f0,0.0008533638360457262
ck_da06d97db0b18851,0.0006339420956222476
ck_e0346d5081e640e8,0.037969472705061486
ck_c1c7d4e62c9fcded,0.012055835280776426
ck_2595669e421299f6,0.006412190256138759
ck_3b6057d51fd4c7d6,0.0025594071490721844
ck_c5f8ab515840a0fe,0.004334937734691593
ck_435cb24538c6f77c,0.0742587056500113
ck_d84b5403da4cea7b,0.01676935309851884
ck_c2b61a98d1c8f6dd,0.4991802641967947
ck_c9dcd92b2f836b61,0.05968105549953851
ck_9eb5b3f5f672c2b1,0.0005781769680993047
ck_e4cf189a8d31649a,0.0015518793151082515
ck_6b114f2a48152b96,0.000935264579447313
ck_3fb95862b70f505c,0.03131439030810173
ck_7f780f465c29398e,0.0020479815196616765
ck_ee387f9da79e67ea,0.013530103969748158
ck_fa3b1e85d27af2ee,0.051566637960458274
ck_e739eaaa7a1822f2,0.014840905869862982
ck_dfa0ac11fcb1dabd,0.001191821442253009
ck_6e8751b571ea54d1,0.01732974333179091
ck_2d695f8358383092,0.00638562589689261
ck_e7dce27edb700f27,0.010315207459757827
ck_e322da8b213eab52,0.0009023430025270011
ck_d0b32e039abb8200,0.0042423386130206395
ck_b354003302b272ca,0.0026714777546645225
ck_f7485cba392bc294,0.2252431356905823
ck_d6a290ff8362c7b9,0.0833341039879436
ck_c56a44fe315c0389,0.002402395792838752
ck_f77dfe6512eae322,0.010132352506756218
ck_35fe969c58b9e70b,0.07671606521316483
ck_4c518637db2322d5,0.08116306397300721
ck_cb61902798ecc4fd,0.013543948730282014
ck_56e6cfa32156a916,0.0016422095259408433
ck_343e6ed2b9d35c01,0.0005881018699316293
ck_51440f64f7250ad7,0.018386359554917256
ck_295bca29c34cfe2e,0.05836394453440661
ck_dd30558576b45e7b,0.00174970901439437
ck_3a30132a57181fe3,0.007935762054834846
ck_4a733aeb833406f4,0.0033213994855828847
ck_1b0b7c3d35ab1259,0.09915449543998654
ck_962c3bbf27cd4b80,0.019834213756694558
ck_9528e1d6b1707870,0.0031961962209763467
ck_b3263e7f31aab45f,0.0034510926658142885
ck_e69195a3c885053d,0.00018041004487705258
ck_a907fa8795cd4baf,4.452994492749716e-05
ck_205c3405045bd835,0.0034844879912135003
ck_e81fc223bed3c46a,0.02505480875782191
ck_363751deae40edfb,0.09605606080493918
ck_6176baea8cbebbb6,0.002923717679362468
ck_633e6579f5c74a5c,0.4766680196653118
ck_ddc11fc481eef58d,0.004781979905262378
ck_e975002c979e12c7,0.021005394170275138
ck_8e039b23acaaac00,0.02066324636860582
ck_1d6990d94a4d2ad6,0.006351448014458507
ck_e7b583acaa3171a2,0.03046298631033712
ck_c0133f60d39b2fb5,0.008159959617822113
ck_7d6bff85e7a694bc,0.0004798332020575832
ck_d305b4d82f63f647,0.001238415592770334
ck_22bd0fc71f95e048,0.025104387315939468
ck_9a65fcfc7916f93f,0.0004257344266834492
ck_d61c837b0106085a,0.05265043120506439
ck_be86a1db08dea456,0.009825044565483082
ck_90489c405e6886d8,0.001189709597686091
ck_0add2c321d579d75,0.035204124759221404
ck_482dea6eed92cbbc,0.003037986643167324
ck_c24b47184534cc2c,0.8083656762552068
ck_fa04ac31e596e7d6,0.0010265378004334247
ck_084322dc5a3a86f0,0.011670193039103511
ck_ccb72a33cc1877b7,0.007571778981306669
ck_afaf374009d3b248,0.002928454130366047
ck_b53084ffede19a8e,0.0004037555963720795
ck_4760216154c8cac2,0.5211674169268269
ck_37ad3a65db673e70,0.003596389024557286
ck_0c2932cc0d553694,0.003033705820763386
ck_86b853c52f20fef5,0.0016470865849587037
ck_38703b7546d35a80,0.009168129454756615
ck_218b7e6e6dbd2da0,0.00083213314812623
ck_402db4184982fdf5,0.005095078390660983
ck_f917c82af80e4a79,0.08299232563530298
ck_3c6417a233c68c73,0.038927107675263965
ck_98068c397d70dd3a,0.015471807961882309
ck_b1cbd6679c0f8d95,0.01206451650948261
ck_9e962f9bb0e7bac2,0.001817187621796443
ck_b08247c3ad567d92,0.39878452453774094
ck_3ef7a03ebb81cfe3,0.00023746563443705285
ck_5d7ae0e3562e99bf,0.050919021698678395
ck_c91a628236baf91b,0.11648452000572769
ck_7f8e816ca51755e3,0.8062436760476742
ck_5aadd286d188f5c3,0.0011498043225645516
ck_a037aff5f8128c73,0.00020257128702872552
ck_5df6529ce8290906,0.00081832846849992
ck_5f3609511443e5a8,0.0028229704702224722
ck_a6f61864fac3c8fb,0.0015986683596476113
ck_2733fc6ba23ae46e,0.001856233277771426
ck_22bfb9246646eb41,0.7748384697231643
ck_bfc2a57d8fd1610c,0.395637913349351
ck_49839e761d0e74e9,0.005139735465056439
ck_aa4ba931dd37481d,0.0007850987064394046
ck_2f9fa0d61829f815,0.00838079038043311
ck_5b82c774df10d49b,0.0003701653183805575
ck_411219470d0a195c,0.021737268636019706
ck_d07485ba10514a2d,0.3847772521362612
ck_219bef979ee21bdf,0.00044616305869763694
ck_eb1006e7285184a6,0.029581883530468724
ck_fd242b18575e3063,0.05950487627476745
ck_95188150ff059c70,0.036122263231194114
ck_a9ca2f447b984a6a,0.000651836672471674
ck_2dd39723c4088b64,0.0008748974901873518
ck_aa2b4c662ff213b6,0.009009607227614713
ck_1867b1199c864db5,0.010245164799744197
ck_850ec97a5a0dab9a,0.009268642318415333
ck_562320295fa35875,0.0013369507193830873
ck_bab5759b07fe2bea,0.0010302139373810095
ck_b9f1465d803e57b2,0.03129106073194111
ck_8f21f2690c32c691,0.03563126647894717
ck_df87d6f61a63eb21,0.020373695088734555
ck_770475876d0e7e6a,0.004245643970931373
ck_b4c014d5c0cc9eb2,0.002998917518658214
ck_3add4d23124c9290,0.0037562669899108532
ck_bce5b7fecfb6264d,0.10658855044651662
ck_604c17cb97dc89be,0.020721671245707382
ck_e52cbcd9aafd26b2,0.0008376762968884308
ck_0ac9114076f5bf3d,0.00240178058493158
ck_dcc125b178b79566,0.00044946835228250505
ck_4e333c09f0c37dee,0.01387603312481699
ck_ff7e31ff8ba731e5,0.0027752439934352895
ck_8d0532d24f1070d1,0.0003432411071769481
ck_3689fa41748a6f6b,0.09864733668700054
ck_7509eb97c1948b16,0.0073915811226184635
ck_a9161cf1ca22a6bf,0.002706564139358629
ck_bed3e3db135b782e,0.011395707576285066
ck_9040edd974ef8e3f,0.4338250920576445
ck_fac32d76ed40f683,0.010125111291660344
ck_3d7b1078e2d57c69,0.0007647781825001027
ck_dae09c4e074af5dd,0.01979211026983611
ck_fd84507228467b40,0.016255126424916645
ck_e2a2ce9b8cf44c63,0.00610353589541155
ck_cbe716f351d660d4,0.0036020877063043864
ck_cba4162ef29a6d27,0.017799529005672346
ck_4f1e962ff8a29732,0.0014911104189224904
ck_39a81899dded61e4,0.0005149923406819142
ck_25382331551d22a5,0.011226236372275968
ck_6d64e1c07b19856e,0.007885436199491216
ck_165a868bdef28ad3,0.022682631322798585
ck_88774ae52e30e877,0.007536524990299043
ck_fc7a9d0643570053,0.000365374977897713
ck_c2017120b3b88a46,0.004827383180966348
ck_d115ac6b9fd62a7e,0.0012659632738705063
ck_439cf7d51ec7de0f,0.0008004678933475825
ck_2468a7e9e68a0927,0.0014462385099564042
ck_7c418947124dee8f,0.1032589030939177
ck_fb0cf32c4a56f740,0.005428219761287365
ck_694eb6c43193afd4,0.03267140563321226
ck_993beb188dd4abb6,0.011618959111822674
ck_77fa39d3b733c226,0.08065818436219756
ck_49969a9abc47cb69,0.008705314112873948
ck_d3f44bbe2f7e9b2d,0.01849468478598633
ck_fcf5b8216d0c18ef,0.00046594752160183245
ck_daefe1e2d2bc362d,0.000853586141954715
ck_9c9287cb28950eb6,0.026287003197561443
ck_c1d1a625b885a975,0.0034691668980287166
ck_71b37fe47490b4ba,0.0005508280164788963
ck_5d16e257c0635f7e,0.468052977533591
ck_15918075563eb074,0.000934216380011675
ck_9a15fdefc47e8d11,0.004073234774000015
ck_6f04d047d1dde75e,0.00023019032500500768
ck_1af2c0b3b8d202c1,0.0021585635940841847
ck_174be2231c5fd2b6,0.00014311465388175778
ck_bb0713a2a1d65982,0.008279866694162828
ck_0daec63bd5b0729d,0.01168223393318682
ck_c0b5cc3e8ad2ff44,0.028776924727217042
ck_35bee1fc12664644,0.07508623496108928
ck_a1c7cf63467df4c2,0.00037832205489140316
ck_ecb1e15f0b185ceb,0.03549815341203302
ck_f280d31f54a4710a,0.006264089881083482
ck_30f4b2ee8abe1342,0.055501930042434026
ck_66bed631354de5b7,0.0031119850055208636
ck_c2d3ecd7278eba2c,0.0008075666025757143
ck_e901dec0e09eccbb,0.001174287130710056
ck_5d038ecb3c8748a3,0.004600404381733808
ck_283c5bea94b21e80,0.0027511055290951668
ck_7956c251b85f009e,0.6047851079480258
ck_9f5f81d771146aa1,0.0003031371871504628
ck_9323e6fc1e168eda,0.5720719223436069
ck_10495d3a635b8d69,0.016056971750753178
ck_1982d571cd36eb0c,0.00513582417694459
ck_4f5d7985bcc2eda4,0.0008946998706680216
ck_7df526b2b4410bb4,0.021546007542781437
ck_dbb498b1a346a402,0.000403669508876043
ck_ef059997563e3330,0.004578844101662564
ck_02ec4e06709e6b82,0.0008354728565033718
ck_9782c86ba6485f88,0.000529829113814207
ck_d69de468b44143ca,0.004349503865712899
ck_6430a8792f400e0a,0.001596467973490589
ck_8285bd3c90af94f6,0.0030037012849511453
ck_985c9ca112000e9a,0.00876291678756584
ck_e679fbf4f4f4aa07,0.005371291996626343
ck_016e8c8eaf9d511b,0.019514461991089915
ck_bc996c523944644b,0.0040029698209799736
ck_5b8315726f6204e0,0.01011991531926575
ck_78181f8e998e442f,0.0025523773956594876
ck_71c68dfd011dbbbe,0.40698567401160324
ck_db32c95ce2b6f502,0.7579349382941616
ck_755010362a9b1bc4,0.0004593278972161551
ck_114141d85256c9ff,0.00032249276270665246
ck_9d1a5cf5a3b87e48,0.009283048267311439
ck_ab640420858ab5c4,0.06809608204863025
ck_97a8dac48dd62488,0.1338357884489507
ck_879cc3166fe1bada,0.0009264381336505094
ck_b0ed11080076e381,0.002875446550637901
ck_7334a9ec656263b2,0.0014812265189389619
ck_6494f0ef13ce44d9,0.0014157167966480219
ck_724e459b9ece38f4,0.010504949397129341
ck_7fd8b1470401695f,0.47705087647679073
ck_292f81186358b0fa,0.00414814585731578
ck_fa7de64d37287615,0.020191774581993508
ck_d00e09e66ed6458b,0.07868252652133165
ck_b8d210e741be186e,0.0019216619908349177
ck_3db59982cbae4410,0.014650713864754361
ck_69887d0a9aaca6df,0.0002998906658389411
ck_4feb21e2fb0b3977,0.0029262553272766368
ck_08c6cc1e143475e3,0.0013189336839204038
ck_fe6e168cdbb46b9a,0.016086392442469868
ck_07f1734be7fac56a,0.02207218114172072
ck_d66d59981307db93,0.009485006027292475
ck_f928dba0d587d7c1,0.0013086624886803012
ck_786448fe3004cbd0,0.0013331527100918644
ck_29ea329fa40ace62,0.006755119939081837
ck_7ea52b6f27edcb73,0.012341437299012017
ck_18bc51bbf3ef198e,0.011693163328119796
ck_44950df09ff14ded,0.0004995550171203281
ck_c1466b52c0a10b93,0.06061515719928847
ck_6cdac067cc4db5c5,0.030021829595849103
ck_53f55c6e8cf2d432,0.0012021879943101845
ck_95945f48453ca532,0.012240287667799287
ck_87cce4126e215153,0.006157755676850526
ck_1ecd5516c92caa4f,0.0012866725363650403
ck_819b482bca14c068,0.35534601685603084
ck_a61a879dd46fc9f2,0.0025563883589199694
ck_af70aa32c009c3c9,0.001446095778297283
ck_f4fe78e249092ab1,0.014200300787788472
ck_12c46bc52bf45b36,0.015836394266510984
ck_f05f5e4b40afa52f,0.048603716056621615
ck_0f8cb09d3f4fc980,0.08626968934230811
ck_80a64a7f0275a71d,0.022742305394506994
ck_683af7b1540a0b22,0.01433479919251844
ck_51fe0b613c076cbe,0.0009169030075120414
ck_da1a2450219dcf19,0.02174505198221838
ck_2a7eba01ceba6c2c,0.01960785558967594
ck_4e329e29dfa743ea,0.25540595610714867
ck_0274d881d6db82c8,0.00288024646291235
ck_0af5b7d128035b35,0.006589922412296924
ck_ae0a7be6b0a0ea68,0.006828123080630961
ck_de5bb7a4d091386d,0.392160844700169
ck_2bb7c17168a9d17d,0.00774507417975101
ck_0ffdff7b2f5fdfe4,0.009049006499552467
ck_718a8390b3d42d7d,0.0031128853118190776
ck_7c4f12d70f184533,0.0009358540465871237
ck_d3e2c26b8adff099,0.0038732686122754313
ck_ac9d3d9754104cf0,0.0007185750546849853
ck_3b1766a1d51f8f0e,0.13998050353582983
ck_a9bf75bea912027b,0.007575734618501375
ck_687eab3ffe1f8cfa,0.029094225239683795
ck_25dd0b02af5b2f37,0.07012072913052743
ck_1747fcc466f0ae38,0.0008098332958782614
ck_f6e9d14dfb6f3c28,0.015134442572327296
ck_c6a7bbd0adc4d5f3,0.02601563277106247
ck_46656a23f4456d22,0.6427270458426234
ck_7519260415c2998e,0.007476447898541667
ck_754f30ea19df857c,0.007268943373056371
ck_ba88a244d5f7380f,0.00580166220551539
ck_f268416945316815,0.008806442373196131
ck_21860dd2159dff28,0.0019259803534152963
ck_7a86ef4e2beaec38,0.0007205867729006951
ck_0414507baeea936a,0.007217828922247924
ck_60796eb60fc3043e,0.004882396266911086
ck_1e0841ed17fe0562,0.006233931386525158
ck_0d641d32658d6e0f,0.0025504244305026473
ck_b36086ae6d87eec1,0.002134375321409375
ck_962e65ab33b5c311,0.7282097553258435
ck_b046a42684468e63,0.010593752564899325
ck_ab3426435b0017d6,0.003421941350881021
ck_fcfe06e44d09a344,0.015903950752798712
ck_0f6d916c92189516,0.008555640522579209
ck_d4c8f0d957c3965d,0.03080394202221203
ck_2ca83dbd728af019,0.004773635760979234
ck_2857a4ce9f72fbfa,0.003174087483630506
ck_a60e6edc48e3d0ac,0.21611256373566812
ck_0cbd3b27063d4415,0.028823428750460456
ck_612089ec90c37219,0.0060243338329233976
ck_ec4e597f17f473c6,0.0025390930053888474
ck_1c93cc58f314bf71,0.006031930188701339
ck_2b359a979520276e,0.0013307302367254858
ck_1496568ddc3b2d56,0.006699400788356186
ck_41d91dc9f5063566,0.017149988921638715
ck_4c5ff58afe3d7a67,0.0006090945743542801
ck_81709736281fa3eb,0.0009943216410329108
ck_d89abbab3d4957aa,0.0030810878389975686
ck_52453401f88935da,0.006347560896409391
ck_a477654d34783e06,0.001597368378493834
ck_72dd0dbdf808cb00,0.0033463271571433193
ck_c183dff3781746cb,0.2134041520744014
ck_c8b7f241810b45e5,0.0008941890091207287
ck_f88028c3f306bc70,0.0060767037211727605
ck_91d48d69e4f5d9c2,0.004280138097397521
ck_b74b9ba6d7c9aab7,0.18232600827253564
ck_03e904682dc73bba,0.008144930425928365
ck_fc6fed6ea96a004a,0.0023493427813752743
ck_51efdd240e34c642,0.010338202241057722
ck_e78ab4ff52b5fd2d,0.003472958335432921
ck_4af7b97c24d89a45,0.040157173175522615
ck_295c0072eca7f7a2,0.0036657240499736368
ck_8abd1a50a9227463,0.010269051915239025
ck_ecaa6f13304e3dc5,0.0003477061362039564
ck_de436e7b319be1fa,0.9978110958318185
ck_c802cf8f61466027,0.0018187330871959966
ck_3d83e0a3c1cfbf8b,0.005905829326019891
ck_28d2003c2d16e4b6,0.000574482210859282
ck_8ddaf745bbb9cd62,0.00027550969104095824
ck_493b6256091014cd,0.04279974225220018
ck_a2245822cfea997d,0.0016697550390309423
ck_f7305b3c64cf8a03,0.03207208639888258
ck_9937dad93a0ed3c1,0.0037943772815272753
ck_d654449f9231ad76,0.005095265879058356
ck_850e2b59bc535490,0.012305383919955455
ck_e55e5bdfc0242aef,0.005497826499777349
ck_d35c51e981b98c5c,0.0011119950299656044
ck_27cdf9c5e6f0915b,0.003159169384487862
ck_d328db1e1052d820,0.004608262976924242
ck_0ea30eff5f361cba,0.00598502922018016
ck_9994323f97109f4b,0.9201652697990987
ck_09054e97bdf9624e,0.0002518267586072946
ck_723b4afc388113c8,0.00418031245582154
ck_588f6e6a6a6d93e8,0.005902924311937866
ck_e1d563fab4d6116a,0.003888962357709971
ck_53aca610e20598bc,0.0059434562805054224
ck_c8131ddc7ed33448,0.0024302860412202367
ck_899f88464305824a,0.01986127919146075
ck_1c17c65804f8889e,0.003441440779506682
ck_45a16ce12893cf9b,0.003882409121761454
ck_f9d481aa4f9b2808,0.525228052659419
ck_1d5d74169cf892ef,0.0032979192602113124
ck_aba32acb61c1aaca,0.02743669947494373
ck_ec4dd3675a8d28cc,0.006867663570386634
ck_5dcd443fe0bbdeac,0.00016796022324167556
ck_3a47e3f54475e854,0.0012684366636101449
ck_a9aa5c344c315532,0.008287586753126703
ck_9652283c9f61fcec,7.428382309685799e-05
ck_752dd3d2487f78ea,0.006208217328215962
ck_a821980ac4db9943,0.28520756645647516
ck_93e0d6befb67f7a1,0.019917637394278768
ck_e7a3881c3e36bd51,0.24440476086060903
ck_12631b78f8a03df2,0.0008263680516512017
ck_57b8226610b48854,0.0011003961894492365
ck_352657008983fd4b,0.01754628222765857
ck_0841a5c24fd3dd28,0.006263388026068475
ck_db9b9d5d30f74070,0.043777925099658194
ck_a9dded7f6294e44f,0.0838701675261395
ck_91a16336ce3217dc,0.011770509965499006
ck_371bd9388b287677,0.000365991578800421
ck_f285e5e1912a7c62,0.0004718720202550027
ck_368b65fca69fc415,0.044914312672116874
ck_d27a73596b6500c2,0.007480833350858804
ck_2d963f9b2c4d11e1,0.006782211035990901
ck_7c500e219af39486,0.0020311480881885463
ck_7d025dea5951cba7,0.00449208627603675
ck_32f632706608859e,0.005208749277896047
ck_53816231f3ffb48d,0.0012009486709982985
ck_9dbe184e81c1ca8d,0.03786619437051372
ck_d74123617f22a21e,0.006155407504093768
ck_275386782b1606f8,0.0005058053756797378
ck_0b0e79d33e50cba5,0.0015812918218748447
ck_ba93cb604f792915,0.01774595137633446
ck_a86cd653472eccbc,0.005961016706860735
ck_87771861e0447210,0.039553597789474024
ck_212380e0371d8a6d,0.0006098717361153808
ck_ef0d702d7b0ed745,0.0008500105766779621
ck_2b8f33e22f939372,0.8822230676398493
ck_480347ad92037105,0.005274664745015987
ck_20124c3a16c53ce4,0.0025774876007295298
ck_c9e1e3229baae708,0.0029998974951594044
ck_b1befe967f7a5ebf,0.03077310628274478
ck_4672167d7c989bbf,0.033172983064306286
ck_f0c44ee5e3a42e3d,0.013647523158935667
ck_c416357d20238a4e,0.002472008156942727
ck_d0f470f8078c91df,0.007291866041487147
ck_3a70b4ee59084715,0.002935591262065433
ck_179ed66cdfc1ce27,0.001285617477020106
ck_387e5a7f163c7837,0.0036692578136878354
ck_08fb463e69f647c8,0.5929268942414887
ck_732f725747393ec8,0.004530773212690327
ck_7cc5e0fa3ca5a713,0.0020438051443686825
ck_ad4a4daa826ac68b,0.20015958087360033
ck_472e0be7a3b533bb,0.01286140633941104
ck_7190177963eafdd9,0.006146508144472476
ck_647ac26c5900f082,0.005261216507939084
ck_272ae2179bbd8e58,0.0027774004391038147
ck_09b0d8af304646bd,0.0003800695461361364
ck_ca0cc8ea9f344408,0.00261543703633184
ck_332ad134fb909869,0.0013273496043503597
ck_fca2798914627dc8,0.05017660275180694
ck_4450b55f462ae134,0.00020167610832838936
ck_d67d9dfb60b286b9,0.0013136867550176386
ck_a9d2bb4f2bde7052,0.000808529509048703
ck_929bcae878a3ecb3,0.20786920229840572
ck_59a9e000fa275e1f,0.003194087777188859
ck_57f17254e2688637,0.014948087121950905
ck_0508908697f60ce3,0.09048408177625528
ck_946afc2943298d26,0.0002647176201913714
ck_7176d12b18f2cc0e,0.0072063642163224875
ck_5c47b49c26cce286,0.01180546894856401
ck_b6a2bdb2d335e1d0,0.7541298602271542
ck_1d58f6caaa4d012c,0.002819559942058031
ck_71c917295020ccc7,0.0031092908413424803
ck_bc89644ae3688995,0.002811707535610559
ck_e7c212f16d6df272,0.007545633187070477
ck_c6d2e11a368184e6,0.00131692529791888
ck_eed7f1f7548df15b,0.0027773579710257956
ck_75b69034000ca7bb,0.012726815073928286
ck_38da3bf629458682,0.0023302860518636254
ck_90114c891239d821,0.001030131798347359
ck_8ee08f6777cc155b,0.012592940765120842
ck_bd86132499defcd0,0.0025546610519204317
ck_b95fbf2b5640aa82,0.0009459529846198181
ck_c530235393360e3b,0.003525922854205713
ck_be52a7ec43241ba4,0.08260601934625378
ck_d96eb3cc55f2772f,0.01083175251378855
ck_dd34f0a844fb115d,0.08959015645489402
ck_17cc7b411f448e66,0.010193040850067225
ck_856ea65fa27d06dd,0.03204080772096002
ck_056d5f0301c30902,0.0397616647830738
ck_e662b14b2bab23a2,0.20260458071132592
ck_209f574c8d92274e,0.004292494213862503
ck_62720b81617896cc,0.00587901009705477
ck_041614694b77e599,0.0018645605147386045
ck_461e3f7b97db8d16,0.006822047614022396
ck_1b74b798eebeabdc,0.004032009321171463
ck_0ed2739384f1d644,0.0006179195737228557
ck_5a4d19f1b83feeb8,0.00027575449450638074
ck_463937167965a1f8,0.016912088352915283
ck_9d7151dbdf100e0e,0.020912952360644194
ck_20a7d1ce6cc27312,0.002574615069975129
ck_6031211ff118cf0f,0.000650985980247077
ck_a6fc92aa91e99b77,0.7419953484183643
ck_0aaaa9d2f75a0518,0.020894731576086692
ck_ec26e327cc1848b2,0.003232454836729459
ck_0e6bebf8ae9b9b03,0.008831371384743863
ck_e107537a4cb738f4,0.0025032746544625295
ck_e8ea56e122a5a487,0.013422486767575566
ck_98149ed45d38c4d3,0.022099693145093108
ck_0e719b3a6906b8f1,0.00025630197085416714
ck_0c6e7bd357e4a348,0.0004911906150245747
ck_d3b2b250da61db19,0.5227075912735323
ck_8bb6b0a292754576,0.07990279780971674
ck_87d70f5fe48a6128,0.013373014173591588
ck_ea9edf9c107d429f,0.005967362982714869
ck_059806c52cebe4f1,0.04333657470454699
ck_a72d6df666e1c21c,0.0025550073144720493
ck_1d2b80ab6c4944b9,0.004341388280626884
ck_60557f077abc42ca,0.11779274121354519
ck_e5f5cb7dd6ce4a37,0.007367500228080374
ck_4c4a939154446053,0.0031663728927300854
ck_50ede3eb561a202c,0.007154854871064776
ck_6d03a542922b2ae8,0.0032573899152417507
ck_d6fe761ed0db3270,0.004599087572948135
ck_7f0cd6ea3096f985,0.0015975742578940193
ck_23edb6d938a3b87b,0.002052583305477217
ck_799aaf9f2b9ef621,0.0017193882204986615
ck_f8f6a03613b6dda8,0.0019042582919714345
ck_7cffb189f4f514ec,0.8577264429528141
ck_c081e1967dcd811f,0.03570468393842542
ck_583d6ca78c97d91e,0.38917212503474674
ck_9332bbc7125219a7,0.003839344627269885
ck_956b5af6d7d86c65,0.40206689458347716
ck_2d634e3f24681c0f,0.011573014697535968
ck_7b35d218ed0c5a60,0.003078006271440093
ck_ca5b1057f8248f73,0.0025916637991265003
ck_ec5ea81cf813597c,0.001154437243444279
ck_eaebaf4d28400fb8,0.012029218861489527
ck_ae2ab6be219219aa,0.0004020654726548264
ck_d99a8b4c820eb46b,0.002712917454706361
ck_bcfb7ffb7cd428bd,0.004305538885033979
ck_3dd542c2d31be2c0,0.0024088472998357695
ck_c7dd84401e29a7fc,0.0012245843579884647
ck_c4bcc7cefd40f8e2,0.0004401037122363472
ck_c251898b5d51e3b0,0.0027395734996066524
ck_36d37be780c1291c,0.000639483403058921
ck_99b4f266b61ae7ee,0.01993111901692821
ck_c37f03995f0f0169,0.00046608033039557473
ck_65a23ac8e44eb901,0.00408491652498905
ck_644b1c1149eea9e0,0.00508051414218949
ck_9cf44eb0237c2429,0.0063156461457941375
ck_20541686a94fb71c,0.019462928525755215
ck_c18245be844680f3,0.006589581023719012
ck_56de216eda6b7fa6,0.0003999137092771369
ck_406c4442dee45cd1,0.00030837954418613047
ck_df1585c7d72a96e0,0.00051188650623769
ck_b8e8dba20676d87b,0.0053539835248242055
ck_0ee6965e68efc177,0.0036237632801223484
ck_c2a5c54ad8d0d297,0.017561879296898814
ck_bf6fb7e6470e95cb,0.0007080204504450772
ck_27fa694569140345,0.00020990009071205343
ck_e04166b0ce66393a,0.001371408938210233
ck_8742114f4f0cb22c,0.024297273189239185
ck_6eceeafd56b42576,0.03304609687761255
ck_34f9951b0eca1965,0.010749245796658825
ck_384ccecd342a24ad,0.0006055654138370866
ck_49c98bebd1338879,0.0009032380208697794
ck_6c26c12071c91ff6,0.003581733254728279
ck_01e5986ebb9a78f1,0.023488929839751937
ck_121db7ba3be29ee8,0.013008022774841218
ck_039e6d5a330cea1a,0.09059267824129846
ck_ae8c9163cf957d7e,0.005403446188448425
ck_3f5e8f3f1df0c8c7,0.052558257455730804
ck_b1c51fdafcd80122,0.03242765090435021
ck_12e2b5ebfe8986b2,0.00259826607803767
ck_d55eb81a4d543c59,0.0038095876344674978
ck_f85155ca5c312c7b,0.004368404886858302
ck_133d8a1ac7c0e301,0.7801997303061949
ck_04212a9bb9b28696,0.46719188534917855
ck_4cc11c7d3ca61f73,0.0010974325118568327
ck_2df4854186ec515b,0.013736256264138776
ck_aa9b28e7fc43af79,0.2869309268171021
ck_47cad6c3def4c9e4,0.00026661955648717666
ck_fbff7b5da8111567,0.0014699238150355598
ck_bd25ea782e375b22,0.026131576891486423
ck_7989376f8cf64a9d,0.005209995642859993
ck_675c0ca1ebb1051c,0.00290411376916433
ck_1436f6e11d4008f9,0.039692452726283564
ck_812cb3a4482cc618,0.00791546816663332
ck_6e606f73a1094afd,0.002056353189140789
ck_1b708e2a4a0584dd,0.010413003480812102
ck_a60d6b324bae0330,0.005281759320421566
ck_706a4f673a9fda3b,0.2663012642368757
ck_a75ece9a9044eed0,0.00106548538567395
ck_9aa45c4e03c8c57a,0.009601414386428682
ck_9fe9bdce982b312c,0.00787051602566991
ck_c6fbdc5ba68a8466,0.006513508566346978
ck_ed0cc1b1c28f9511,0.0483374510956326
ck_a4e2607b4c8021e8,0.0003336542979381682
ck_e02f93f51cc8caf3,0.0003581182312625396
ck_7084ed3cf20781b7,0.006486900397460493
ck_cd4c63155570d6ea,0.0017280183759920203
ck_d1b9e5d32d2d789f,0.0020543503762598895
ck_68f56f6560a7a933,0.0007069834338297425
ck_8bedacc6233c6269,0.009507348485738412
ck_ab7cb50407d6b13e,0.056153911449094436
ck_f17ed7e0fd687742,0.06164831926531796
ck_b0fe4b92fc70f72c,0.004205308729836557
ck_84d62b8196da2452,0.006470139624789114
ck_9e298cae167f4693,0.0009824456105822716
ck_405b20ef9ad0ba5f,0.116824303336518
ck_813e02e1ababd177,0.009010770110703243
ck_f234ab47061ba7c0,0.00020983939799940025
ck_22b587c18363899a,0.0013209015785253994
ck_4e862c2f48c38aeb,0.0019578774870678377
ck_b89cb90a420c9075,0.0018556550835962073
ck_be2251640f27a3c9,0.11835898372284685
ck_46bec0bff167ed3f,0.020030024044553216
ck_c0032232c2868328,0.005754090504551301
ck_030cf09525dba4ba,0.0017876525953225185
ck_6ecf56236789fc09,0.7091611952458863
ck_38d4ed52cbe6d123,0.02230252602253071
ck_2d923d957ffd4d53,0.002611433804215406
ck_3af1eb88728ed8c7,0.017763004537651388
ck_2f8120ca80a1592c,0.007651975643473361
ck_6cabb1a133f0b151,0.006288868473388255
ck_bb6cf7e7b707731d,0.6646954866818503
ck_c8307fecafa90140,0.005733555642190371
ck_75f968be67f46d24,0.01493399959251974
ck_df6fe4ec5a233213,0.0019990413220877454
ck_b53e88c0e927d896,0.0003110841022137505
ck_f0093064aa28f4d0,0.005404718645354598
ck_ec9976cabc63ff92,0.002476617554337946
ck_30dac0a58c5590cb,0.07915253132956705
ck_348a525791ae6475,0.020049386209468893
ck_b898d912d1181ef9,0.014002712918298736
ck_f5b1200dc6f95760,0.02412967639669792
ck_54978a073e7a0b1a,0.0025475361711031256
ck_55933936536a4071,0.0036242909792997555
ck_d6ba7ffd2ae08863,0.005712058627802515
ck_404e2217fd87fdd2,0.0007452600705025953
ck_dfaafdaefa5716b6,0.05885941293759799
ck_556c62e92d4e7e5b,0.0866885873720419
ck_7ce44f4e06d58111,0.1658836180384526
ck_465cb8ce232c7670,0.004615110412225861
ck_237508ca4fb37268,0.09244334049744113
ck_ba4a6b9aa63964ef,0.007080210026556661
ck_4802a0a7a1882c88,0.22695401611267416
ck_9478dfe4114c30f6,0.003812159222680148
ck_5138f6c575dec64c,0.013443329714831974
ck_aebb42afe430e2e9,0.0008761838399300222
ck_004efa95555437e9,0.002559638158733062
ck_11af112667c98394,0.0031454740675737366
ck_44e9a18a8645c9d3,0.001487232878026167
ck_2605fd571219e28d,0.0005792756295540254
ck_dfc933493561d84f,0.005344861301020914
ck_67674348e68d1f25,0.016108861555641608
ck_dd97429277a2fa00,0.010734980602654723
ck_d3eab7a06eb48348,0.027613962324132633
ck_0b9fcff9667ec05a,0.003026030476671485
ck_fc4bfd6e739bddea,0.001535576061175496
ck_43292f70a03ddf2b,0.026570169217298326
ck_5ff6108056a3fef5,0.005164889314522541
ck_767e0be086b5f601,0.06331275356085773
ck_b8465b1a5666155b,0.002652370140932853
ck_ab2e3fc56f5b3aae,0.012358577764863909
ck_1833c81d693c1e07,0.8202474244174782
ck_0308e0602b856445,0.0010766860055372923
ck_ccbdfe744acff8bb,0.010195143445529605
ck_b294aa27a0b586d7,0.0010905366825680858
ck_a3747201f377626d,0.9280578834047777
ck_edde1d7d1db24725,0.02636031871017738
ck_ae3b47d6e1063704,0.003578643065969625
ck_3aabf5e0f4defb41,0.006581752492436812
ck_f034adb57391f3d7,0.012433326675000972
ck_533672fb40531607,0.08540739715021423
ck_2a244f1ae08ef83c,0.007197667896597067
ck_a35d81bcc54ece2f,0.017623970824218935
ck_78a61215675b38f0,0.010464900635260444
ck_e013d88ea7939616,0.005711783772266509
ck_e5018f9418e0102e,0.01745982494882814
ck_d4e024fcda401a31,0.0006740091015469083
ck_f736cffbdb82db34,9.140023947003911e-05
ck_1507f5aa50cdf3a0,0.004991862731972951
ck_18270fee7c8fcee8,0.0019276165113358231
ck_95ffa1a805a1c9d1,9.469997892888065e-05
ck_11132d245b94d045,0.004580772669317037
ck_7b93a622e40d8b14,0.06255115541765192
ck_3854c08d17704347,0.09763352944148769
ck_7717fcb100dc4b5f,0.00487213918798845
ck_ba54e0a1c328119b,0.2990564613537338
ck_a7afdac4ecbf2de4,0.7613010154332972
ck_ecfb771ed2352085,0.0022869040444011093
ck_68be4fefc85a6b64,0.17888794090111995
ck_dac7c50bd6d0148f,0.0016068910686773017
ck_87cf36a03bd63c24,0.08672097288205619
ck_8adb40b168b59d7c,0.004816779929292195
ck_8d2f62930777416b,0.046837312994402816
ck_9958b58da9e3c21c,0.02963078364140281
ck_9440335375701f44,0.007030889545797346
ck_e2f88e202b6f700a,0.007098520895742393
ck_4c7c50684827a2cf,0.0012395752465015
ck_8a6ea4a79b1c7a8e,0.002879582229410774
ck_186dbff4b24a3bbf,0.18115422113981283
ck_220fda3c11c59b6c,0.01895005776095522
ck_3acccc69f8b1fd14,0.01656620690743327
ck_9de191bf79afd676,0.003802093811110651
ck_6de6b1663f9457f4,0.0004797238078211012
ck_062754f8b79b86e5,0.0005305310708257423
ck_aa153a89a52f7eb5,0.05297625847194506
ck_34a6bd3be642f15c,0.009588342919897208
ck_9371c700d9830326,0.012774686317636761
ck_a99e0c258ad7576b,0.0003565144786731008
ck_0a7ba51d626e932a,0.0148680854179878
ck_852c50bbba1ead13,0.05349444433844036
ck_43dc13b6b6d31297,0.055091142920439255
ck_7d81b59d615a6649,0.034089093823953504
ck_39a3f1da060e88bf,0.01776495036508957
ck_6fb2d142c09ed3ed,0.0108258076359904
ck_6e5752b87324b58c,0.0027718879853616337
ck_9441d48a12e8a4bf,0.039340200215279224
ck_09e9c51eb538b255,0.005059425058782453
ck_8d0cd981ed3a183a,0.009616860616691236
ck_57c07c45269ca8c0,0.0012875402387403326
ck_ccfc9ab888ba933d,0.01555889583074895
ck_9658a6ef471053f0,0.00135499210063659
ck_dac3852758f4ea89,0.0004242748866109074
ck_b1ed2278f5f14d82,0.023066231410625446
ck_333544d173524f70,0.0260921725517047
ck_fd4582e3853ef23f,0.007983515863058843
ck_614d936cef98db04,0.0004965804819773041
ck_6bc351a3d57aac54,0.006428010511982883
ck_af5842fa7202ff25,0.0034527310809499053
ck_81307759252571be,0.00271548782368072
ck_b4d2f02d2cd45720,0.2559596691987001
ck_1bd753a4681946c8,0.7126829327942649
ck_46d8c029d46867b2,0.0016146769001601062
ck_b7da6640fa2f49cf,0.14913910948649317
ck_9ea3d5a5a91fef9f,0.10349405080441575
ck_7b922518f667f76a,0.0001859459425234762
ck_2a5b31594206eb30,0.46029342694198794
ck_d9506476ad3f9e08,0.007562812418354043
ck_c8791f7ebd4d93c7,0.016404358503259688
ck_b5a3e20fd210017d,0.010436275634932888
ck_8e54386f4fe22cad,0.00988142759889126
ck_75296704f5806f56,0.010122084463004968
ck_0fbbc7a6af300368,0.0015033678616555117
ck_d19bf4dc0627113d,0.0006140073652732248
ck_7951bd4eb99a0175,0.0006658552878004172
ck_059e4fac6b7f704e,0.0015686501191732008
ck_2ce8931af02a2ce3,0.004533837821264585
ck_9e665618a4860306,0.0017027945672454514
ck_6fce5a893613fd2c,0.0001727716551610657
ck_9e3fbd04e3532f32,0.21719923433367275
ck_55f2ef0de3420e3e,0.019854904264047558
ck_8d87658a6f5d204c,0.29590141628664113
ck_6d6ac1f5dd882aa5,0.0005151910192791582
ck_55d0c7012d7ef236,0.0358399389623579
ck_7738eb085e5753d6,0.005843171651041374
ck_0e6e05c3cc8c8242,0.0072979442331112575
ck_8d27ff8383d48132,0.0006931568320754188
ck_9afc3bb849f3a64d,0.004081337164465601
ck_27eb86a9898cdfe3,0.0011864761430976486
ck_1d40e4fc541abe93,0.0929109309337699
ck_4fd9dc00e1913587,0.5828216250811468
ck_b26cdb2b7b165d2e,0.020091594441936488
ck_a79a27767a02e31f,0.006530382075130982
ck_f0c18cb9f951a71e,0.006905317840384662
ck_50460e0189de6274,0.3562012932731268
ck_5e5280539257c986,0.0033195790656696854
ck_eeb854318b3a6f0a,0.005800630765569376
ck_943f66f28dd24750,0.0003488087224741777
ck_984dd7452aee372d,0.06485017826434282
ck_ecaa6de0aca5e9a0,0.0031437334533968705
ck_8f1cbc432e2774f8,0.012163794393440602
ck_d91d9f8445b9769a,0.3831120053593877
ck_73c18e03e3c7612e,0.0013219522206501797
ck_aded05ada490da20,0.002321951013114682
ck_f744e208183971f8,0.0011084956454940054
ck_02d4cef6358ad3b7,0.0015528191979641435
ck_08ff5bd467226a5f,0.0004895869662148482
ck_f824b326d5089885,0.17713521023331097
ck_3420f2fd520890f3,0.012163750356560185
ck_1838cf8d00f5b1e1,0.009809998457910812
ck_a85182ad90b6f1e1,0.0005256421423367457
ck_fecb39c82c43e76d,0.0019441009797596452
ck_162513e73782929f,0.0058087667757706135
ck_2c27b77c59d8f23b,0.09580872680571717
ck_4221e07b17388fd3,0.03327522889096933
ck_adfb8472d5c3d669,0.010436601001992465
ck_0742fe64055d686f,0.000781973542878934
ck_5060aefcc8b6f958,0.0261974401464958
ck_643f549b4ac78a26,0.34295606195440553
ck_dba767885bd6ad69,0.0026709943754732457
ck_0dda35c0c64c7073,0.21722996518064341
ck_38ea56d43afa5660,0.010554027473503737
ck_d813e15ac91f487c,0.07571255530440253
ck_4c840e5585a7b167,0.12785884549667187
ck_cb8551453a7bb929,0.002858971295817305
ck_05a00b1dd5a03359,0.0010831041302366228
ck_837cc7fd48453a01,0.0026792189128091327
ck_49dd816b31fba6b6,0.37265606820438335
ck_86a61d9a39768e87,0.005854165811427441
ck_cd0e76f0e7bb38cc,0.01736268511342665
ck_dbe58392635133ca,0.042784097653652396
ck_3caec7dd6f8d02c9,0.006576522916715809
ck_bfd9bfc5b6ab4a54,0.0630855733154564
ck_2103399bdb2898a6,0.005199237106795385
ck_329f7de7279e74c5,0.0012034891345948891
ck_9bf0d28119fc42c8,0.009516642376357277
ck_f781539b1042dc83,0.002219673584263419
ck_9986c7d781ac6b4e,0.004875573321163016
ck_a627734880aca848,0.0007066435095087953
ck_2106e509d77fdb4a,0.7633599209989957
ck_420d1a9c604293ce,0.006748010071082396
ck_fce0610c527e2b56,0.029856974696749514
ck_073da541ec3f9d3d,0.013815206852593787
ck_aa5f3ab48c17fed8,0.08463130187381501
ck_0fc1086e1c9e04b6,0.0034176328329897825
ck_5c33bb46c1a5945b,0.009569051077279648
ck_500948a8d4bd8e13,0.009077063188853507
ck_19becd44f2c3d2b5,0.0023371541517763195
ck_7d0fe77dd5ddb656,0.010389688640126734
ck_f158d9e5f101bb35,0.01672185035927857
ck_cdd7c77823c2257f,0.02715091584068191
ck_6c7b41374f9b2e55,0.0041096970912740775
ck_417090dbffb1a63c,0.009287310304887067
ck_dd0e17605f970319,0.0039300517889765095
ck_3646515079e6be55,0.0022963219600109536
ck_89c8b06aa8c84b2d,0.05620329904181889
ck_e4d6dedd97233c07,0.01827147349853579
ck_bc82fb1895fddde5,0.0020757607193505148
ck_88a8b1d442ca3686,0.014886326287035045
ck_5791f8f76a629a4f,0.06657082832240253
ck_9cf5e88e97c8c7ea,0.006304995221471628
ck_58fd684aa5a6f289,0.0005298621245863394
ck_9800c21dfbd8e811,0.0036529550068439376
ck_8ae64df60ab6ccda,0.02621076719530937
ck_e535fb0f0c00418d,0.054761174669720136
ck_48011996d54855ac,0.1616136225777461
ck_ac79c72a8fe3fdef,0.028550283002893796
ck_b8cc2df5192bc49b,0.02536515348887133
ck_e96a5e1f08f8a867,0.004629615289256931
ck_84df6770549e43fa,0.00151613377211796
ck_e5f7b99ba6ec5767,0.016437482645057386
ck_8347455ab53ff620,0.0018677100684809879
ck_a84f2cdf695a71d6,0.0015713583993123782
ck_90456160115f9ef4,0.0025656109882159894
ck_ebd178b3f3a9c50c,0.00642524816057613
ck_e1140be6157bacbe,0.0006217558159384705
ck_744ffc11d32b96bc,0.002973114864345581
ck_e12a9f7d027e3387,0.0018028361711493327
ck_cbe525da0b69f18a,0.012049617416575557
ck_aa59702537557ff1,0.01629779222093411
ck_0348cc6908f7f3af,0.00012746374600482
ck_120e995d50956bee,0.05452746899247874
ck_9fcde1ff46cbbea5,0.0007839501354749928
ck_54b0b070689c50d6,0.00042366445620977636
ck_966a167758fddfd4,0.02156904802115238
ck_d5194f2e92fd6427,0.005229792336509229
ck_2ee84f3fa27f2cb8,0.0011861881486300455
ck_57d0a7eb7eae2eaf,0.020892050129403268
ck_6a2c4edd82e10969,0.00018915564402359833
ck_96e4d38ef670eaff,0.008937716755676678
ck_52cc2fd5095b169d,0.002366742447547383
ck_4b088920f3a844c1,0.05177715209826786
ck_8f3ccbd20d59f1f4,0.0002887328145396712
ck_e5e5dc431bed6f9d,0.0027786002578509203
ck_e8b5bfa6838e28d1,0.012372925917185815
ck_4bfeb78b47b7c6a1,0.02425130394788482
ck_a705c61bd679496f,0.002718190255047729
ck_731869a0c39cb2fe,0.0031053800588829246
ck_259eb102342057ea,0.01137535807298743
ck_47a6005fabc33551,0.0021653342919523656
ck_682262b455a9edd4,0.00042570142301051194
ck_e839d104854945f0,0.0002538451013990903
ck_761989aa4c47d746,0.007017768332695109
ck_44211dc210139ed3,0.0026114763537902846
ck_9915ceedf63a5289,0.09599755297829565
ck_da59ab47cb6284ad,0.0005745706087571127
ck_e5cdbfcca2456652,0.003631064994963811
ck_13f2560c6a1ec62f,0.0052574679394571736
ck_a0543e9b3abe1001,0.0518521581744468
ck_11c7a58e09e6547b,0.030852833463904487
ck_69587a134d43a4ad,0.04066531214795063
ck_28dc0de0ae291f37,0.03412550835261843
ck_298922703c5bbe05,0.012091961686287496
ck_fa5ba9ed9ed6a343,0.03850338726687673
ck_c08e64d424e56c05,0.016657537469818955
ck_598e036a28262aeb,0.03814202144990417
ck_3f7c870510083a51,0.020658257374849325
ck_364f8203a3e98d36,0.59906903675739
ck_7333cedb61506ead,0.0033604397875888945
ck_1d96d7fd65f208b2,0.0016046149934769121
ck_63133a79f23e2627,0.04061059422616294
ck_901d820e0b72abae,0.0007312789773952233
ck_5dd80b3c01457bd8,0.004025933252622276
ck_c0b8067c144ed6c1,0.007906155919380082
ck_cebb8aa8c8f62c60,0.0009944524933262976
ck_79749eca42ff1f5f,0.012641386774951179
ck_2cc1d9b587f6da31,0.14359998840468524
ck_ccc7916b56d42195,0.0015472573662095627
ck_e43e53cc7b8b8e41,0.013589288146081423
ck_4ab74a6e7450416c,0.0003807616163140339
ck_6e44024e9de301c6,0.00029957073147037134
ck_dd78cb6ae2866cc6,0.00611897893424549
ck_c363d3b050baf3b8,0.03487799732906907
ck_2d46291975f0dd08,0.0007029622294820945
ck_76ebeb5aee42f041,0.03408585874332171
ck_8395f004cf4d4c08,0.00036927718036198516
ck_de7259c3741db179,0.024676568626225054
ck_3938e92585df2b34,0.009484960909642211
ck_af69bfcf4f07d932,0.006093804227747867
ck_1723900ab9afe374,0.06243043000834964
ck_3d58628d1c853c8a,0.004736764335036975
ck_12a074db100481cf,0.03561162719776592
ck_8716cbf892c50e29,0.002444260634219011
ck_fbf7351958ad9615,0.001511223986177178
ck_a50370907e6b397c,0.04425665543875312
ck_937402a60df0821c,0.0002773439170378634
ck_8ce9c5807acbef48,0.0010088646259494684
ck_acf7d65eaaa4c31c,0.0005670835607060548
ck_ec3eb6dd0967cac5,0.016228972174896467
ck_fc832b0c90c9bdb9,0.8633382587442552
ck_8129e81cde280131,0.002532966290670539
ck_52c0ef68aa2fb8cf,0.0030894419329356806
ck_06f042e9b1b662fd,0.009463461699960575
ck_0bf35dcf7b38f650,0.000436389537341024
ck_615763afc2e17a7f,0.0004386988929206338
ck_e72db9d4b2fc9997,0.9168092992781244
ck_13757bf0eeb353e2,0.001201979622125395
ck_abaf371ec8249c4a,0.05145481338019501
ck_9b7167da0920c37b,0.05181026160442778
ck_2e824b0b27494a17,0.01279521543723365
ck_9a0b605e9c3220c4,0.007928131695343158
ck_a5276af466b681de,0.0005310731806949034
ck_9e0383e1fb6e214d,0.031943931144886736
ck_6a27c44b691dbfac,0.0008365290766337576
ck_af39767cf583905b,0.010009067396162901
ck_243b1b9fdd3f9a74,0.00033071114737573013
ck_c0422e638a9c6046,0.01711419285126871
ck_e0f3ea3373dfc4aa,0.013042199562663025
ck_d56ee1654378ffc7,0.010250469550099924
ck_20cd2f5666719baa,0.00016796090276498192
ck_4dfa1c1e9b69fcc8,0.00553217961594656
ck_5d22e9ca1d15180b,0.7586844905749287
ck_f4a7ac178fd55f0e,0.0010973353291225364
ck_fd5609bd23a1eaf8,0.000699620678798835
ck_49c3bf13dc9471ce,0.004152462114761635
ck_724085c3452d4693,0.3833345606964314
ck_e5d1462846154a75,0.009707124830228741
ck_c69ef0f3e7d6acf9,0.1026777797173414
ck_a2d0417791d4132d,0.003757117712857759
ck_00a07fc2a9183c3a,0.0015349574744322459
ck_781b8288e54ba8f8,0.11770422566162102
ck_d74a62ab3804a81b,0.0019151735219433315
ck_abcbde211b6267f8,0.018508418779905285
ck_16dbafc035574654,0.0005182473134976867
ck_018f780215ecaf38,0.006274464820137717
ck_0b259620eac51618,0.0011113957916992667
ck_4f875342394c110f,0.03234424763100819
ck_399e45e5fe9beaee,0.00668006948110339
ck_36224a2d394ebfe4,0.01827082355279993
ck_c189b551bd111332,0.0002774652651658624
ck_125c5a720ecb177a,0.04791698114967239
ck_76d010aa02eb477a,0.0005994711120317801
ck_1071d14c46c92379,0.79012309823454
ck_61d244b2cde483af,0.021966896811505838
ck_2ff1860da2004c84,0.0004533448024648004
ck_c5b583490198672d,0.00216750160907154
ck_1294f7af22fade11,0.05454524290630096
ck_e3a22799716df39d,0.0020818518572867585
ck_c77e22834ef97005,0.6182687493846346
ck_73d3689728270a2b,0.0009583229477316834
ck_295565fbf77ef885,0.0012372467441235226
ck_80c0a7f54ff4895d,0.001172371689652275
ck_f1ef5cf7f10b16c8,0.02772172017831194
ck_a958b2461ffc21a2,0.16143504513932982
ck_0e7899a57cd617d6,0.0007894229836328612
ck_9d4fed252718f58a,0.009273113154490451
ck_83c2c34add971d76,0.0006902063581967164
ck_9ccc030ba2de9fb2,0.018229789789468185
ck_cd691e3466fb3742,0.005178837455948364
ck_49df70f908dfd069,0.03227054761368295
ck_362ce13eec1e33a0,0.0021623705799296037
ck_2452a30397dfc54c,0.004679954393029539
ck_a443d49c2b4863b0,0.006977348971982684
ck_c8b2e2cb349dd0ff,0.005703426312418952
ck_354909fecf5da8cf,0.004786789736102824
ck_841f598bbd54c83f,0.012625057140094308
ck_cd6fbd4e8724f994,0.00909680623223737
ck_e0b3158111370118,0.003939830749696515
ck_4c2f2eb657c2c60e,0.0009620143650633984
ck_ef346071f0b7654b,0.001386944919028643
ck_f3bc10e3decefce4,0.0026511073214080774
ck_189b6fbe9b9192e7,0.005209910359299139
ck_5245cbc5ff4d4fa6,0.003326478443270618
ck_cb42e3be6fe87f60,0.003163945484076992
ck_966d4d713cbc7792,0.00028067548973978
ck_1c8c969667cbaab2,0.497120193836052
ck_d35e3aa9ef5d405e,0.23145080159007245
ck_a1c39df50a5873b3,0.01894117894293087
ck_a152165caf295b51,0.004585426066987848
ck_891eaedae139828e,0.005212845805357202
ck_1a46b56f4734d52e,0.0030166124254371782
ck_5e36042cfad96c99,0.050744012189665004
ck_02a8582c2603e675,0.0028581162953062018
ck_6def9d0429e4ed4b,0.0170392239486043
ck_e137400825a1e3e6,0.007259412383179872
ck_d91ab840848a54fc,0.0006780718343956142
ck_becb6e1c608e0078,0.0008711845461938543
ck_6fd8c86ac719d7eb,0.04830414197368145
ck_3ed4d13f12fd9d0e,0.04380534957300954
ck_007337aa99a4891e,0.0002887971747079077
ck_60c3d8306527a08d,0.0012716098294693326
ck_95458880a54df0b1,0.24711327353380458
ck_b48cd8593533fc1d,0.333229387510959
ck_021c6a4a7e3f1f0e,0.0007579838633021663
ck_764d40f865e710af,0.005766507112899533
ck_4b84357ae8ec7777,0.0051962247049617905
ck_3397c7856b4669a5,0.0003880363272998398
ck_920bb003b42e6310,0.0002913725131616086
ck_8f59f11b512d5b7c,0.017471155928101823
ck_a3acf4b986afa98b,0.07011422184441995
ck_e89d25ed7bdeeaea,0.002021327415651717
ck_70e6bca473bf6902,0.001287148872335
ck_186161ce152836f5,0.002922150012821298
ck_9191579254663f5d,0.0011777175775163325
ck_1e6628879e9d653c,0.0018541997854919763
ck_b498fa91a0776ff6,0.011968529289275855
ck_cfc2384f22954830,0.029204192305128378
ck_17673a1c2867888a,0.0003539368306599997
ck_523dce06515b072d,0.008378176940859752
ck_c20638a325ead2e4,0.00047265101687003167
ck_d3877e1f907cc148,0.04249485547108525
ck_e9a2495dea8675e2,0.00680686343967973
ck_7e561caa5fa1f3f1,0.02712735089011767
ck_455672e652fe1abc,0.9485634560376035
ck_7f8f864fcc90ca82,0.004980101076593477
ck_1ad36046aaeb816c,0.0015780146864660491
ck_de056e37c82e8e00,0.004900572429804061
ck_7484c214c889fe7f,0.016928586927973256
ck_32430e678c4f9f53,0.0010945241615421277
ck_6276ece8f80ea799,0.014115540956622437
ck_ae8e5dc4b725bc25,0.0048172411718644115
ck_f01be92dc78a2dc7,0.00893806969510685
ck_233397a8bd40d38d,0.000733743866960864
ck_f8124911450fdf31,0.6605320275477393
ck_aa0a3179f1111674,0.0008682157479644396
ck_2366b29ed9887a5e,0.0004230836560389262
ck_1f22f04dfc08cf27,0.0020640417016520017
ck_b62276c3426d680c,0.0025558194244469272
ck_d099fca88691f66f,0.01562558550788515
ck_166bd1dcbaf4d6fa,0.0003418461660872462
ck_7b1660e942436e12,0.03232502897690383
ck_4a9a791a1d409a3d,0.02542966357271252
ck_b003e5b54df65db4,0.0024271080404643986
ck_64b4dcbf436f0b75,0.004179486006699557
ck_26e9a7bb2061a58e,0.04957924654038608
ck_08b77ad5f8f73007,0.0016550556480824361
ck_366616a725afc6bd,0.01930633881251415
ck_934fb5064b6eefe2,0.0002480931125307588
ck_c6abd5d57b1009d2,0.0007204574243354832
ck_edcfa9e1cf29d813,0.010973621494980705
ck_c30201ebd003fdc7,0.0025247879932052673
ck_c54643d94d3ce355,0.004233172456962448
ck_02adda6e91e49650,0.019325464165396287
ck_5b73d7c5255e58a3,0.14760120411909095
ck_129ffae92dc01408,0.0006581103448983361
ck_fa321945ebedb916,0.047236406193173555
ck_8da980cb2e1e2bfb,0.0026743450489917584
ck_0576b00d728bdf19,0.015913344448106673
ck_c543d82e22b3c8a5,0.0006528598516951638
ck_0027ba644f9ae2cd,0.21391848003750996
ck_8dbf61df902a6bbc,0.0009932668164833723
ck_90eeca1cda79fd41,0.0006541076290624116
ck_86d7127391d4e01f,0.0006834443004792452
ck_73762038c7ff2f6f,0.0009380257191035789
ck_a1484e6215fac651,0.7208328079296016
ck_cb83b9f806e90dc6,0.03408526290687351
ck_8c6f059c95872126,0.0005651930227330019
ck_3174419a81e7caf2,0.001801296076908015
ck_6a0f8f8fa4a3c2bc,0.006506743924606508
ck_b5777605668bfca1,0.0009234905618292506
ck_27e4de495abb4d15,0.008087423846618763
ck_7f6fa79c7a107161,0.009874933404292666
ck_c36ed9f8e6792ea4,0.009292424545212046
ck_67a1aa88d2ea554a,0.024951489985020284
ck_09748dfe4df3d540,0.0016483093895231608
ck_27fd85b1e38b675a,0.0006995504914070844
ck_2369689bd795ee10,0.001741045308587092
ck_4eb1c12f7d092bac,0.0014796639925622526
ck_01fbafc42c8e33f5,0.005847044790428748
ck_93c4e05699b3b7d0,0.0007267740831485882
ck_afc484d1b6907983,0.0030967648548169257
ck_1b2d9cae92a1aab1,0.03856541292499519
ck_73b729cb161487f2,0.0009621891568648761
ck_fe3c1d0ac090d960,0.15573393190565946
ck_408efac1d3885ff8,0.13692672284446777
ck_ccb4dd9d0a48a76e,0.002320485079085893
ck_2987eab34ca7805d,0.004984008005819882
ck_1dbf1f15193197db,0.03251342518675619
ck_4ed711fe4053e74d,0.1586643363742386
ck_6c54adce174f45f4,0.0012996153758707044
ck_a6c740041faf0bd5,0.0015086937718382261
ck_b05c4d33c4f43639,0.017599178212141398
ck_032880f1114dd51c,0.02027951848980314
ck_22311b037456a76e,0.00045539760755920826
ck_5866b413549765bf,0.0031632405918536424
ck_0e808afe2570ecac,0.006025274259949345
ck_634276b05f4381f8,0.005450510105168942
ck_5d8773badd0d4740,0.009888678146091696
ck_82b5b79ce3517102,0.9241531715532323
ck_b378b8d8100ee4b1,0.008340011602774894
ck_54e581f71be5430d,0.0003828524047538785
ck_798ba4b8aa544fea,0.0014716284937616483
ck_3fe86b6331ff95e3,0.07483296944506782
ck_81275d9d4c559e6f,0.0018702583499352941
ck_99a4e5ef02d89493,0.004699009397483073
ck_54e2eb018d947790,0.0016631025249011224
ck_966901ea9c77cc02,0.0025350759369965905
ck_27d69ff4e0cb428c,0.025579904894802726
ck_2cee2dd7bbfc09a0,0.7857346784383432
ck_4136b00924695ab4,5.768457652788592e-05
ck_59a164c40c03a45f,0.0007941869290675966
ck_3e24b026bc66789b,0.00014642716045078907
ck_8105bcf69a75ee47,0.002210974377078898
ck_7a1782cefe26a456,0.021347967118187254
ck_970c7dc195161272,0.00047803539349334606
ck_a48ec0c00ae20e82,0.02153370136125069
ck_54b374ade34e1dc1,0.0025350163514287504
ck_74e5dec189761d14,0.0009475202524845852
ck_4717f24f2c6f40e1,0.025321904807086917
ck_fc8cd8a8209e802d,0.0008862467825198062
ck_71db4131d7efe218,0.0016601440505285047
ck_45424ea6f0bc4650,0.23698891472101766
ck_3716c6181a5035bc,0.03615633856840675
ck_26de14b96bdad4f6,0.007048737933041747
ck_99c0a41ac9c73857,0.001414839739688526
ck_645f15bbbcff3b4f,0.9907893572165382
ck_b7e25ddd41514d4c,0.0006834249417324218
ck_d5c14e877ca7b755,0.0018423810787935623
ck_05ea4440dac6cfad,0.0122943562139762
ck_c58bafff7b1955cc,0.004534348817405831
ck_f0cf85b67a9b840f,0.04494878380531052
ck_ce1500a7f0d03fba,0.0006861755797459721
ck_d4972a775aadbbc8,0.002272242158267002
ck_3eb6146c262e0fc3,0.0005625025409769285
ck_afb23858a4ef42ed,0.5907297239895132
ck_2c1def5c91c52a5b,0.18832920279039253
ck_72e550559487b919,0.0026798123420829372
ck_0284dc2b4f856b3a,0.1135342028887447
ck_03be334935e999a2,0.004293190321709353
ck_e35a4b4a3cb4cedf,0.0006359459568984762
ck_5abe57dfff4b735c,0.007675242933575751
ck_f5f87f772388efa0,0.008411879753841278
ck_5a22cb36d612236e,0.006674946992291849
ck_8ff1e6028e764472,0.5266261307525365
ck_2ab28149b0986642,0.014844043379993517
ck_c88fc1bac79fa6d3,0.038887431958565394
ck_5b137d74bba6b1b4,0.0009741034035911797
ck_11f362dca2dfaf5a,0.005159371799569802
ck_7f960541e5174565,0.0009258166515762837
ck_d5458ba39ae94498,0.006133433605870695
ck_0a921a73a90c2e39,0.015264183335063932
ck_6ad56ef40086dbe4,0.0033319840121393365
ck_b68199ecccf2350c,0.0007258492310288189
ck_6dac66c8198c07d8,0.004826090682708998
ck_9b9ce7bebc235fe8,0.0017828723909794843
ck_6b817117d87063a8,0.0022162266031959133
ck_900d62b3184378c7,0.001394318696957429
ck_eafe9b89857149b5,0.0020879785889857568
ck_e74716a525ee5b24,0.0011227550575438196
ck_4e9a6f06ab134102,0.004866680918296167
ck_b0d33b5a3716661d,0.006110159075875024
ck_8703543bf3134306,0.004178346732503782
ck_923d6a0f83accef1,0.005078765343250555
ck_52e37e2170532e2a,0.08412913060928308
ck_c1c5ea839c58958a,0.013856134034169888
ck_660f0006780e87e7,0.005540569680758876
ck_830b2c5d1818ac07,0.0033757886652888295
ck_b080ff636932d1f1,0.00011631886816075815
ck_38730aace405f2ae,0.5159386079921888
ck_9790138467a06223,0.0001639414882803631
ck_10de0b0d86b17839,0.0025108327071699283
ck_c3e37a4d3382c32e,0.00047628483599877557
ck_dd8edfefa1eba531,0.000643924052044115
ck_8153cdadd300d234,0.0001525911004042029
ck_74d0e7c2c6b63d36,0.6994438305258485
ck_c478aae3031bb328,0.002751702344378724
ck_cf301f2194975866,0.0017282575571085186
ck_f4de03f44e3a5bd5,0.0015889374215781466
ck_b06ce826e593b210,0.014514520509892902
ck_2fc70b6baf6a0e26,0.0037300637737615007
ck_d208494cf5c90047,0.053237948966816086
ck_086d29ccae565e5d,0.0026590548438630763
ck_d5ef6dc116dee408,0.0046630130426772234
ck_fdf0c5b722d83464,0.004489273612033748
ck_de8494b13adeffb5,0.0006581433224909801
ck_556786868599143b,0.01699439607557873
ck_4940e78cbdcfecf3,0.005201008641115066
ck_d32fbbfe32c00416,0.013622179747692907
ck_bc7710f7e9fae649,0.0009401471223896979
ck_416f7ac57da081a3,0.0031906409431675105
ck_6fb39b60c67d5475,0.0014934275193413643
ck_e40a156511345d6a,0.000817770889649406
ck_49ab879b5aa7fccd,0.12479634964163724
ck_bb643194d1cbc47c,0.9948499527455585
ck_b3ce8f1bcedfa043,0.0035723890560715975
ck_558ebde8c29132a4,0.009659681427608997
ck_e6222925762273b8,0.013262040563559256
ck_bd80546b4807dd59,0.009977404510446077
ck_bd21164bd2bbb635,0.008347828965995271
ck_ea835557d7043667,0.0036984767782690083
ck_1411a80a157ff39c,0.01889932133053736
ck_ab973888c20c9120,0.09072995083731389
ck_95b48972061abe82,0.002891838185123556
ck_fc4a43f8876bf10f,0.34944477677647134
ck_f34fb7ccf82f41e5,0.004282842228997941
ck_5af9934a56801ac0,0.0015673795193860065
ck_fc7445ec76389a58,0.39224718642474143
ck_1eeacc26f02fbba4,0.01178060647673955
ck_4f325dd15c9bd45c,0.013430435823434218
ck_5009a6c8bbaf15ba,0.04722020121019631
ck_0f3de7f074bb33af,0.0019632683637592625
ck_2cbc2f93a32eede8,0.006605567358447705
ck_4bb90a61c21a303b,0.004278014891457013
ck_3ade9eac7d7b0dbf,0.07847640215260107
ck_4859a58629622915,0.013718718448389525
ck_5fed957287ebca03,0.0015222035697234487
ck_ec01ae5351500355,0.0014836374181029998
ck_703b41624ae6a5b6,0.00040222157470106844
ck_97c38e7f61c27e47,0.0033370304269879736
ck_db2c0908150cb2cc,0.01830944547907816
ck_64ac5e6fed86ab60,0.5541670040302036
ck_da1c853b0a061e83,0.006260786852637238
ck_9a36916b60178ded,0.7238131177175415
ck_3715bfa7fed2c675,0.0010147335259491803
ck_dd3feb77d7d4f6d3,0.0010349052688816206
ck_982ebb24174a4ade,0.0037971291048649906
ck_f6b7a10d47dd9a1f,0.0030543592478474886
ck_1f56fe99f250cdf4,0.022721561059199293
ck_deb3ac0606d6f6db,0.0024349562294882217
ck_e666629e5a41b39b,0.008791184165006261
ck_756d2c13d02b3e09,0.01599168454545602
ck_7bc752ae7cf5d55f,0.006877364718725203
ck_fc0cc4b25e6a8194,0.002289888528757283
ck_9b2b0e286de78a1b,0.003914577156093686
ck_24b0803447211bf3,0.01276150971359736
ck_82eed68d05a42128,0.008317177728370085
ck_c8a03c516ed5b05c,0.09633179156572987
ck_e914974cee1bccb1,0.01081750514303121
ck_0c533ff2d0f9962a,0.018229111539254418
ck_c12805fa5d970a83,0.03318609455800902
ck_fc2cb29918631f10,0.029060819922873155
ck_c20e89afe575549b,0.0006037649605006657
ck_e1ff9e31becc27ae,0.05328616297865463
ck_18116d0ac08f1996,0.6240063543073924
ck_885a83975cea5e64,0.0008265019538789413
ck_a0c3059a959ba5d1,0.013874059465993733
ck_75257ca7d7da2861,0.007163346921720304
ck_2210f7a0d13bdbef,0.01893911102255012
ck_9cbd9ecf8374f65f,0.002260283897157583
ck_18f67c00ba21fbde,0.0022324842632089384
ck_2d28f14d3973d8fb,0.0013399056732056086
ck_8b3401b44aaae728,0.0027546512546450757
ck_9d8e9ef37797d3af,0.43098317772187156
ck_9f50920c894f64e1,0.014359526387460915
ck_4737e0d56c6fa0a1,0.009670538170241697
ck_52c311f29ca3aca9,9.641623262488468e-05
ck_6a4981bc721df37a,0.02380443181241663
ck_823539d936c55fc6,8.229018961656794e-05
ck_df5aedb4118020bf,0.5541654923674332
ck_a911a066ff0f7b56,0.03787390107580983
ck_684609767df4a14b,0.058056104194287396
ck_f2350bf355dc919e,0.008526015895743642
ck_8452b6cf97c65a5e,0.0036807992236051923
ck_084cd84501012218,0.6244639724955523
ck_ace6b72e5bf3e93b,0.33720223185543363
ck_2afdd69094c955c5,0.011508495058053623
ck_fa7d5be26bf7b31c,0.062418464024454924
ck_4b041217690fca2f,0.01893525180667368
ck_9fb8e3d38cdf276d,0.8800194342782091
ck_c1ee56d65a42f59f,0.012733477145745999
ck_fdeaa1cd085691f0,0.041591365969907174
ck_5de33a7a87e9aa62,0.022607429840256738
ck_7476e7fe1ff45545,0.008398363661415394
ck_b0a947b498e47018,0.0014538900213322344
ck_e3894ed88a7977e4,0.0004751895095293088
ck_c7e07ebfb0bc15f6,0.04331338727194043
ck_3a3daa8b376f2a18,0.00026419169891129623
ck_87809324c2675b0a,0.003946313088701428
ck_7eb4f33260f1dcd4,0.010260304233420453
ck_ab9f0e08af030060,0.00865628119565679
ck_5b8fc4a76f340797,0.012821584653795497
ck_0e7bf10ef49aa818,0.0443734708232159
ck_a44462a3853ac67e,0.8089079513323703
ck_2d14bcd2e0fc043d,0.000627066965033102
ck_df1f2dba802296be,0.4623883861537077
ck_466a7316eaf149b1,0.002163102420026396
ck_50df50af592b0c06,0.0023962408865343763
ck_5f9e34c849704b95,0.0010945441190797294
ck_7836bf6def26aa87,0.033122702007509365
ck_ba175b1bd8efaabf,0.010562019190446113
ck_1a0aac7f7b94b1be,0.193301510384934
ck_6768c4b2aa8ce586,0.025962860711661345
ck_eefcf0ed15897898,0.0028468480626307434
ck_7a6cb27e390b6ceb,0.0023685563287886694
ck_5275be4e1577c1c7,0.0006786503752932965
ck_6bc0e5b8c0b7d2bd,0.007654885332018119
ck_4874bdec79f9106c,0.011632440228915979
ck_a678731156ad7bd2,0.15346071579194964
ck_db906debc36a5d1e,0.02525742891351147
ck_e87897767c612942,0.013937545173486344
ck_45ed5ee496ef8a67,0.006836224342705805
ck_ae20e28f9854f3ee,0.02706088250455978
ck_9ee044b73943a90b,0.003418727763389771
ck_dab34cf6f0626c9b,0.01542507520280152
ck_64a02b7b96149810,0.0019819663809274627
ck_c417d06f3e94685d,0.005940028211155004
ck_3e0149cdee4cb294,0.0066656125426093685
ck_0e6046fc30f81705,0.00150597887729919
ck_c383aeabd53e9c89,0.006002747487091825
ck_2ef76f1f36e8b869,0.08869918062356492
ck_43948784650bb9ac,0.003699090320175483
ck_bdb966f43ac350ee,0.013748417100766356
ck_5bea0e0ee0b094cd,0.03325048250112185
ck_dff090f03ca5529e,0.0015553552775100401
ck_a4691b57f837d88e,0.01137564960793
ck_99ee90946395d74d,0.2671537546404697
ck_cc81dbc83a8879fd,0.0032835932686458495
ck_f3dc0725621b3a35,0.0007134257950962279
ck_1bb212d1288b9689,0.058851775622466726
ck_9e7278fc7679f002,0.018302158074528785
ck_3ded7a8720d7e311,0.002105191406479077
ck_798157bcdb9453e1,0.0007309203185878973
ck_9fba80f56f357fe1,0.0019446603181087782
ck_f1e1c8491f16f912,0.006214206682856502
ck_7b1319a5ca2f63c6,0.6249262461245875
ck_124432fd5c92af7e,0.4509552080612703
ck_148cb0c723284dc0,0.002493978068239372
ck_b56c62c950eda009,0.0016115667714323976
ck_a0498755cd8d7188,0.0005818997918034757
ck_5379452a9d74efae,0.0003754875304578907
ck_6c2453229d608183,0.015220451076348646
ck_f9d8b4813a88c1e6,0.0024912963943001082
ck_c2c7d1e45a521857,0.026655981905505246
ck_4364a83a11743888,0.0005345412204420146
ck_2cdf5fd97ba75e06,0.05491439603818077
ck_71bc01291e0533a0,0.0026082339640318385
ck_a725d7aed2a0bdc2,0.000502360286082571
ck_a9b0c4dbd7db6a91,0.013851365206022162
ck_a4258806a533efa9,0.011586645312584392
ck_905e460591d9a278,0.05357087362618127
ck_20de8abfd8960ee3,0.015455800955659144
ck_252b0a0f1119b220,0.0006416498944799825
ck_95e4bef65c36af1a,0.00044708821095966976
ck_5ab68b434ad53fea,0.002220915706881042
ck_13677a1957078827,0.00020235467407967906
ck_d251e9fa09e542dd,0.7037447838178977
ck_700cb620f300dd47,0.0013366293880169525
ck_39a68c55a1bd3ace,0.16731569251615072
ck_61a59a7944d6c53e,0.09933526142100407
ck_db6d1c6d31da967a,0.0008324747882514049
ck_650020c500b1b50d,0.0029980853484896926
ck_d812eb6930192793,0.00042542692885471413
ck_92f6ebc11ebca89b,0.04941629131524304
ck_d87e26eb5bc84b01,0.00259740418134876
ck_66439e697695224c,0.0014994464447433157
ck_f21efd504faa654c,0.0014134224519056471
ck_15eed0f5652f0352,0.0041181031571188775
ck_bcdbf57d98dc0d27,0.013495838019883922
ck_873ceb8004d3a9f7,0.029632382582603024
ck_70bef9ddd4bab005,0.0022334998459930156
ck_7560f1891d66f294,0.0005305962137679348
ck_f439f16f8693883f,0.01422595486772172
ck_14f9535e53f9c7a6,0.0023468107962173615
ck_5984be472d2bc267,0.007252680851758038
ck_ed01be7504dc4187,0.024993150711823342
ck_dc3d8b5c17b67ae9,0.009882952318476483
ck_9dc23031b6b494af,0.028917427814348855
ck_fbdac0221bc03f66,0.001256198479080539
ck_863708a99b92ef0d,0.00812065770027953
ck_22b52654776a1ea8,0.630966904933112
ck_a0714f98001efa0c,0.002636753849087142
ck_9c56114f84e9a541,0.009103666502545014
ck_e155cf506b2fb699,0.0009290124064844142
ck_65ed7e72f24731e7,0.0018204910512646503
ck_822d6e8e43befc72,0.22910776227680962
ck_b1182471d9ac6b26,0.0005355712476622097
ck_821446adc95e6da5,0.001490304404748127
ck_ff182f033134dbb8,0.026701340957686205
ck_9c5feef7647b0588,0.0023205497588357107
ck_df935d8bdd44883e,0.0020575722869445095
ck_01eb24c18ad11fca,0.039890555081603433
ck_00d6730134a1eb51,0.0030480270922411128
ck_79ba8e85678d0224,0.0011936102092797755
ck_97e3b04a1350f6e4,0.007204639907536558
ck_74e9747954a46eaa,0.058227515988737516
ck_397d5fcc9972f909,0.07361749300755152
ck_9ede89e8a43c3f53,0.06882445225855086
ck_303b33910d67f306,0.003352960007769551
ck_3c17841636f6f7dc,0.004780464235300587
ck_78730527f8ba1438,0.1132748140940065
ck_5ee32bc6bb5d1d4c,0.1010244557731749
ck_a13fee8cd925d0dc,0.009996850147417143
ck_6f847263379f2e43,0.025249804248130454
ck_9b9d9e579e7b55b2,0.037778899603371566
ck_87c1d0a79e79c84b,0.004196335910859862
ck_bfc453eabb472f91,0.006774615433461951
ck_978c21bb5fe3171e,0.012888714026030527
ck_dd882323474431d4,0.008125050714384659
ck_533c4f7400d5ab22,0.227273931382342
ck_5f217bfe28954e75,0.616447551545758
ck_ae96d35465b3b4bd,0.001466648971152281
ck_512ebe97c0af94dd,0.04221655614537404
ck_f558fe02bb0219b8,0.002670626883897466
ck_84092e23d5ef4d51,0.027935424717410076
ck_17d3022ca12eacd7,0.005223031827149373
ck_8a8f81bf3558fd9c,0.0019571968344979343
ck_0ada6fed1864e7c4,0.008698562230322884
ck_21fe7bc59dcd78fb,0.009463067855657717
ck_e136e20c1c74fe38,0.0034431873076668103
ck_e7a530e09d113dd7,0.282045912006738
ck_7cb0c9ded4d63027,0.014311245205819695
ck_102db9615e722c9e,0.01791889737253913
ck_129e39ddfde92eeb,0.00044047654759297604
ck_d730ff21bfd7769d,0.004604915707812131
ck_54459b45d2be8459,0.0009218846104407145
ck_7f1c20319eb60aa6,0.6361673110390889
ck_939fede90473e412,0.002452910133078902
ck_e0f9506a6d5f4a1a,0.001579483086856881
ck_9a4967cdf49265cd,0.09136758610203308
ck_b9eaf03453ac7d5f,0.0012243959384160572
ck_522477be6376b450,0.0038513971845257735
ck_9b6282e3bad50710,0.014589688738264038
ck_a0e3a2facd508e49,0.02087107844040749
ck_97ffae702f7c3d08,0.0012332275059936371
ck_344a95cb7115ec67,0.0030372018382579156
ck_1f2760764afa45e8,0.0010671761670182217
ck_720cd658d11ea428,0.0026140659039892507
ck_04e32ee9834c088d,0.6733777876861449
ck_2bb1389e5e72c8f4,0.02673490757974485
ck_961e7dbc217cfbbc,0.0018963430076105845
ck_f3bce4eccfa6d6bb,0.0015611170698521272
ck_e0ccfa0d689339be,0.0010965016731733362
ck_98217aeafa0bfefd,0.03384644587918372
ck_a02aeec1914c158a,0.008310101257177386
ck_20a17e8f206a14c8,0.007828041474519676
ck_114c32aad4b6183f,0.017013539599784473
ck_79f5198f0decef20,0.000978121909344129
ck_2209de229b4c71c5,0.004577619049640252
ck_6ee939b7f396975f,0.0027640836521206306
ck_202f0c14b07ace01,0.05319566475071289
ck_fa24db9d416ab904,0.005741886701326538
ck_cf6aa24b92c4d33c,0.31810373408878223
ck_45f57fb8194cefc8,0.0016159830873247684
ck_d5eb179dc45394c6,0.008495583829490254
ck_efb24be983342f75,0.003599675812571995
ck_245f5d62ead5ef28,0.006640170975613953
ck_15fe2a47fa7e92ea,0.0011224482834021616
ck_b6527a85fd682554,0.0007546489066397888
ck_11f9390a11ce9ff5,0.005529494654035024
ck_ffb4d892c5158201,0.0009530640044227046
ck_d4c1da5a1427fd6a,0.01649546166527669
ck_2c041b1efb1c5063,0.0007389089642148028
ck_ecc18f40b33be769,0.0562889883692249
ck_0525349f3945375b,0.04834220734160456
ck_0bfe62e0c7eab9c9,0.010094380303738193
ck_b7c37d410b1646c2,0.019635520182368568
ck_4b15b0746318cf42,0.15460497866067915
ck_e5ee006ecd8ff661,0.030749026371060386
ck_ccc83cf66365357b,0.024656933862626105
ck_34a33ffe8339f66d,0.29065086066364154
ck_4e39e3b165edab58,0.8675194302381891
ck_1a71f8081ae00190,0.9065196639678867
ck_ed8f1200fc049c40,0.9784037743988205
ck_8a5a57858e8c77f3,0.04075050384974897
ck_fff9fdc2adf5100b,0.5991600001793517
ck_c76f1bf40f3b787b,0.0001034869700519456
ck_1a6ddfeef82b1b1a,0.001827021622736827
ck_478d2667aa9896d9,0.0016226837157703588
ck_641c8e7694b21f3b,0.012325741033395796
ck_293581d879f6663b,0.6033877242267149
ck_1bfa8abdb22be8f0,0.12671669283683984
ck_05ab5b03d0bf9ce4,0.21919597986076872
ck_35694db37f0cde7a,0.0004933923362965259
ck_fe33eb743d714c03,0.006059343463628798
ck_abd10fbcbaf2b038,0.0020247488651372065
ck_46d51648c1bf80e5,0.10395994379246798
ck_5c8390017fabfaef,0.01175996685065859
ck_87d55ca333f22072,0.00025207623797843134
ck_c39c6a1453e2b92c,0.00029299540486063037
ck_69ff1b0aa143a168,0.00045835237746665573
ck_e57c79eaab35ded7,0.003884273660335332
ck_463ae759e2b6ad1d,0.0055501121361841675
ck_0dae4a7eb587f3ba,0.005994561317157186
ck_9b12fb56529ebc4e,0.003433599946253285
ck_1af547077ba2dd03,0.15918122094873205
ck_de13de941bebc7cf,0.000805496638849144
ck_83dde7da2bf647ac,0.0005245871871012576
ck_c80a94d4660041fe,0.00767352218228671
ck_f39cfeb277ef6528,0.0007126028294122607
ck_1cec1ed1512a2d3d,0.0009042607543150955
ck_7955a359b6448799,0.0006253967265971605
ck_8c0955dad13c3ca1,0.0032825176200727635
ck_6d4cd2de601a2308,0.006597712034433825
ck_f4536ba8dd2d551d,0.010796728865529164
ck_b379c198d6db2d62,0.007815588682676039
ck_76ea90ebc74bcdc7,0.01112677695643555
ck_734f06bd4aa92781,0.014438934389296514
ck_677e1d0c14cbf569,0.0013582814206033421
ck_259271c70f3fbcbe,0.03147851561111465
ck_c0b744eb9e7d4eb7,0.0024417511175518357
ck_3d41faeb96802f68,0.000578921196492077
ck_8f604fa70fc3c8e3,0.0029217919939433616
ck_0b3c3bea0e0ed339,0.002937989903408643
ck_be5df076b8a86409,0.001588915192168044
ck_6a475fe324d7d790,0.008405808780034892
ck_3ba3fa5387bacee8,0.00016333973288257969
ck_324b9939d9c1c31e,0.0003475393807061
ck_a7fcf7b592f68ca1,0.006531287037176866
ck_5b2728f7cca414ae,0.0004139640443726713
ck_5f4a25ffd0b85a47,0.014465264502344298
ck_63d4f5076fe4406e,0.0011031283732833646
ck_af528d66c86f0cb8,0.0005313152229735214
ck_ac7cdb9b8da7b5dd,0.005785484398954523
ck_3bece63711407e25,0.004332852130847914
ck_d4e0b2a12fcfc35e,0.0016644410666078221
ck_ee3e7c9d3a9c74b4,0.06798582274650329
ck_50d7c4dab837bf66,0.00457415487340867
ck_ebcb93a2990fc914,0.09918296269744567
ck_2329cc9702cdf7a0,0.01883115354583706
ck_db1fa53d588bf99e,0.002500186356446986
ck_44e57a0bad5a0745,0.0064407473526602674
ck_472c81a144f4631b,0.00010690031526257292
ck_1658429acd5306ba,0.005589699819450044
ck_466103ec5bd9444b,0.01082515482580867
ck_9757163e25262b74,0.00968653696087211
ck_34ed59bc2c9b0186,0.0031989877838014573
ck_b7bd3a7f263f4f29,0.02530572017791325
ck_149662b09d632e41,0.008908893543516799
ck_a9ffd6b3957bd41e,0.0013630664413079125
ck_ab80466ef615e85c,0.00021686226911806435
ck_f2c824d3473db24c,0.005048868130338871
ck_a4a01fd45936b078,0.013856445735970663
ck_8f6ce158c2902877,0.0006222450843754816
ck_5189a302cfa7cefd,0.00022007664083931194
ck_430a3d03be588201,0.0012866458063579551
ck_b5f9dd00914b4db4,0.0012868569912242082
ck_52dec82e9cf6135a,0.0006021868466553685
ck_95e444a01e2ab4a5,0.011740191679841657
ck_e37cee7b123692af,0.013654355847540958
ck_d68d42858a55adff,0.022872648359716537
ck_3abfc010091d679d,0.013874714170186079
ck_cee4e4e1b62bf82f,0.006719765498176423
ck_9ccb17c35e636c5e,0.003635419639229783
ck_f72a5a3b0d6c1177,0.0007951288156117963
ck_7508aa554fae6afb,0.07163028761414028
ck_003aa842b7ca1d77,0.15406662086181638
ck_83b2b192f41ee2bc,0.15243548015523634
ck_64796b6b2c3c7f06,0.03684522067872787
ck_6438ae81d43cb196,0.005298671208402539
ck_2bd73d9098504760,0.05035930533195928
ck_aa8b9b36a099e4c8,0.018309756465651302
ck_e5ece47d0dd10526,0.00967949431867498
ck_16077ac345472e6a,0.0008179242593998738
ck_a4d6e152b0076964,0.0034173926178633434
ck_d90b1d03ae151f62,0.0007220777684040655
ck_18b36d342b530af4,0.015457115997352404
ck_2a01e610348b84f8,0.01312955623426803
ck_0a93ed76bf36c8b6,0.00417153400151691
ck_3d56b477fe2370b6,0.01678645043350254
ck_17ab3068fa303682,0.0012849872585295008
ck_592a3520d841d11b,0.011890431396554066
ck_84d07028b5fca2f6,0.010002419552881168
ck_f4a2bb10afa85743,0.0053180329735764385
ck_4fe4b072f03f2c1e,0.00014972962439230682
ck_9ad08fcc183ea1e7,0.00047893478274948234
ck_130d3848b9dcdb05,0.003282457882354472
ck_bb399ed6bf28c230,0.01585843451365127
ck_a31a64a39a2c4941,0.0008460353050049974
ck_c49f25dfb39909cf,0.0008948851634961117
ck_55f50a9ae2db8ff7,0.00210160989119887
ck_09faa4e771cf876b,0.003013462391336328
ck_df520a7a6e405889,0.006390457468399278
ck_8c8c98cc694ac900,0.0053190085228686365
ck_7f0c4f609673ef62,0.007921303678619809
ck_f51fe59cd445d2cb,0.003689615650035567
ck_b3fb83f0d772a831,0.0018309598652337705
ck_d6e7e257751c299b,0.0026824684431187647
ck_0d362ddb4a1cb6d4,0.005785767119903565
ck_a574a08edaf81781,0.0010482698470725238
ck_a823f5bcb0e4b9df,0.0004802446644321284
ck_f792586ad0381eac,0.012443657180166412
ck_54bfd70022c66983,0.0006386964918898208
ck_fe0a9372c9372de9,0.002868825286821673
ck_5691cd6fdb6d8147,0.002128096365879691
ck_a95f212a02433d23,0.0023034457650591856
ck_f5adad75e1c06731,0.06889071008104809
ck_e09c97520eb0533c,0.004203075428399323
ck_a1e13c0d58560340,0.0005403932605224507
ck_cacc2ca410cbe80b,0.009344055362896992
ck_c0dde2a6ef1e08c5,0.00092299538600275
ck_a04403073c90ce38,0.0003861537462227041
ck_03d3026107175dae,0.011330501526476496
ck_50176dae5b1b716d,0.0017075230203908542
ck_6c084bfcb38e96c3,0.0076737172535845406
ck_36d2be9012f7909e,0.015864369089271385
ck_958acf84c6137a22,0.008740183854014942
ck_114722e12db90a73,0.009937707375130408
ck_203c2a22c0c165ac,0.0053901092044176865
ck_2c44ca550e5cfa82,0.007819017690450913
ck_df0a8f20ab8f14f4,0.004398033380581041
ck_826a27ff7555192e,0.007834405871402177
ck_09a988ebcf062297,0.056133810119206096
ck_5c82444b3b9160ae,0.005834953849220216
ck_f6a4a7ed27fe76fc,0.053520606397284655
ck_17de46314b5c6a92,0.0035970783020023373
ck_335e63101b1e6c4c,0.09885283361806298
ck_c5eefc0697451de9,0.017309977424880718
ck_49a0efb5d4067b6f,0.30108495715310263
ck_c1f4509c8f5dac5c,0.00316485696452476
ck_57658eda1c59bc52,0.00017807809112362595
ck_0d5c0736ec76385a,0.0004930540957961586
ck_e0239e6ae30795a7,0.022737337982802253
ck_e4459115cd8e5e4f,0.0023156542605074744
ck_bb4aec09d4968dda,0.03466338433831122
ck_a1b4c96faed3e0db,0.026301813690741294
ck_8247b79ac67aae7d,0.0048926218330349325
ck_fe2fc7d6e5d83f09,0.002169348915880496
ck_f6aea576cde8d592,1.4740630037796336e-05
ck_b7e7f7d0cd886412,0.017797146714919304
ck_ca7b993e8286af7f,0.49988948078084783
ck_47de038381a9cd65,0.005538170715675022
ck_d38f941d09eec820,0.016691506154382238
ck_d9ba2a6c0d926b4d,0.0007832734731835217
ck_cda72f597330d0f3,0.001660221699346201
ck_16d2d27fadeeacf7,0.0028498490596858637
ck_be05447853d423a9,0.00010298282668156586
ck_cd92852d7376a4a8,0.00026152898888548025
ck_2faf7ecccc9fec58,0.00027351334181813155
ck_db8733fd92f20cd7,0.004393673752655683
ck_a9989a3a94c26634,0.006376925687607947
ck_957fb25437c75e41,0.006826729949225042
ck_e6a6caf6e7de17c2,0.0023753020100617823
ck_f7bc569b37e8bdda,0.00673301338866788
ck_703b375dd86a6124,0.01900648256481841
ck_d3cfb3603f2c6ca3,0.022100529225811277
ck_07cb2b6f2a4303e1,0.0037205636646283112
ck_31631e2028d4f855,0.003352881469677134
ck_1631bab0ba1256db,0.0036278735569643334
ck_5fdafeaec036f016,0.002069358452976055
ck_6eda4c36aecad602,0.0020163813155912847
ck_bd1bf9e3e29de281,0.021728010028322694
ck_bf378ea558a4125f,0.5982284365853814
ck_7aa2deeda0e57412,0.998061742868172
ck_d229cf7f5a3f38ca,0.006908465920551751
ck_9e109edd124492a5,0.0025086296167035308
ck_779491819995625d,0.5966228257563622
ck_b89c6fa2ad0a12f5,0.012249886632323933
ck_1d01b4a609918c4e,0.928628871177902
ck_714c5d7cb17bc9f2,0.0009973848504679543
ck_269f1746f2609ed4,0.0003408353114536214
ck_4be03a2aa62b93c7,0.00043000843450440837
ck_cf920313f6dd28fa,0.013305988436270748
ck_fb00aae4e17740c5,0.0016378531835575935
ck_085d8c42739e2b10,0.9983723691336598
ck_c72a7d0d03cf3e17,0.05626500625056063
ck_8f6ca5d3b17eac6e,0.0003276674562141251
ck_d9573100bbff4014,0.14298264065775984
ck_79d6793d1d0cf43c,0.000624119860010151
ck_91fa5032f7aff0f1,0.07660210085956945
ck_87110d84872c0fed,0.01739118079201966
ck_8220da627e9992a5,0.0009261323101938365
ck_2ae44938847f3852,0.0006680973887660586
ck_b0f191e44f9b6f35,0.016872689786982198
ck_3049d744b527f4d0,0.004662092363578574
ck_47d3e8d1dd3fbcef,0.002960825937173391
ck_ddf787359d2b5deb,0.00015433922578188445
ck_b27a9e39726b26d9,0.0014337424113700934
ck_80c4e9274cf976b6,0.927376628889332
ck_c6afa913168ce8fa,0.003231208781513335
ck_52427b3f8478db19,0.021441831947288503
ck_3b810f15ca0eaa55,0.0024134996447632224
ck_0c9e420f97baaa06,0.6853448193658923
ck_f8540cf3a8b2f8c9,0.029097205451425117
ck_1402d24dd623df72,0.003222198597441649
ck_eb4f4267e24d042c,0.0007119256418085824
ck_6f661b428d6fb8e4,0.03457164250821529
ck_519a26ecf3d29c90,0.0011976349641359242
ck_e886ba71d4a6fd73,0.006024023269647979
ck_437f9ecd2016a1a8,0.0038231577440721956
ck_f01af1b0c977cc06,0.0037571036792361217
ck_614f777c2eb5d537,0.0005584255696444625
ck_b804e784cde9af8b,0.004892078738806801
ck_c2dccbc1b24b137b,0.1065114673862375
ck_1df4a1781a0f6999,0.015269833310471659
ck_bd2cdd53fca26171,0.006817727833643644
ck_424c254249a109f0,0.02132405074766812
ck_cf2ca4f286e289ba,0.08178227897278698
ck_6c33cb15b0d8af54,0.004144439636422672
ck_311d395fa9b8550a,0.0035346650238976232
ck_9f792e7e721ff7f1,0.0007476236956361786
ck_4c37586080edb7fd,0.00012817427859309211
ck_7c4f42c5397113b0,0.0011040914540193583
ck_fc418f53ce4aa579,0.8804398545515078
ck_1ba28fb7ef726ce2,0.0063033778650707665
ck_d932f98bf6b83956,0.04617233094696962
ck_248b3659a9239240,0.0070638780465732435
ck_6a92cf5f4cf5de38,0.014812069260023507
ck_65519d0fb137e0c5,0.0010498388165005315
ck_ddc3fc99eaba2064,0.013744483134366266
ck_7310cda3bc65a73f,0.0012699720203796872
ck_c01c85bd631d4054,0.0018421497367740389
ck_b4954d16b9749829,0.012665051438131639
ck_f301f6758e170d66,0.029728455684690035
ck_9bf95f8c47e7c7b4,0.006147431788292135
ck_c91b7fccf6aeb4a5,0.05133162113445288
ck_785fa45e86bc5e95,0.0025678164596898046
ck_2a65f1cc23f1180e,0.0005663114124662092
ck_a49a2c1f881a3560,0.001691603779703932
ck_def344d68f06d749,0.004437661065681424
ck_abbd1465fc730d78,0.0017744786494052677
ck_07a5610ed28162fb,0.009134043825361735
ck_7ecdee2d7127be8b,0.009080712310402857
ck_67858bc00e81490d,0.00013619265053737447
ck_b4ad165ace910222,0.0013914851452375048
ck_30753ffe481a1b8c,0.47344751441982913
ck_c401a26725b17177,0.0009908167510844917
ck_819988d8a7f26415,0.0035389784677806557
ck_3364a1d9261b3638,0.004826853326077117
ck_c484c5bda389bf20,0.0002301005883550229
ck_ae416325fef92c9d,0.837429937194249
ck_5517b9a865960542,0.0018318783100327023
ck_a0e96fed380440b2,0.0019470924765683394
ck_e83409471d2b0b44,0.013387179109841989
ck_127273af97d7827d,0.0014152091397404618
ck_aaa9861c91bd14dd,0.006102595701194766
ck_a378c58294001a36,0.8598973081139002
ck_abb9d65ff1f95b64,0.016723975051879943
ck_a5ecbefa849ae569,0.010278416271419687
ck_aa9953c0ca2bed7b,0.0006066984762385423
ck_40bc6de252865f32,0.001208380296096605
ck_9fb11688dcfe1513,0.0032253871709871313
ck_ba68841ca2ba073d,0.014296553208025439
ck_1d3e561a7d20be0a,0.6440028224131271
ck_99a92d710a29c1d0,0.000694469506873004
ck_ede2e887697ffac0,0.0006673473115043337
ck_e6de67c0d82a7b83,0.004422775649836962
ck_6b38763bf5ddbcef,0.012841624569758913
ck_8dd44eead7d765a5,0.013132276973602967
ck_30bf5b0056eea9e9,0.10633394852181699
ck_2981d16f8a51a8ed,0.01912160954030613
ck_fc60f42c68c7024f,0.04801702518086757
ck_8e2b2251ee224aa4,0.007645042318596267
ck_1906f0dfaf6e9bad,0.5640271714225213
ck_dcbe6814fc4ca0b4,0.07533150911070498
ck_f7e958a286ae3b57,0.0049586653097103825
ck_713649668a7ca824,0.010112147389786896
ck_6f73cdbf9305e2ea,0.013407749684124412
ck_dd1c490050cd9051,0.03592934658767663
ck_e30db36e376606f7,0.033564411214493245
ck_740d8fe8028b5a2e,0.003830931104561017
ck_ebbc9418cd41f692,0.0003046594466997035
ck_7b3cc6cc3f250f39,0.028309915735722526
ck_1d30eef7110809e5,0.11618615285288263
ck_77e0589ab339ca66,0.0021595140282104114
ck_15ccbf8ff7d14086,0.0031548166138049946
ck_246989b0c288664f,0.007158251989388331
ck_fc2a6e27b10b10e9,0.0006078876625468865
ck_8afc1112c12f5402,0.0046818455577008035
ck_a76e8d83b9141364,0.010269878647022864
ck_51d3e8dd7465c015,7.46734069930004e-05
ck_e7b4016909405981,0.0006354850318288606
ck_e7a3cfb9bf908e80,0.012957181484124726
ck_2bb49dc2388cdc1e,0.0023568493144046376
ck_94f4266ee7871345,0.002367354469471938
ck_b2c896beec146477,0.008839788532382665
ck_fcf5d4a4748cdd53,0.0011986801191136674
ck_fd0483639811f62e,0.03512175253012069
ck_9a21d183524734aa,0.056109874681168716
ck_1df4b46c0a4c317d,0.008304636149960519
ck_638df9e8a22dfe0b,0.001748756796695245
ck_65acc43a6dc3e65d,0.0018049374865984806
ck_7c67b73196e3d0d9,0.0023611174511316375
ck_b0ee3a98175b462d,0.0009157790784577468
ck_20fad010969f1abf,0.0008192896583477126
ck_54b087bd873af8b8,0.0032204702596252744
ck_8007824431fa803b,0.0019443282128915732
ck_23aab322810b9fec,0.00357673974707909
ck_c8001bdb9aafc8a6,0.001487329416687446
ck_3a34c3ac83cf84b3,0.0034926537067867295
ck_60187ac2c473a662,0.978890141235466
ck_6a0ccd7357979f0f,0.08020364214836113
ck_27f20337bef5ffe0,0.018213128759905405
ck_f9fc468915afe49c,0.026358685763047604
ck_1eabc15a94bd9009,0.0068634252673881084
ck_26896c494b2768ef,0.007490984161873024
ck_348c874eaf0354f4,0.008878473146359582
ck_be9c46acd216b45d,0.02308693700326958
ck_a3cce46d15cc20a2,0.037896810637966925
ck_70804f60d9704128,0.015153284565377727
ck_a019151ca8e7527a,0.00735013839928411
ck_571133b2aa8ead51,0.014363841251583733
ck_0afa4449f20d5196,0.0019253275351600676
ck_4d503c41cf4e5034,0.008720931887034213
ck_d6fb9cc5171e3e9b,0.36870150194852375
ck_05ed92a7c3e10e5d,0.00878707934024614
ck_bfb067986660afe3,0.026171505182617273
ck_c1a31690c8573226,0.0030045728470571996
ck_cb88ef3dc1f42225,0.002498302637462728
ck_21e3b3bd998745e5,0.012246021093076032
ck_cf52e46fa54e4540,0.00023726755132643835
ck_b72c7ac4208052ab,0.010462464022479636
ck_e6465c56b337e6c2,0.0069869072861026334
ck_5f87eb05d18186c0,0.006498472385861652
ck_263f6c5ff26b5e98,0.0007331792870783245
ck_e0b7e2c0bbe228d9,0.0013857616069900102
ck_b657ae3c146cb7bd,0.0037903175217845284
ck_abac514d8167ea58,0.10799752297896091
ck_024dcab126876002,0.004543112917661276
ck_5d8481e2b38bd99d,0.01106859027230366
ck_edf229c17d25dac1,0.2724403277397324
ck_6cb7c97b72d6b5d3,0.0026957023190330937
ck_c96ae2c28086a059,0.015355808882452067
ck_2f241b97c0f8389e,0.002255489167682151
ck_9158bdbb63ee8987,0.00565970992096688
ck_e7b40b60786c1530,0.0009381166588058099
ck_66d38518f68e6194,0.00047454056069372926
ck_8c9b57ad2a991416,0.005441442344255398
ck_cc91bd7152d3e9ba,0.0021079910413401614
ck_0d846660c7957a88,0.002644837194907151
ck_60896cdac2212bea,0.007175766927710719
ck_dc4db8b932df49de,0.10932258200416706
ck_2dc31db181150e20,0.000988337241936539
ck_2f138fce1171e277,0.0006299413093644936
ck_68b8b859a6ef505b,0.002137968755821705
ck_c3fe0c6c5e1f40f6,0.0022479721623713004
ck_15886fe84866de92,0.012068924280361326
ck_ea269b35406473e8,0.0008350684537348676
ck_3ce7cad1f69b71d6,0.009895354442860785
ck_054ed4288ee58d6e,0.01582791308914506
ck_3d4913a86f207fee,0.0400139331241943
ck_23ff85f9d2355e8d,0.004451771413156753
ck_d87ab3261322216a,0.0009300047138382772
ck_fac046ce336fe39d,0.004779294478073636
ck_beb97e498e6cf8e8,0.09165077827284744
ck_1f517e0ebf397b51,0.0030438794131991517
ck_0af57ebaa45877a1,0.00028886777066701707
ck_f99bc1732ce5e999,0.008510428330281861
ck_abb056a9deab275a,0.012353355549656565
ck_0bfc394c5faa65cb,0.009009053111988196
ck_ddc865af1dd5670e,0.0073382232696101325
ck_68b5542459638b56,0.01890447494934943
ck_0b1d84252c0b46c2,0.001293730922096985
ck_520ec32c4f253604,0.015211170002083807
ck_79ffcfee599d77c7,0.002956260977248837
ck_eb224c0fd146253f,0.024140411544798214
ck_0e477084434da450,0.005264887055246111
ck_07840bba5570785b,0.0038786522544576266
ck_6b67fe8e310ab865,0.008128617230995526
ck_e2a1068c2fa22525,0.021518169206701885
ck_b9c6b32f6bd92a3c,0.0071866518726018454
ck_c1e7d1021ae58f00,0.0002514484300441415
ck_5d7801201749ffde,0.02968449344868021
ck_c8806749e263f70b,7.693418744997167e-05
ck_c9eeab826781dc91,0.01847097662290659
ck_309a432c160a17b3,0.0021955372384920143
ck_b22e3337b8e3dbb2,0.0004385706119792123
ck_79c30169c71b8033,0.6685350142177152
ck_5a6593d954085775,0.006165168917209187
ck_70b9b79ea1aacba8,0.007750330419000156
ck_63743141ffa11f45,0.0019246461043594216
ck_dfd3dbd0d97a642b,0.0023114370481692255
ck_635646a661f05b4a,0.010974563320399481
ck_4b123d6931b6d0d7,0.035157004678860564
ck_f2b0e7a47f442557,0.7040311834558884
ck_1b1df006b81d38ba,0.006250271361883189
ck_360237c1bd30f4bd,0.004560973165272499
ck_5e84bca0e362da20,0.016011522477477325
ck_142dba210ed2f3b5,0.04190093270614781
ck_a3564236069e3524,0.1009080132494003
ck_cf36d8b070ded782,0.007270723266987379
ck_ddd6625c5eddad70,0.00040402371281198
ck_ad54292a0b2f44ef,0.0026613535653296117
ck_45cd5ef6b359e9b4,0.0025469742090221494
ck_982c2392238b7be3,0.1929094295125634
ck_083e4ac78685c3bb,0.004864967761214487
ck_729cc0b46cc2e546,0.12675996386382143
ck_f2b8995fe5402759,0.0012377727285832149
ck_73e24f5a8da289b3,0.015796512373679468
ck_bd85f30c36f5998d,0.06300058127394784
ck_ee4ff3aeadf912c1,0.002059949127963852
ck_63d2978706e193d2,0.01649421447557444
ck_6a0684436a1e66c3,0.009838729528301884
ck_182dc4a2f5a366da,0.0004085480557606449
ck_e6fecb82fc2a82de,0.003774515802018195
ck_cfb06f07394dfe64,0.00011610766691464836
ck_7bbe1dc8add17ef0,0.00369146044124947
ck_5cacad76e02c8e3d,0.8549662375040847
ck_ca68dec0c7df5a12,0.004071110137562581
ck_e4c0fc52c82065d3,0.0022909350484221808
ck_f9197b070416f443,0.0011425581127033908
ck_2a07c7021b71cf65,0.022207038725314987
ck_4fa85cebf707de2c,0.00041770184374251653
ck_0063d2a9507467e5,0.0021844384062362906
ck_ec986285fff05b7d,0.002709232677265693
ck_279d43303708109b,0.0013732920644071234
ck_a406bf11e48cf8c5,0.021191928549321306
ck_064b2aa3f0bfdb6e,0.005062616531343359
ck_95790440bc4bd2d0,0.009937284536559302
ck_70066eea13b4c34f,0.002324036025748272
ck_19468fe07e26f992,0.6184379247764801
ck_86bfe328e0a533b9,0.6654732022377708
ck_ace3b96c977a7560,0.01954741724511576
ck_642344e5c652d8df,0.011369541817643903
ck_074be35c951ae10a,0.0073833115054218945
ck_f14dce41036486a3,0.7539900342827366
ck_5cf67a3a747e684d,0.010958946309066875
ck_f7285b92648c1c81,0.0011298625148536178
ck_bef3193f124fca5c,0.1857389927226706
ck_05c4dcbb45de1f8d,0.0016479338584216559
ck_d7c28eaa05bb7144,0.0034956156508001326
ck_320df984791a1b99,0.0006392670804437753
ck_f45bad1606fa00a7,0.0025475789633241596
ck_6f81c199e986d9fc,0.0013842163775738211
ck_d0c9633fed57c344,0.004629856826715662
ck_a3c25d6cc7478068,0.00614434513507696
ck_4185506d12cf9fa0,0.0006757198982834828
ck_7a02ee1bfba7353b,0.020938648666627764
ck_1b52590757c0fbeb,0.009746689298007627
ck_a0e5656e1cf9cbf5,0.0007715898124529246
ck_ace21f6daef94f6e,0.001116640396267588
ck_646d8d0834782d6a,0.11926740282312089
ck_1f136a4476b5e775,0.016326431719753443
ck_325c7643cce02da3,0.022177993141519647
ck_9b5e7fe28208f5d1,0.0010048779572836906
ck_05d81b1a150f31c5,0.00014444395407885483
ck_0e9ec486bff403c5,0.0014182894650484619
ck_ee13c091bc379188,0.0036299283285619677
ck_f7a7f8f5903617c5,0.003624614538417113
ck_96c3a3517153390e,0.005972837903064054
ck_538dad7f096458ad,0.0013905733714914654
ck_8758fc6622bbb7df,0.012419348703250156
ck_f7e53af3c91fec64,0.009188032547502625
ck_80b50fad7f255e1d,0.0020248089368567128
ck_9645e7adc08631b5,0.013667400857410679
ck_e007aedbf37d6ec7,0.00685622487243077
ck_2951d76c41de2569,0.024082027686859468
ck_9439bff87e616d4a,0.005933394383774366
ck_a73045e96af0e4fe,0.004813292317077815
ck_7b382e533e2e925a,0.03249727556678827
ck_730226c2d216cacc,0.0026326578657372268
ck_bdf837d761a7cec2,0.34111051270782006
ck_0b34197335ba3341,0.00934653493584615
ck_49170c4b31a20f5c,0.00016693531619330605
ck_cd553ba6589d8bfd,0.0027994208081415285
ck_56b992c6f136fa5e,0.008990308792225843
ck_8beae3d7328fa41a,0.06565012634855848
ck_1a065ea906ae3d6a,0.0013862164415841566
ck_e9e3381d5e0e5051,0.0030915650957128436
ck_a6d4f998dadc90c2,0.7025032449347012
ck_d36733da917115a6,0.023937699796063756
ck_e738e920bbd74a7d,0.011493998357903257
ck_af65eb885a51048d,0.0001981834046137592
ck_73f4eb09af29b1c0,0.037032397810171425
ck_8fc641b1750a2542,0.038658368785347626
ck_41b954c7a948c060,0.0031354510514907
ck_25fc3010e8a0f6d7,0.0019079158384145032
ck_a2624e0387974e0e,0.013461190618907068
ck_5cb9d7b2329d5ab6,0.01996094356603459
ck_6c83aa1d100a7cd8,0.030909642989327562
ck_67025c64588abd1e,0.0007770842392052343
ck_f5dde68f6f0468e1,0.0010530850782740644
ck_46bfb2cfc29a6d2e,0.0028362389683270037
ck_49dddb894d33f6db,0.015828743133428344
ck_f738b633b8862d18,0.0001796962417825057
ck_3d6c3c00d854f5a4,0.1129235289132705
ck_cdb8061d8d1a6c5f,0.002161207279991652
ck_5e1b81848718bdc3,0.01127010469218346
ck_8def763034187436,0.0032505435860111687
ck_8f8e4fb9c6190272,0.0035292676304441647
ck_368b968b5f33431e,0.0010067474521240367
ck_ba7e347251ea399b,0.011828006476274177
ck_9075432001a64e75,0.016073968303126372
ck_73c5371635aca173,0.590986275404436
ck_81793387b38047cc,0.0020028094447901287
ck_0cf220816e320ac5,0.0005961844526602759
ck_820219bb9c761b52,0.15945003355030862
ck_70a932ab39d86a24,0.00019259965715283503
ck_2c4be237a7ed79c7,0.0008466271428898471
ck_acc764b49ef02826,0.5470683640704096
ck_74c3c3452e4e7cce,0.004730764916987345
ck_34dfb57e5bf31d2f,0.007596438844074065
ck_6ec39903f765956d,0.007761575933884683
ck_5986119e7d81e831,0.009437472797309438
ck_2ddfc948b8eac752,0.19754764485249923
ck_921ff5ceaf40a968,0.03166627642328215
ck_fb3b68b4424b5f92,0.005992158003704979
ck_c3db1b3ad4f16679,0.011858126011263405
ck_124a197be41687f5,0.007271105675476179
ck_c58d9151834f5bad,0.007881069417755623
ck_389607982eb6b701,0.6938725463173395
ck_fb0c138c003e933a,0.0005380904693065833
ck_50d0bb7edd8c69c0,0.023077875449223743
ck_c6cb651149dc9a8a,0.0005916829720987809
ck_81e21354e477eceb,0.01540870119779483
ck_7696e38b3e4197b0,0.0012675843728404083
ck_586001d3ed9e7fbc,0.0009354437599170268
ck_bba413492dc46f2a,0.0035632009709491153
ck_95b894380ad2702a,0.025642162695290016
ck_277621473369614f,0.5934357964546664
ck_a50621b5eeca84b4,0.00013612938307531203
ck_bfa7ba218b988cde,0.017258959792967377
ck_5ea89567dfe78e4b,0.022753510489366458
ck_6c679602a6476ab2,0.01184498815319789
ck_d3885e286b3b11d2,0.03810706534594442
ck_cdcf6671b37c9c92,0.002180643544824356
ck_b5c93e6d34f8d366,0.0008429108902808075
ck_c24f61925dc158d5,0.07652934638649177
ck_cd09375e6c81d2c4,0.003101120883991638
ck_a95afc7a00303a26,0.028287877040746263
ck_8e89ca8b39f3f8ad,0.001831707459538887
ck_9a84b396aada3fa8,0.016113955788565587
ck_5124a2e415384945,0.08231550093130616
ck_d66bb1f063357f99,0.001973123382349212
ck_0fd9312411b0ac55,0.01535583494402733
ck_ad8cbe6e27e47ede,0.012954814286181608
ck_8398adeaf41f9cae,0.007000259863151326
ck_dcf851e7bb5855d0,0.0009802523011476654
ck_9affb0f26776b642,0.0016899461230968512
ck_f0424b3b36bdbef0,0.06071070928153811
ck_66746d1090d6d9e9,0.0004466423743171338
ck_e5f8c8a5824db594,0.02278288909025809
ck_3e91dcc209431984,0.026888814017067813
ck_126a82e8d42e5ce6,0.0007298427270175931
ck_38e4a74ab256e2eb,0.002070852388246247
ck_1225a97fc413a419,0.062242589022066384
ck_9b5ec0f78e160e65,0.0016089518456831402
ck_7c5529bcc079600b,0.015161179742921594
ck_29640fc2fe81c251,0.2832803452232057
ck_160e9ba0a3f7c1fd,0.0018126714511048836
ck_bff090cb4ab76b9f,0.012930055380941437
ck_aa06ed358e43db69,0.03774764864416429
ck_7264486eb512d84a,0.002577116308963879
ck_f5a32e6160b28379,0.005953846696081414
ck_4ba8bec14c2217e1,0.0013698553092464723
ck_610815786d729d2f,0.004946987978269604
ck_e267999226b6321b,0.00024564110000418023
ck_f3996a3c8eea1ea0,0.0019482580449432646
ck_e9b75ed7567a3f23,0.025498724539528117
ck_d21612d48bb4f7b8,0.004787859245712652
ck_1f871df76c6a995b,0.05249740243029518
ck_953bd5de48ccd70f,0.6003210346850882
ck_02a9104419a6dbaf,0.012238721116799006
ck_1eeeee651e05d535,0.05507462859644947
ck_e2ab04136a442a98,0.000592823173679265
ck_f0d806624ef3d359,0.007366584042268918
ck_4b68b38c1b3326a3,0.005334119497826882
ck_74e60495f8861156,0.00671617045432436
ck_398f3f4cf05c721b,0.001700568411174882
ck_f761b7650a0c1a85,0.008454506278991504
ck_7dadef33f5e2d94f,0.9279539135597445
ck_6ff6883633b8c7ba,0.00022135560250107565
ck_4d2159603045109e,0.0030127588124954823
ck_a38bd07a5fac5c9a,0.0023887010090774584
ck_f517f06551e69507,0.0008743897963570521
ck_a7ea00a1760ad561,0.8069720432815531
ck_31fc51d5a3dfe16a,0.006095550382837925
ck_bac5233623b25ca4,0.0036087466499880724
ck_385188ab27784fe3,0.048855724535984905
ck_9947a323bab5cacd,0.11305686944154417
ck_7973edc9f22ee7b6,0.01413876078268992
ck_f97c477986043755,0.0009066321101790791
ck_1a3fd2cc4b4de196,0.0019884403724779926
ck_e18ac29ea62cb435,0.023167477453205302
ck_9720a472a3e0140c,0.0005845307900688887
ck_668c7fc7d7e47c0e,0.06579035362652189
ck_214af0806470ef48,0.005349872666122333
ck_a46c1773f01f0be7,0.04022280994155025
ck_f2bdcfb4203ffdee,0.01832424173721754
ck_40e84e6ffe788a4c,0.014473757704379487
ck_dfc6f5712d8d6678,0.048661727059144504
ck_01ef1036b2e66a4b,0.0015961476256620727
ck_3acfec10eec32f9c,0.0039452839745904725
ck_084a85145c15ed77,0.010578577741797835
ck_fcdb4fe2f095fba1,0.13447178107065344
ck_023908db0a193076,0.01705142246507142
ck_fec0ff92fd622253,0.005480743775976442
ck_c009c97d5fafbced,0.11038895652975438
ck_eb9f0c06ee017ee5,0.014231999630999958
ck_d7792b429620fc24,0.0008306049304965784
ck_5e9e149a3b69c726,0.008654495609775692
ck_ce927322ef8f651c,0.003970818023521732
ck_b8fd61a8e82bce32,0.2795799398351901
ck_9aafc33fba1474cb,0.001937319066613428
ck_ce81ff9b8b35562f,0.013868559056855885
ck_25bfca1d8eaa152d,0.005873431067165426
ck_170c65860e2a7e23,0.004230889932175234
ck_952da7ca9f33decb,0.008112113870152073
ck_1ebd574406235957,0.003276731838130266
ck_589109a188adc2c1,0.00395659109434266
ck_f0cbd5383bb07778,0.025724936350822656
ck_242521e261148fba,0.0013667944441912879
ck_509cece86a558de4,0.0030001864706723077
ck_0dd7c5925d28755c,0.0017736884583542003
ck_a7e669cf1c3985aa,0.0016097170519062676
ck_acb84dc2351eeb76,0.0005439894673806634
ck_b837c7dac2a9b931,0.012549956111616025
ck_18eb1f9181f95df4,0.0019612177729976363
ck_b0b9047dddb1ec84,0.3261023527454207
ck_43aa136bdb0a2832,0.23607980437441425
ck_3e47f8c56c811700,0.02553444414867482
ck_77c587d24695ea15,0.0027638473638562653
ck_20578ac693ea4e93,0.011568017633748765
ck_b9f6040eebd1605f,0.03705665660368794
ck_ca9d86f65cfdf018,0.0032707590151120937
ck_a4fa8833995c716a,0.001242612618538666
ck_f589f1e29301b5fd,0.005885072387562874
ck_961ddb8ff55d868e,0.0004833793662471351
ck_5662492a54e6688b,0.07800380378438859
ck_ad48826c1c26eb78,0.48239240489263335
ck_621c9ddde6bf2eca,0.007985075159018654
ck_417a3500b2c717b3,0.011979092385940571
ck_c7e129058beb3ac1,0.007409960244544702
ck_ec1c902b9b9b9c5f,0.10599742606256932
ck_317360ec0a67d27e,0.06989627041624279
ck_3e3ea5d8c4a229dc,0.017255638679656394
ck_d11d27de7bf0b973,0.15973194989284342
ck_d37d56e931105db0,0.0006042583427381878
ck_4863077723cd6ce1,0.0006505377782933385
ck_479a065d5903e9c3,0.0016074427861256047
ck_e66ae4fd586fedea,0.0033119979983577694
ck_192bbfd0d5720134,0.001062829287599092
ck_3b436cb29af99f3d,0.003657811121390718
ck_7c7ca54969eed187,0.021340375827542286
ck_826ee896c9f1144d,0.05894213099367104
ck_ba1f6dd43fc8a0b1,0.002725385667083122
ck_49685deb63e4e8f8,0.0041163108718113095
ck_687ab5d5554bfa79,0.0019214520425064842
ck_41346ccd9242cc8f,0.00041936262754984846
ck_8f8e5e2b9dfec3d1,0.017468216759135187
ck_94d5ce61a0c50465,0.0019781447222763883
ck_6b954c75aad8c012,0.02817537481324295
ck_748af92828c9d288,0.004619404575177597
ck_dddd14091ce812c2,0.010604407663614186
ck_723323f6870fab59,0.01878449274113474
ck_dbdf8d0708cc6718,0.00292548503545296
ck_f04938570a154de3,0.003567548921058049
ck_58afa1550b3b5294,0.005394766415921098
ck_3b150afde386ecff,0.02290596611265861
ck_666b95e75d99ec4e,0.6701794441653739
ck_e00332597cf1eb24,0.019525062932329782
ck_9a9e3dac79280d7f,0.06197396797851603
ck_e8d37262e859d9a1,0.013290628088218934
ck_895bb39d24bc1c4c,0.0009125726326582038
ck_b367449195e36499,0.009545681459858865
ck_d23f9a50d1135ce1,0.13578332323649214
ck_670dc4910cf476c2,0.0005397735987757184
ck_3ecd8a5ce65e21ca,0.0005326457198833364
ck_8584fea2df4c6317,0.0287784558640439
ck_0789ff4562202b20,0.008597481289313104
ck_749e0e50c3907be8,0.0030296495616868686
ck_c3ff6790cc6d7e34,0.0019594435226055903
ck_75fb7e56432ee4b2,0.0024378423586050063
ck_529fc3170fd11abd,0.013260864422884332
ck_34a69b3b4a681796,0.15291628742798738
ck_255f0e5888ae9e23,0.006199847333263866
ck_65be698386474170,0.00024882932984263687
ck_5eec9ed855c26000,0.0025667764556896746
ck_5ab39bdc9610f6f3,0.45175877447172275
ck_1b5b75762f033462,0.006896688528723337
ck_d3e208671cf37f91,0.9526504479048727
ck_5068ee554ceff971,0.0028455369299972932
ck_d7d50fb57fcb2d0e,0.0006560084261949216
ck_ba6e1115fceaa067,0.013456807972400361
ck_d07bfb16a4a7dac0,0.9588781084248014
ck_ead68310311690c8,0.5268349341782631
ck_ee53ce862bc9c111,0.01501359898099011
ck_97e56e6037024dff,0.00019411443804874816
ck_80b04344c98ec072,0.002222089312277802
ck_5954f45a2ab45f43,0.006832743505181092
ck_18ddf7e836256e3b,0.02066513200202262
ck_89a1a780144d808b,0.009000992794232157
ck_a7331e8b808c39aa,0.023753834227592235
ck_a1fd0ad03ff9b776,0.017101873787797258
ck_c0cf50eef030b401,0.00044925918305141173
ck_074f20921189e7d6,0.001991931589214755
ck_e2aa7be60794593d,0.049107435007461446
ck_72771757dfb7f7a8,0.01290138258031032
ck_a9cd84a6dddfe584,0.06577445342056307
ck_142c00f9f8557504,0.032270836376138444
ck_221b5d40358230f4,0.007186126500280633
ck_a2d7a563f520b7ea,0.0034305002458776684
ck_66cd34bc568d95e0,0.014648300721384568
ck_a17128972d3e507d,0.008822478989598932
ck_bda299466bb2136e,0.01193319575340988
ck_2b699066665abe8a,0.0027271320379754996
ck_0ac9848bd4ba0c14,0.0011118542164682435
ck_98d2f9a6ba3a3077,0.6612035400828524
ck_a872df31b28a5f7f,0.10297656325933775
ck_7e73e1d44ce82ed9,0.0015543536268393513
ck_1a415416f620d49d,0.001057917387541404
ck_c95c786d2f8b8edc,0.0013590828300102584
ck_e45012f22b7f91d5,0.0018896494974996448
ck_aa0b083e2a6813eb,0.02305707208138825
ck_4666232ddbf77756,0.0032234493145144516
ck_e08e9c8ec5f23d8b,0.009073466629652855
ck_31d4c0518e5f52c6,0.0008427811166663279
ck_c1ab40638f04cb02,0.003170061052824361
ck_4c1fdd1669c7cf51,0.0005700525984521903
ck_11662cc7940ffc82,0.008569576828119728
ck_2e679af24adedac8,0.0030828223215366235
ck_454b9e21b7f25a4c,0.0010902137387474727
ck_355c4f29089731e8,0.6566873872942179
ck_507e40760a24d2d5,0.011343940164385237
ck_0943e0f305078e34,0.866275640666906
ck_abc54ed7111e9ed1,0.0008195169233802433
ck_a60fe02fc04407a9,0.01579792824291055
ck_244b897bb4d57c1f,0.004136669004628855
ck_8c84fcde93a04334,0.06465281341564788
ck_9eea37d2de633b27,0.0020347904442554474
ck_b2cb9e6610eca967,0.0036654337890621898
ck_09aadb4c41b166f1,0.016643332962424665
ck_8d94fbb4828ef326,0.0009449395175413664
ck_089e3a07abbe3b8f,0.0016248203192554755
ck_dfee9de05e3971cf,0.0031557249513803546
ck_6abf8302ce052451,0.06885926750102637
ck_6ffa90143838a4a2,0.0028335242642214243
ck_325caeab5c7a9c3a,0.004873524536479579
ck_1964ee9db929a173,0.6405033295785225
ck_942b95988a6245a6,0.03474179372053192
ck_913ecdeeb8e21a9c,0.0017824602529164406
ck_ecf9794349eb4b3b,0.033511604252160924
ck_b6cb8d6ae828eed1,0.02195373915967693
ck_2f82ea66c4f53b33,0.08736826149101709
ck_6e676daa4855b58f,0.021881634196625952
ck_2a37fef48b44e9c8,0.013741999206319445
ck_3bd12d468fdc2450,0.004161917056882936
ck_1a28b6a40a6bd3b4,0.029828189468811297
ck_61b79dec96d15713,0.0004063190018223365
ck_31d5e3daced93d3c,0.0076705024200155675
ck_e6c8611c0cf233d7,0.0004425040882351101
ck_f04761b4a937ac3b,0.0023727164063480724
ck_38c1c75cf055031b,0.04553468646842335
ck_59a561f3df01441a,0.011005929335977422
ck_04e40f556a5062ef,0.0013625759634333335
ck_8409716d174635b6,0.0028663689070775275
ck_3019afee83342701,0.005668608903020277
ck_b51a58e7f032c9a8,0.005895278051900569
ck_5043e474f848346d,0.00646478689282747
ck_4388abce33ecd01b,0.23697390360150994
ck_c93def7392f0aff5,0.03749800572280749
ck_72e7b1acc19df820,0.006165642281752813
ck_f253130dc3ca5b3c,0.0027896309929284343
ck_eb264d1b180d4b4c,0.3698461754808306
ck_c2504f5a113433ee,0.0006575874355904725
ck_c16ab1e4dafb4910,0.20301326852124682
ck_4bc42878fa180991,0.02492917402128996
ck_1c771a7c78f6622c,0.036587911235427525
ck_d523f0e50a2747ad,0.0014787296140736817
ck_9060f4e7ab7a1b0c,0.004672863517890568
ck_6b55ec4e87a5e22c,0.10077798335290976
ck_55fc62a5f89a7251,0.010064820584833972
ck_bd2545c62f258231,0.028252604099089834
ck_1ccdc69d0bb712b4,0.0017166937181845906
ck_710f867a3bd5898c,0.0026062581463973545
ck_f91d48c40337d375,0.0052899850997479075
ck_f76d929541ed41dd,0.016099219024050607
ck_e26a6659c237b650,0.021695793159654538
ck_184983177b73dea5,0.01530423067288044
ck_6d0d081bfa8a0022,0.026149580756047928
ck_2f6e64f638da0f97,0.0010000400523500323
ck_15b93103ccd38609,0.0033420321392124627
ck_094d10439b7b4eac,0.0010283750503600787
ck_d2ca47180a926ba2,0.030002682363394713
ck_a69ca7b9d70972bb,0.009922068633000058
ck_68914e67343a7d32,0.002114443208732513
ck_8176616132458c0f,0.0011954888644505055
ck_eee99af3598311b8,0.0030083169343973586
ck_94410eedfca91304,0.013715244591950384
ck_cfb11a0a2325bff5,0.0018540682638244815
ck_75217ee144b715f8,0.012545319134658504
ck_d56fc799542299b8,0.00037212485964499407
ck_4c352dd3e7c81269,0.012139272413583873
ck_e23e50e02cb3904d,0.018896691443050825
ck_b921af37d500e139,0.10050702110942575
ck_82181b935360dcbc,0.9270478050909593
ck_22a7cf3b99c5e5fd,0.004633294104263243
ck_f67ee7910d532216,0.01203676578945805
ck_5f48762a14a0326f,0.001113227765306762
ck_1757fcb0e6e3f88e,0.07367572351926546
ck_2c2f080ba185016e,0.02509920006310634
ck_4c25570eb72711b8,0.0008568117119345161
ck_a3be871ca22ac416,0.0037258402254968103
ck_ab70961e7c6695b2,0.0019616625662737847
ck_a1cdebfc42a52448,0.0005118683903713386
ck_f1b80b821a20186d,0.050580795480241275
ck_ae668e4564cd2aa1,0.0016748522702130216
ck_0e2bc3a5afa439d8,0.030144288445383905
ck_3dc378f37d0b74b8,0.012027558417306768
ck_9f9555197480d1cd,0.003265976901057669
ck_bf4e7d48770a4a8b,0.03006880389418856
ck_614ef655f0685060,0.04587626965123558
ck_04d2ea38ee27770f,0.0003589082101623064
ck_e03a9d8ac94161d5,0.0019292316853287837
ck_d4007b5b26d9d854,0.00033778563492886134
ck_2dd147ce6d61749f,0.01161867212436493
ck_ff45764ea7d6619f,0.010821311166668499
ck_dbc487cb0a6c18da,0.7669637063279056
ck_791d5392bbd80447,0.0027614099781108578
ck_b4068439c413b150,0.0539660223775216
ck_85df7b7de9700aba,0.0011577228813223737
ck_001e42551cd06e40,0.00454682268277167
ck_a6c02ae50932cd9d,0.0019213843860209818
ck_9fd0be2c018ff5e4,0.0043237571171706995
ck_32a495128395fde5,0.0021760266892156994
ck_b6f2a2fd232c141b,0.006499279847316608
ck_28dde633692904b0,0.08188074658622256
ck_a1a93c5f375f6021,0.0006099154833660623
ck_e3982142336782df,0.004221159330555475
ck_a9812ff3c111ea94,0.01737927140999795
ck_f04062216f95fa00,0.011751635263606723
ck_7c560467daca735f,0.00010695442510288136
ck_76ee10d6e2dba70f,0.021895799018440684
ck_3521243bdac61178,0.0022412489823925344
ck_28588fb03b320520,0.01660309627611954
ck_580dcec33ec232b8,0.0034279958368602804
ck_7109923fd7dab20a,0.006963187415811654
ck_7c872c99481c1e9e,0.005038812668993582
ck_46f4e1f5026f4d1b,0.000258705413684775
ck_00d1ebc31ec4653c,0.004733868552064098
ck_aac70764dde15168,0.01628443181623439
ck_648c03f9aa4e45f1,0.001127013013688888
ck_5478eb69ef912785,0.20049320598490475
ck_79b8523137bb2603,0.0661843517254926
ck_795c49f312640019,5.32986785024265e-05
ck_89184bf7b7fe41cd,0.11206923885993815
ck_97d4bd922996fa10,0.003682175112605361
ck_1cef30d08f3a598d,0.0011296436087910424
ck_2f9fd36a4a40a6a8,0.00026791358904806433
ck_40780fc0f8d6f309,0.005454599345397784
ck_9083ca9fec2a7f4c,0.0034312310826021732
ck_62081bc35aa59931,0.0043408642855650124
ck_2e1b46c5fc56b863,0.061059419230143325
ck_3d139692c51b604a,0.05110174389265726
ck_b5e54e22e3d6960a,0.001875057451850296
ck_c0c4be3f44311b04,0.0016753309699679326
ck_82a8bdd2692c2a5e,0.0006945491151020876
ck_bdd2da300b530c5a,0.006442029157402574
ck_ee40498cd97183d3,0.002186503945600847
ck_70b9274473bd6dfe,0.0024946905065477447
ck_473d6314ea614b29,0.0023516328054495796
ck_7443d6dca8cd1352,0.0010861512094182224
ck_3b49768b448b071e,0.0036777997449834055
ck_b43f04431c267dea,0.00031637131219041666
ck_4424a5223ba2fe00,0.004458060868146436
ck_819bf3e8231f4081,0.03123748516274437
ck_91d417507a8c58cb,0.12117954815500101
ck_e88e86b19cada4aa,0.015461198847821761
ck_59684167f9c6bf4c,0.08623585617927544
ck_d5f5b0dc97b9dc27,0.0025301338332051303
ck_13d1b192bbff8f32,0.006747079975295154
ck_b21d8630387cabce,0.0038786911594779734
ck_e4ac22046699b99f,0.0021598078636204917
ck_74b848064f2ff45d,0.00098011053785858
ck_166aa980cc87fa77,0.050857593368609004
ck_98e337806104dd88,0.0018337710864111845
ck_66eb09be007f0755,0.008300274852475129
ck_3ec9b9d8dd7be11c,0.0074015505816766285
ck_8b8b9de339d75d0b,0.002190257009568423
ck_6715139e240007d9,0.0007369890726018047
ck_a0255ab46e122d2f,0.00037615041684148923
ck_66e81a4190c33510,0.002563636543307986
ck_5d75ea4f5c9080bc,0.16166066087688055
ck_df69858b8a8b3165,0.002870822263254022
ck_e15252ebd7553422,0.0015658282721682892
ck_34d6d74bb3ed11e5,0.0004515959751695643
ck_c2608f78f6851d10,0.6251225861648692
ck_bb99071e8f58c8a4,0.38233643036012227
ck_06010f0df5b7cef8,0.02356610301818763
ck_8c582eb0f6c0148c,0.0018952038520138033
ck_0034d010d28aea78,0.009713524649965787
ck_01c1f06692566ca1,0.0025706745245073007
ck_4807726e797fb893,0.014317701065540707
ck_edc9668282e3c8cb,0.018857931979502692
ck_5486768475af7bb5,0.929613860866316
ck_3fb9813849e51837,0.0006981352633408338
ck_861af5a9a9a6d619,0.0013680775141430756
ck_da39653add0f1109,0.0005116362769363031
ck_74a4244eb1f162e4,0.00020906426856371534
ck_9a930faade55b8ea,0.00042105274834654407
ck_fb6e06ca88519dcd,0.0020640816443856865
ck_9776cd8263a9f415,0.004077229533920883
ck_b3dd1198ac5aea73,0.004490212030338494
ck_b6675a04df1a4276,0.002066543760118239
ck_5c7ad6e731b69333,0.13832471184644263
ck_28dc0fdbaec00580,0.012447946111282072
ck_8e7a32f7e3905f4e,0.018792868174253626
ck_8563fed6674afc77,0.006961919421361919
ck_9a2fcccb82da663e,0.00482635602115386
ck_6a519bdac0d94527,0.000551727808390024
ck_a0dab7aa9c4a39a9,0.0024544936379419
ck_a3ce05e9e5e32142,0.0068825247085320404
ck_7a7e40ee3f97c035,0.01929298557862952
ck_9e9a830785112a73,0.010945480530927277
ck_ab1bb02f6b189304,0.2796129951143583
ck_7b8cb0f90fbdc8c6,0.002809287283465361
ck_b138fc249e659e60,0.004185385394873944
ck_e73caa3771ec5e0f,0.0029193772035122434
ck_18a55b06ccccd88b,0.016300399886144953
ck_fdcb1d9265d8fec1,0.03785055900573057
ck_e21a900556b382ad,0.014939892306068977
ck_c6bf67470f526771,0.01709784578039567
ck_b568ba3837afb39a,0.00047620522839230024
ck_a2858979dd5645ef,0.0018218977412414051
ck_1da9d40837ebaa57,0.007108182658613363
ck_9341c7959543c542,0.000385295046506694
ck_c8ad86806b9a2369,0.022477567690715038
ck_5c85d93ecfed4b0e,0.003948619523483149
ck_f07b09879d697b82,0.0005277368890807329
ck_fe43da07608b1749,0.006612796567380773
ck_4bca22b5926b9c28,0.00026712517538221315
ck_aba573aa942b1d41,0.001179764843945768
ck_57c14e32fa4683bf,0.0005808337564579346
ck_891530b489ce402b,0.0031158902871814497
ck_5e74fdadb93ff293,0.012956250251512732
ck_14436a409ebcc90f,0.0042338678460839664
ck_00013fdfa0bd37dd,0.001325765181424316
ck_7dbe24ba01316775,0.025607140324723648
ck_0e3f80c1553c591b,0.015201371121282005
ck_3edc45db58760d76,0.0018293660449687054
ck_29076a13f539187a,0.05966835728519457
ck_b1e81b58b9a545ce,0.053551466461862034
ck_3f8571d4f7420b2a,0.010202396335793102
ck_7dff6abe4bd644dd,0.5769751547360649
ck_2884bab237af16b7,0.006448271240753163
ck_231e6dd1fe708000,0.004389015371609772
ck_33ecaa7b892e73df,0.0023872554704960068
ck_b109ec4c63503030,0.0011425474434789886
ck_a7f522382509cef1,0.001076694397902887
ck_748b3ea941d8b3b9,0.005522796817855415
ck_29f3a1737a2d9634,0.01324421181194524
ck_cee8d42475a0f020,0.0035178911990406195
ck_c6b6ebe145a8ffab,0.0016698787153893828
ck_21c99e1d6b881894,0.0004746631146695139
ck_5ad798286384484e,0.004442174021284596
ck_b621b6ffcc7f4848,0.0003405833484094737
ck_ea819e337233475c,0.029349114062520158
ck_9e3896c2668ce06b,0.01405111461188088
ck_501dcf1ead036d2b,0.0015747482181676744
ck_8d5eda29a2cffa3c,0.0007598456766893326
ck_4d3aa36ff83f1132,0.4960272544913501
ck_8e9faf94e3e6c757,0.00038500561941294005
ck_ce0ec41f96951048,0.042478801526410426
ck_f09165d73ee903b1,0.004620353714136144
ck_a432b1bf1d3b3d5e,0.33052263971700446
ck_ea618f720ff0b4b0,0.00425773284867239
ck_7584e7bd755cb28a,0.0035376615705166657
ck_e14681aad43e1a72,0.048523484047666925
ck_5e18870d8e30e379,0.0015075165285842517
ck_ff7c26a62bda8089,0.0004692044167172035
ck_cc5a35175d381d5a,0.0020972742089611775
ck_3c25029e40aa8a84,0.00410557700055211
ck_771247b5bc16c12a,0.00038856444169130564
ck_664b5e02759f985a,0.0016192385397781862
ck_692a9e8f504b9762,0.0001760696523919618
ck_df8ad2deb0a4ffed,0.012168997252875976
ck_eb48c0bcd12ea654,0.0027763983664586067
ck_7c77e597c951cdad,0.004855991226631637
ck_4f75144c6f3b13ad,0.003498185018762452
ck_1bcff399166d7c43,0.0022463928345795095
ck_975c2aa3d4a8c51a,0.0021256319531760726
ck_bc6f07b06aaa4ce3,0.13667649574400223
ck_80b072b7f3c7e8e5,0.0009806338866393247
ck_471e4018a23b4e56,0.007304565943076468
ck_53cddfba570b4a3b,0.007002622027634565
ck_630530e50764f229,0.00383547923481946
ck_dcef7887a4f1e435,0.011923654343707806
ck_2795921a055643f6,0.002372172600957064
ck_7456df89f3792235,0.0014110809383512482
ck_5014a3b07e1f049f,0.3654218433615179
ck_d4ec44760cbe03f4,0.007173181723224248
ck_96810ad39d4cb7b0,0.009111047218713475
ck_3222ea25aa29bfa6,0.0005494064387806331
ck_f6c42001b84a10cb,0.10339838345970559
ck_5ac86682385c86b8,0.0072106520165027225
ck_4280c33af57eb4f4,0.00034797945837034753
ck_05f79ddd8eefaa56,0.00628704594923823
ck_3a57a13ce032a6fe,0.014215156825068569
ck_a721f0d635fad68a,0.0016985752137890107
ck_a3f821bdf408c326,0.0025482205747726396
ck_0ada63008be5685a,0.009922858540926841
ck_8c949bdc6e8720fa,0.031377137815602904
ck_c0d2c56f9c722e99,0.9874070860286099
ck_5d2b9e6e087b8dfc,0.7318933427980769
ck_5217b55593a332ca,0.05492914109936127
ck_7a7bb9be5a7e48ad,0.004410452420951347
ck_24cd0d779e866287,0.0006967648629610611
ck_7367917891a63771,0.008281521936814367
ck_4b31a8862a857e6e,0.5663646588519156
ck_81429c4910ca46cd,0.002354384439417764
ck_b35d803568f82d9a,0.008107820549388025
ck_4b00e75c2d2d0522,0.0011101549283360553
ck_77fced07f6dff42b,0.017154441304448976
ck_3c9a06eb07c300e4,0.0008021388121285966
ck_b3867f7f494db64c,0.0006885303096483706
ck_0c45e54897ab34e2,0.018381590523060726
ck_507a6a580ab55c76,0.012856326664105244
ck_291bffc7809f896a,0.0013407091640183215
ck_3753cc5b9d02e2fd,0.0004140912439741486
ck_4f63d5245b3ac1dd,0.008949537198712712
ck_9dfb2ae78659240a,0.00389033206691458
ck_90f6f5ced708aa75,0.00020374875363954667
ck_8b5b5a6b5539e39b,0.6349062135939152
ck_4719112b55d20161,0.005826450150322766
ck_fec888a7108ca52d,0.8621693639347094
ck_4f5d022c99f118b7,0.012982269633820813
ck_e967ff05514b697b,0.015023812149502935
ck_839ce35819bfa4fc,0.00020976904661272868
ck_bdee1221b9addff8,0.0032357735367088926
ck_9cde4036d0914427,0.006052019621172728
ck_5ac959cbcc5e98f3,0.0005880381421310035
ck_619842688294dabc,0.003977723314864136
ck_7373d7b04c7799bd,0.02964052773323651
ck_c1dd3feb9a0b6471,0.00932528625745808
ck_0324a4812ec319c6,0.0031956618042232143
ck_7f3685aa2933b251,0.0434790520031614
ck_06aee5a62a67a84c,0.1533929681380353
ck_3428910b44b9d08f,0.029170658287365096
ck_c3ba7534cefc1de8,0.007873421912090844
ck_1f1273a67cbad5e5,0.3265978607950808
ck_124565a11b2f8bb8,0.0013982618180362605
ck_38e46bc861e0165b,0.010266562652853051
ck_c8ad3f01319c065e,0.064701579411248
ck_3f94a34f5038f7c1,0.6584342457162224
ck_cee56be5a502fbd1,0.13723323601280107
ck_2b90b76cf4d162f9,0.008574806248912716
ck_884b2e463ff1d54f,0.0036576698882888658
ck_fab4f2f8531b4827,0.0038001084516149086
ck_4fc6256e0e60a926,0.006170277551378762
ck_0a2f8b2f8a5b6f02,0.00036339200861401226
ck_9c0deab8a8367c5e,0.00020975332232784722
ck_d3a2a4c011fa2554,0.0014920944133447198
ck_4108b4038f762817,0.5863765768597636
ck_4df036e2aa7e1056,0.0015357595188883837
ck_ec094eb1cbb3efc5,0.0008598905430103834
ck_09f8f51bfd2492c6,0.003767530869694538
ck_b60fb9a10d6f4489,0.024508960191178535
ck_3638bc3388dbc1bc,0.02944615299367976
ck_7a58e0cc9943c39a,0.00666109205660227
ck_37dab6a0a536ed49,0.032070585320473854
ck_adc576690df5b33b,0.01638339482043656
ck_1383b2b1875000f2,0.0016556556347557757
ck_43c1248db37a2eb0,0.0016151451509310297
ck_29c11bd68858e923,0.0003616734644967692
ck_9401f9e11f65337d,0.005879994752593172
ck_ce5ed372b1a2ed6b,0.008917308451938147
ck_08b4619490e751a8,0.9440579967645157
ck_44b9125526acb05d,0.07132434181425899
ck_ef1a1de20d2124cb,0.012031089061144471
ck_e5e2624b7fc89774,0.022126674134981747
ck_f5100511609b92c0,0.000263440988321783
ck_64f3bb17101b7c42,0.007021978392037111
ck_ea1e5b5128ecba2c,0.0008840237527802841
ck_516163fcf04d5e77,0.005722729691235918
ck_7f9a748110d70005,0.0045286602776019305
ck_d263b55f0a681cce,0.009571223964307271
ck_0e962eacf98a813e,0.0018682071399777071
ck_0406931800e0e2e6,0.004700858968768698
ck_0e9b982afc88a3a9,0.9965362293375208
ck_8bbb625384edebd7,0.00046444265702321017
ck_5eaeb87bf6207406,0.23729449786786005
ck_cc3318839c4b0745,0.003208637490744004
ck_08a0355d1f1890ef,0.0038388556797332636
ck_af7ffd1a822460d3,0.26098661109670357
ck_2a09c7aa870edb6b,0.0005603795883790791
ck_bc04f51c23290bcc,0.005777511313487789
ck_d3a8333cb389f4c6,0.0074858336621025645
ck_88e3dd3039508332,0.006214666958078508
ck_b8c7771de9b57705,0.0010449283021386284
ck_585ababa02383b50,0.0032022684502328647
ck_e988c108754cee9c,0.004442672242866956
ck_4a691892d9d6cf89,0.0023829328310511514
ck_7cdce37d895eefb8,0.006248115287760511
ck_483fb981a1fb4317,0.001583100569390146
ck_c1e5182bd99e0e35,0.09707545726356018
ck_9a1e3ec9a1839939,0.0016239091085174938
ck_5c3f13de0dbd5086,0.006665626841367928
ck_f4f6f0caaab70040,0.005948427198026357
ck_791be3378dd7d64c,0.004495163829931688
ck_956dd784525f5886,0.010912556232263166
ck_098167eaf124c279,0.008374487372027714
ck_33ecff7914349ebc,0.007141214209881362
ck_e05d44e46c7174e6,0.0060964769951410425
ck_1b2ce474fa6582b4,0.01433496721849066
ck_ab581082e8f72e3d,0.001593136551730435
ck_e63256667aa19070,0.011414496092054091
ck_f568772b6cb3febe,0.00703694155710192
ck_dd89a282375bbab6,0.06321448364629595
ck_a39d0bca345b492d,0.0024963753938784003
ck_d12d2924d0f7a64a,0.0035840138400975653
ck_6a548da1728b5823,0.5503606782727669
ck_6d64193681d2a94f,0.020627489514924054
ck_ced6b6dcdc7c201a,0.002921395488580831
ck_d1b0699d26282871,0.004309912122246569
ck_58f757e40a9b8877,0.00902570711260423
ck_3272c2c4a37d5220,0.45917775893688567
ck_d94dfde9e03c9d1a,0.009363001055328174
ck_08a6d4903a7fbaca,0.0048753932367592056
ck_6c72a36b05fa0f4c,0.006915413332021694
ck_dbb4bd4eda97255d,0.0026138980256608627
ck_94b59bbc824b307a,0.0018260273397795697
ck_0229a07185f15469,0.004371394920395684
ck_11bf1039f8b3025b,0.004721773676419112
ck_36789ca11459131e,0.05064936287922369
ck_8572c5f5c1447c62,0.02699127422733664
ck_9e75c6641939f4fc,0.034326459357027356
ck_b45e47c39d4dc7bf,0.008301024070784764
ck_02903c48b6cfd65d,0.0016426046948810687
ck_b153386f1729de81,0.004890350278790751
ck_36979996f33498f7,0.2909546223711794
ck_3c02d4dbbf6716b6,0.005154630287176921
ck_66c9a19963957531,0.03029033931400589
ck_bae8dae7cfd8baba,0.0007090590558548594
ck_bba0ccc6cd968680,0.03990028552990376
ck_3267fe3aac05c71e,0.005560686904901955
ck_40052cac10562cde,0.00498680541706497
ck_d973444855403e2a,0.006448968714051809
ck_012519bb095ad36b,0.7524699527259435
ck_ad7c256ea10c4a00,0.15931174205043758
ck_70a60e095e9b706f,0.0031406639129825035
ck_f2734417c0db4ee3,0.004662788854028421
ck_9cb89cc3178e0172,0.007218033396163471
ck_779cc0f2de4d5488,0.1522487176715091
ck_35f8656bf93e3b3d,0.010198297114345962
ck_bdd8eba728800e29,0.020921420470682614
ck_002cf760d173f0f8,0.011999361848474603
ck_b046067c6ca3831e,0.014057617058864592
ck_a4a42d4bff8af645,0.002741436025204951
ck_bce253d2396681a1,0.010571200475807813
ck_00dafc060c8de32a,0.01053553504121986
ck_968a99e097ee78c9,0.028392806736148763
ck_66949171b387bb93,0.011611344303483142
ck_ad305286702b1958,0.0005273217036483377
ck_4732da7e0d2dfc7c,0.01737840388962679
ck_17a95bba77217d85,0.01926556284960682
ck_3e2516a3e35067e0,0.0016885455967843442
ck_0b615ed566da1f58,0.009895908847087303
ck_d2b3ce1ebabe9f93,0.008643331838690562
ck_a892252e4e0c2828,0.002661736104106762
ck_cf606fd6ebfdf9bc,0.00042943950253143833
ck_718865237134ebe8,0.0008278193566840536
ck_878522cb775b904c,0.013763312782933019
ck_9ed53de6ef779ae0,0.0010566193574435131
ck_3f16e2cd7e6874cc,0.005293703575161229
ck_3c59df37895ead2d,0.002808898627137255
ck_6821459b626d492c,0.0003513080065452373
ck_11c7667920541587,0.0034134471751598814
ck_23a016cf6b98d89c,0.05610302945571471
ck_7137eeb394d200f1,0.03300953856867028
ck_9c4886c5c90ddbdc,0.002603821396172633
ck_1422a7bf7756294d,0.8200430299422479
ck_7ebc5fa7f0d3b8f2,0.010539086064407198
ck_fcc2059a8d5c41fa,0.08263557175433434
ck_00ff7389d6a83e29,0.028902077129818356
ck_03129b41457795d2,0.005689504678726924
ck_38ba64efa7c38250,0.00854650221661495
ck_57a6b56b09bff24e,0.0008584414883383836
ck_e3b3c5a80a567418,0.0013121508388201388
ck_fc40a16adfced018,0.0011494022302004088
ck_9d4b5e6b43bad4d8,0.0011066206586338517
ck_61129937ee466b49,0.011276740165057367
ck_74112e47b8629c2a,0.03449605523833224
ck_b4703ee97f94d7fb,0.0006290176123456213
ck_e560f720a988d8a2,0.6903578055839014
ck_708fea345f68037e,0.0002066595144059647
ck_25394c1b83e0b803,0.10806335500405397
ck_17ab24fe914ae44b,0.00040451728399508967
ck_16c501470d9bb006,0.0014130236333840221
ck_628f449e248c19b7,0.028082176303373445
ck_6d64190623dea714,0.0006548107017459221
ck_504a45ee08db72b6,0.003688312696186955
ck_6cbb011e0c70bc7c,0.001048249416190709
ck_b3225a98acd04f83,0.001150346698438642
ck_aa37993f1c17cd1e,0.012673150295845785
ck_558cfe5f77a55a9d,0.001279698745222508
ck_0d0a1a021efea5b6,0.027826528540535522
ck_daf7aea023b7a8f6,0.007561874964522515
ck_d75f25184ece2b51,0.003975765650083902
ck_466d4b5366c50b98,0.0033309926596643818
ck_88f27ab479063852,0.01442879783409431
ck_66779098e78c1760,0.0005046281696619769
ck_b150fe4efb449b05,0.0027880131398391726
ck_9c3aa9f23d01fa1c,0.0014809439167196292
ck_6a01c375fc26705a,0.00035315696830904366
ck_002eb6552b504ea1,0.0033198502753878927
ck_affa5aa0bff9bb0c,0.005980420039624543
ck_027614eeba8b1a4b,0.003294219121440979
ck_67e075c982add719,0.0034278986510036403
ck_399b0d510be98bd2,0.006844559454106206
ck_e9b0bca7368555ef,0.0039005316860970594
ck_59c29d9c57b4f994,0.006475646626655889
ck_37176850ed68831e,0.001192292616417154
ck_a0db4ccca08030c3,0.7481091599774379
ck_aa188e5c25f7f42a,0.006152050984717712
ck_7de6997178207800,0.0004566087015317046
ck_c729d19053387be9,0.034538463487890976
ck_f2d3e3d90608596d,0.17085860537093522
ck_2db3fb565e0211ee,0.0002632067522490957
ck_bed8a480e27e911e,0.010990613396684817
ck_d7ad9921a4d25926,0.017072989826722212
ck_2a59f23fc5194699,0.032476724368487746
ck_63601a58a6120d8a,0.013828651080870329
ck_efd7b9e22c6317d6,0.009380268884709537
ck_9ab42875a0f95b43,0.05532456602332329
ck_85cb5033fca7c846,0.03467056442124181
ck_5249b223000915ec,0.0026771905296057615
ck_3efb0e9bf25612c7,0.00047463358092681286
ck_678e74532ac19700,0.002881842039381532
ck_a980b296c95153f9,0.0011309295530264754
ck_01ac687ce0d696a7,0.007209282309723945
ck_52e1418cf1aa9871,0.003857537805917472
ck_7d28da4f1dab09ee,0.024273091697311087
ck_010d0c2e6c1657fd,0.06414765752025607
ck_b524f7a2e752b9d0,0.0013324081440934336
ck_cc447fcc24a0772b,0.2239042994985775
ck_2cb3c99845e572da,0.0007172832769445277
ck_604c710141327a81,0.0014592133837533616
ck_8d5fa65717d2e0c6,0.006095401182803593
ck_31199510b40602a1,0.003411886406410791
ck_49e253ea12f4e922,0.002994083551937789
ck_780738e0d71e7e43,0.0013935298930900044
ck_2cd21137a07fdd7d,0.0015750263702043492
ck_5e021f2a3b66e256,0.018960291358301712
ck_efbc79246e32c66a,0.007661755966815821
ck_9951bd806c13c7fd,0.033103397355013775
ck_7a52674e2806d8f5,0.00807676462074111
ck_1a319e509f1efa1a,0.0006733138136030231
ck_c920901b9a4ba993,0.6018946606249267
ck_b71279e807d0b3a7,0.007841725320488671
ck_47e1032f490bb018,0.008861405221814597
ck_192579ecdca7ff83,0.00780270123873614
ck_b1496c474c4a3239,0.0007449902222751966
ck_5e68ea2c5e893cf0,0.028371508838558462
ck_f2ecab85d4693b4e,0.037960774847787725
ck_89d7bfc81c3df597,0.001289348239183772
ck_7929284327667791,0.05749834244971404
ck_494ec63c5ce8e150,0.0033949160380144154
ck_319b059bb2145586,0.034556101835186946
ck_ccb3767c239018c1,0.001718202283171212
ck_a1c7adfe26e09a8c,0.024011263966311078
ck_0e13c4f73818149b,0.005828800940528926
ck_c285a51ed6214f52,0.014553100514454772
ck_916784595f028226,0.03758179482866261
ck_6cd8e0196365c474,0.0190149804296547
ck_57b657aba4daffde,0.0499744985935125
ck_562c76a3753fc7da,0.6178790337550839
ck_66cfc1ebc9a513c8,0.0009799655892975968
ck_0f38d4aed68d7d24,0.006416171508720213
ck_d8ddf5e99f7859e4,0.010022481085735455
ck_41bc3efa0fca700e,0.02294820155325308
ck_40799e129fcf42c5,0.16300367529452922
ck_786f079389126e44,0.012131673175983545
ck_bb4c6b713eb0b978,0.009039994374116905
ck_4f01f7eac0efaba5,0.007496564594742694
ck_47d29c01b20cf69f,0.006930043914266244
ck_bf15a1f8d67a30d3,0.009428885136962419
ck_bfecad7586f65e4d,0.0078344280190371
ck_fc9f16df35190eb4,0.10204073800294713
ck_c09c914e416edd08,0.005304925976693256
ck_c54c5d8e4433b0f2,0.0029830678529287496
ck_1694c28f44480e98,0.00983543811576169
ck_1dcaa3078dbb7571,0.0009036358055179653
ck_af559f990c640e41,0.0033172809533385697
ck_9b436162039a77d0,0.02126600392705438
ck_79d62ef181bd0cd8,0.0018631892945492078
ck_23caafc2cd34242c,0.0046396021525724985
ck_ffe2aa26f597e552,0.0019105611907321068
ck_e6ffd0754ac08661,0.0008454058805352217
ck_beaacb4a783db21f,0.0006863140326402031
ck_9863bff41d24ce9b,0.0017475607488961536
ck_323b9cc5c49f8ea0,0.48577177561400253
ck_ab3de3d3e41c2082,0.005274637178682967
ck_35c93b2924900376,0.0006213673450129211
ck_5a9d5f9901e37e31,0.005732812480429093
ck_782b0be796164335,0.0036388426655897038
ck_11960b5f1c7a5e2c,0.0029656477152080578
ck_9a66cb13a9884cc2,0.003803909792613231
ck_ba666a425930615a,0.00021348770601122496
ck_40140bef4db73741,0.005033735594475576
ck_e05e91cc180063d4,0.021019895728477497
ck_c7f6f45710bc050f,0.000966513689177658
ck_055fb9f2e1c8c934,0.017073728385144715
ck_58bb02d98e2b9cd5,0.0063314084526804055
ck_d9f8efa6a7800f76,0.005597163176375646
ck_69691226c68fd50b,0.05129703960370843
ck_6f2f0396e5b1c538,0.42836242812400904
ck_78bc3f1d0f35ea6c,0.0041245269472901915
ck_2d5a6b6636a2596b,0.003513005783875977
ck_7878545739af0a73,0.0004644707153837092
ck_03c4fa4f3ed3512e,0.000917029530392549
ck_1a9e51d092d62c84,0.29810250647572323
ck_9f3861940d8d873c,0.0021815240151120316
ck_4684fdd61c6a0fac,0.009382716616741626
ck_715966f86d5c913d,0.0015659241535584075
ck_77f293d44b4a3d2e,0.010202477888813241
ck_24dae044dc05f849,0.024118485881699403
ck_00b9818e2064405e,0.07962620308781215
ck_c1c2cb49c3c1b0f5,0.05089722073516513
ck_bed50fc64fbbf8ec,0.0010299334411331036
ck_4f6ed5ea5ab7c429,0.0011045181227670143
ck_458531c22ec2f9b3,0.013382381600577028
ck_51c50c4c443df31a,0.666658941574924
ck_732d45bd578dc39d,0.0009112464906868747
ck_783fe5bc20cd02db,0.057708821209835524
ck_7f188aaa63d1d442,0.0024384824648396902
ck_ef307a6aee38d1fe,0.6768329566868927
ck_e37196b20968b73c,0.05420031145636418
ck_4ef9de711c3d93b1,0.0041961726921866714
ck_17946516d5df71d7,0.005683893150594371
ck_3534be0f4efd313c,0.011500377460136994
ck_29fbabf855cabdff,0.0008955280912263401
ck_191673540d8486af,0.016417756908247517
ck_5f52728d777ff2c5,0.0035234293015233
ck_a045a19369016818,0.6370489797144424
ck_4eadbe7298b15e96,0.006202485582701235
ck_a3a0bd59729fe619,0.0025113637423846845
ck_a1e77090b1c6ccf4,0.0034884018378233492
ck_69ab9d4784eb77bd,0.009208137753722234
ck_baa47383ffd50f04,0.0018817661801860395
ck_e35b2ed08b9e55a7,0.0021896732098503286
ck_b6e3af0a5119d9a0,0.04053180840842412
ck_a7c1dabf3869772f,0.03116794325947724
ck_80b8fca67a14e0be,0.5488586129182691
ck_dd9c5f0c42878e67,0.0007348322976057439
ck_41ef7967faf5ce82,0.0003270675572468374
ck_a93560aa348d6225,0.05046413200956963
ck_ffe91d6f0bd93fc6,0.023693588564018715
ck_fbf630c960194033,0.005635960913130554
ck_497ed60723283c0b,0.008433496600352511
ck_2a46b7ca55239413,0.001969733217952663
ck_1a4e5ace078dd782,0.01271384949006087
ck_616cc31910f5de50,0.001343907779407533
ck_0d65bc749eb42710,0.014346658772153959
ck_2408db62e4395ccd,0.0062864368941974585
ck_5d7721930106dce8,0.004886336580155658
ck_e8a6acea22b20312,0.06533328869013429
ck_e2f792fae128b18e,0.08673735007929015
ck_e6d3ce445b86003f,0.0010562189858847732
ck_263334d722ecbc97,0.21217029544580182
ck_8c5b29f6666d4874,0.022693168388188353
ck_7ea0bf310fc20c7b,0.4085667613153335
ck_54d463f7fd89ec3d,0.0017527244927008218
ck_79e45040dbdd6447,0.012624582988946061
ck_60b4d59953505682,0.8097944256208409
ck_fb00dd5021642507,0.003183516986853087
ck_f409ff994a210601,0.02115362445662295
ck_2ca0020038bfec58,0.2590625142254405
ck_adf84b9df54c3d80,0.012535871739525915
ck_942dbf632591b65d,0.005855786746125326
ck_454a7e4d859a3409,0.0005364275259330786
ck_2139062d4569aa07,0.0072195896930521055
ck_e949a0f4df0b3902,0.09286479243998598
ck_bb113e3e6716ed65,0.00808112622782431
ck_6a28ea6ce69cb869,0.06637888320315422
ck_7df9910af2bba21b,0.004374717614464813
ck_78aa4b731cbfe251,0.0012577356316568601
ck_5839f5cbd8165b1e,0.0017109411691579792
ck_7158ad9e58769ffa,0.10338486001900445
ck_acee218cbe61df69,0.01408203711202879
ck_f8dc8473c2772729,0.01924933244019741
ck_f34c93a8173555b1,0.04022416956814218
ck_7cf301d075e4e709,0.0036264838275933773
ck_b87e88ee5512ea17,0.0006411690128974124
ck_bed0c020b10afa3b,0.0035068936848713654
ck_ca10102961f99eb4,0.0008297505690083971
ck_393287947b5c8d79,0.013289149592425251
ck_2fe6cac002142f67,0.04821396864243921
ck_79c7f0d29b1db1cd,0.012256076615282992
ck_c735b643d3cbf67b,0.0017074584971591602
ck_ea4332c8fe48e2a3,0.001739551032864478
ck_d39864119cdd460f,0.0018370336925758136
ck_3b963d6be2773861,0.002231177545626542
ck_df39e3b8a9fd0bfd,0.41550246032220645
ck_6236a461dc0d11a3,0.0007526171990446929
ck_475ebccca25e30d1,0.004761275758147449
ck_c10c8bcf5bcd516e,0.15396711808469254
ck_49ccc3716a564256,0.0005977490074884857
ck_4e4f99102f6938cf,0.0013498272153844779
ck_a97b481ade6f7972,0.020162720631597617
ck_3fa559c679751b3a,0.012642599796659507
ck_3eba1fd2c7acc4c0,0.3415469906412289
ck_18c179b4afc4fccc,0.0051121863644996235
ck_cc1c0b93d05b7d20,0.037187222972083246
ck_742f7c28ddd019e8,0.017101011539213794
ck_04470bc93b8a0d71,0.007897141871034227
ck_6e8f8ef7a03cc6bf,0.01098680944696503
ck_eb1ddfc353b4da83,0.01421797661916295
ck_98831b57c7ca2e4f,0.00036080513805016707
ck_a6c7b8d6e8596d4f,0.005353444417077444
ck_cd7d24e3b095e96e,0.03587984816721665
ck_3f5ae4673a9f858e,0.003727269586464877
ck_05f375fc8ae0afb0,0.0030392378100075326
ck_1fc98436281ee39e,0.0011573214412642862
ck_6c48c58678f64bae,0.0003283913463866442
ck_8c95aeec6a4c75b0,0.002225185374660801
ck_364cde38958b7af3,0.2404177396657674
ck_85bf21aa1a00452f,0.0009560339400057748
ck_796d3eaabc667c23,0.45347370235679146
ck_ac449ee0c315edde,0.004762994822143565
ck_6f9fd15ac6b163de,0.0006804140769825638
ck_4087065be2a45ad7,0.16422466168361505
ck_ecf006bbc78ee3eb,0.3478951883833893
ck_8ca808cc5a49cb5c,0.0038304730945102083
ck_94b90ab8b2dfb50f,0.016516258635127862
ck_59fd11b3232de9dc,0.8560503706779115
ck_67f3794d93e2dd67,0.17884963361684034
ck_b7f5acf5df1bb13e,0.007420207957755667
ck_fb04ecbaebb774bd,0.0010534778820761133
ck_68ef3e7301c621b7,0.0038479967896345962
ck_41406cfa209b6bda,0.002467146194331847
ck_b0f8f5408662337b,0.0008947594733758765
ck_0d2901bfe585c391,0.0024512198582301694
ck_3398551e81dbf3db,0.00942806788647128
ck_61c3e3e277629646,0.003282474242865785
ck_2825e34dd3e7ea2a,0.0013954669710810955
ck_20d7571ba830009d,0.005715502306961326
ck_c98b16f9a72a6568,0.00017046549425429994
ck_e7c8a9e4641eb9ed,0.0002459557042319301
ck_254a7c97c36dab8d,0.004550842575788588
ck_e98429675b46272b,0.0021919993141209207
ck_c2fc0ac460786d02,0.07081073241139806
ck_fba15647b3a140d9,0.007042864426000594
ck_15ce50f2704227be,0.020860711270469384
ck_8c748aaa4a4554f9,0.006823396519367708
ck_e00e82a9419ff086,0.015016397282965306
ck_832341c98254bd84,0.004625870343939725
ck_27466468d06db4eb,0.012238141246245768
ck_9d7b9e3ff1f3e71e,0.005849184054270562
ck_42c6973d3a6fe983,0.0003678231237426166
ck_877c85bad118bc62,0.03100278688556288
ck_75d2a2715259c4d7,0.021910083851484314
ck_37d3e5c681a2214d,0.09795304761185901
ck_bf285dd49f372de4,0.005930984415702558
ck_a5bdd026fa9c50fd,0.008737546038703777
ck_88d9244a9cf7a77e,0.38152002938340407
ck_5881b174e49b04ee,0.0015244022593496785
ck_5b16d67c5ea89930,0.004325585273559008
ck_b75b936aafac56b9,0.0029533706211597507
ck_aed2681e1646a0df,0.03843786524214195
ck_f63cb5e8cc702bad,0.003525208087341941
ck_1805fcfc4a9e4ffa,0.8507667463736842
ck_25c355da356c730d,0.013254210830604943
ck_70396398e4a96449,0.008999552647950807
ck_0f743bd13373748e,0.03810209571786511
ck_4b387765f0e916cd,0.0023032544684298984
ck_e971faae8a10a260,0.00027349360411526907
ck_9eb08369e983abfa,0.00018480346526321992
ck_c30c5844512e429f,0.027239675777012376
ck_59e77e3a81f1fa0d,0.009625965370845426
ck_ca4465f2b5c1a52e,0.5742804080387526
ck_c89b9ca398402f1e,0.001120337545658665
ck_36e72ef9273e7a95,0.0037231167558812815
ck_2bdd8616870e5e1c,0.0002021065107070215
ck_216e87a41de22b5d,0.04816834827690282
ck_60f4fb44f5efe3a0,0.0017511377070256312
ck_05652e8ace6ce6cb,0.0020770277296936093
ck_8c136dc691e65695,0.0001358832354147187
ck_a08f8dfadbdca112,0.001189670376061254
ck_bda4041a3e90d860,0.01393044153614008
ck_15dd3ecaa8ce0245,0.6565687581449361
ck_3e3c64b3b7876ce6,0.0105157674890797
ck_46225858a38b2e57,0.0017222416384059776
ck_0cb9f54928f4feee,0.002730101662481005
ck_152671fbf8a9a78e,0.07267202608179692
ck_ee7a515e87d17d4e,0.009600514293219236
ck_f7276091bf513d22,0.0007917705447699186
ck_4f05daf1cf0d5755,0.0011851653915488447
ck_83a69c4a5d55ef19,0.017256825300412282
ck_c50fed2a7c9198c0,0.0042465840302418996
ck_70d19d5650ddc8f5,0.006617771165892971
ck_4b4d99e443618904,0.008340759699599586
ck_dca0b6ca93311ca2,0.017443100677344957
ck_b7431d4706461ec6,0.0011394704129660447
ck_7b59d22cadef3b05,0.1733417307502057
ck_53428573abcd606f,0.004831074658103189
ck_f538ab6aecf2adfd,0.00018367251301259002
ck_d321249fb065d2fa,0.10965454237097397
ck_72fdfc7e6d8e1436,0.0008554889567631462
ck_b52b99dad89ecdfb,0.005503028046237547
ck_d2d4282f9d256b3e,0.000972618531915169
ck_c8f2a1dd8a6141a4,0.000274228236967304
ck_8d38747058d0aeea,0.21759031565649417
ck_3ac528caac74f563,0.0032006000373295124
ck_8dbaaa00ad829ca9,0.0027506681473317435
ck_7c38ec898f0fc21d,0.0011196864404915087
ck_8171ef803f5ff604,0.008629371047146516
ck_01a750db6fc1168a,0.057636304033237
ck_ceb017baa26e98c8,0.05577019517150816
ck_e2c66c72cc0b0f78,0.011475632303659705
ck_8d9518f64b222416,0.0017520731637901592
ck_804c5a1fa5753617,0.0035816906456005715
ck_fca7cc9c42695453,0.001523117480909457
ck_3a632cdf2c19051b,0.007983569331745169
ck_b2b63ea65edf1dde,0.01817327629806231
ck_27b07021500ee841,0.005964358118697611
ck_9724718fe64c6557,0.8498212380295559
ck_2786cbc3e75ec034,0.17997932364859634
ck_d9c2622cb6df380b,0.0020468504194735
ck_ae1da8ee98e402a4,0.00143559374360233
ck_62967b91504149f9,0.002481157046321631
ck_6b255bf68709109a,0.0049746209857175925
ck_c55afc68421d85e2,0.004674129583563338
ck_7c7266f6ef2a8466,0.008207101203736385
ck_885cf685a9541190,0.73770377463044
ck_1a4bb7d3d2ee3227,0.005458528485838883
ck_b4911c42f3bff740,0.0003780463970036751
ck_66f9f78d4c6a3edb,0.029185096604674984
ck_49bdba9ee1899dfe,0.001778917302508978
ck_79b235d51718435d,0.0018621459195371423
ck_d840db8cfe2ef6f1,0.00018688759529617987
ck_610c7bcc1cd7ecb0,0.01238153437901989
ck_cf49b6544aff6c50,0.21523570501757716
ck_de05f97c3d40dd1b,0.008954981908564598
ck_0302f67d75973dce,0.00406163231249944
ck_54c2604c9ca6256b,0.011140013100806213
ck_a1c88c0568f142d0,0.05928750081893739
ck_5d72ff6cc2963d1a,0.0009054982889143953
ck_0446920a1004c596,0.0008700308590771051
ck_71044c29ef071570,0.0019775154504972497
ck_2122e9bb1afffef7,0.004516247852358364
ck_d1e3de178601d3c2,0.009912690423621433
ck_bec8324a3587ef04,0.0010654318469561592
ck_b616b6f45225f319,0.10468960568992845
ck_ce1e695884511479,0.007119756900192093
ck_a662b4bf900781e4,0.0005949306109818063
ck_b5a84c5547378c10,0.0008861146395375129
ck_f80af368cfc6cb7e,0.006746679813501765
ck_da3526ab6c5c884a,0.015268196756446464
ck_bd20be9a3392d79b,0.0033189330768415596
ck_b8266dcd90cbfa62,0.0012677129244852727
ck_ac84b33304362c06,0.006093004499817447
ck_794d8935a895e33f,0.019928627095956736
ck_8fea7d915259f1be,0.002045986179531516
ck_7a1519ad5ff45312,0.00037586651254596675
ck_9bf3ce30b65f75c7,0.06970775967420811
ck_5f864d72d1eead99,0.036146744173592336
ck_3c48e0cfc2a58041,0.3393377845641848
ck_d902183f80cc81fa,0.03937805057637354
ck_539cb0d117db8cd3,0.10531826003258402
ck_28f530aec8e77130,0.018404174695100573
ck_e7d903c50d353361,0.28754995620781554
ck_d288b77d1e227970,0.014601076342700433
ck_017208fcc01b5d40,0.002292605957501532
ck_7e3923d278a5106e,0.0040234322591705535
ck_9700a00ff9e66216,0.011138138327698265
ck_5c36c78b7a4d138c,0.02909581897671015
ck_c457e9c9224b773d,0.005291213717587174
ck_1dfa91405d7e66bc,0.0018407064014098948
ck_f1d8a2695a575e56,0.0096569973448782
ck_3b92a46daf8d00d2,0.0032271812762589827
ck_aab23b5470469649,0.008800684409360333
ck_ecdd01a391610d99,0.005225099566235652
ck_abd3aa292f8edb4d,0.02734492351158504
ck_7fc9a0776e1339e3,0.00028466406001735384
ck_c0389ebeb0e65cb8,0.00013668737552765823
ck_48d0fc4f6a2109fa,0.782514588011208
ck_571dee4f3336c7ce,0.005895954437128693
ck_4cedf26628c84f26,0.008426633899296068
ck_63356762d24aab81,0.013659317685469583
ck_2c5bc11bb7ae5d2c,0.7102053369213199
ck_6d26a152f900fee8,0.00512305521644962
ck_c972b0e781efed3b,0.006299929837025434
ck_fa0ecbcf9a33d6ce,0.0003922619764317491
ck_fa3a766e49dc77ae,0.008672678890855445
ck_7baf1e55db0dc558,0.015885818998768415
ck_e8bc49e6494c1f37,0.0016273216653493177
ck_8ef1d05cc1e53e7e,0.038499533855341654
ck_cef2a485a77e0723,0.0005743859245084952
ck_228a583f23abff48,0.007678375862937399
ck_ac32c6e374782b27,0.09270961142172765
ck_b9485218cef413f0,0.002604899744515074
ck_7f15503048915d6f,0.001071347351048273
ck_b62f5144db15ad34,0.010959886925630952
ck_917d82c552f95a23,0.004639579663002647
ck_fb4797045077bc6d,0.000827711701383955
ck_2cf8a44e041217de,0.015761425611705304
ck_b7dd681eb3d2ee38,0.0003927799619441728
ck_e9e8cacd2fa35e79,0.010905672400697484
ck_342a79f91de5d1fa,0.04002790175122047
ck_2c91f62c05685ed7,0.0017185661761763837
ck_e30cb64302939f38,0.010042978543267857
ck_d0e95b90ba86da10,0.002342200798420943
ck_1774faf414a5d49d,0.6819419866605978
ck_2401e8ff89e574fd,0.7706626474276206
ck_0cd8802264e0a1ef,0.004711116736987676
ck_da84a0dfe947fd3c,0.003780873930863641
ck_c8affb27ba7fb5db,0.08223334307231127
ck_bc7ece8787ca7200,0.003600537807063402
ck_469a0578d05990c2,0.001712245480098993
ck_eef67f8dea702338,0.026671333147277175
ck_4f490e379e9ded9a,0.0018350047428906488
ck_354379de065a8ff8,0.0005014257954939443
ck_5db1cb368bc41ac3,0.002305214481390406
ck_9b1c3742dd6fcb8b,0.00675165602759857
ck_63ce4f44c92d7143,0.0283462862892631
ck_e15e3390f5ed45f3,0.004812297485346327
ck_da645ea91d66aa6f,0.10713914457883944
ck_834ca727df855f07,0.08444035002203527
ck_e1d5ad20c737c745,0.013931065223796016
ck_ff8059ae5fa5f1ee,0.00016257103876726544
ck_8bb9e75393954a1f,0.0012024535075783487
ck_4e1757d1347ab387,0.4164428505796913
ck_af3f74b1d75a5d95,0.027069799446478398
ck_6b1ab0742ff04c3e,0.05683678123875965
ck_f56073911c9f1ab7,0.0005384182227738481
ck_51bd5f69b4fe0b92,0.54446680062276
ck_fc3d95030b81f416,5.594439845393711e-05
ck_cf78169633a1600f,0.0004793641138024839
ck_ad7269eaa65c67f9,0.0028124806285949374
ck_cc6d33890d47a6cf,0.013208222833807208
ck_bc8f31f4a2ffa1ae,0.0011003052994917138
ck_720776a46e56dfa8,0.005729709423590816
ck_e2d1f212f259539b,0.002555031655332164
ck_eaf6f7082c3db2bf,0.027715458668906942
ck_773efe58c6278c3c,0.01443744389663401
ck_c4a72c09f2fdacc4,0.004994565637009405
ck_8982888dd6611143,0.0005209323585408611
ck_9d5049e195eda029,0.003705978256550538
ck_de58ef6f9fe2b546,0.014204615738934705
ck_c0b50c11e4f5adf7,0.005082673443778212
ck_ddaf228487858bb8,0.024981730739069126
ck_eb2323215ff70362,0.03467432912915247
ck_168c96a1a636ea15,0.011502913317426079
ck_9c46711b14d9eebc,0.0011798448503727366
ck_de8af660806b97b5,0.0008591420649636007
ck_6ab83f45bf16eaa6,0.0012047563563994882
ck_bf2228a052815840,0.008956249297052559
ck_3f943f20a9da9bff,0.008167003966255349
ck_3baae40454c00938,0.015389679985143269
ck_bc2e771a1d8d2dee,0.017629243341498162
ck_e55f5ca37f30ce8c,0.005604934747307499
ck_4ad5937bef176d89,0.0006640588250689648
ck_126531a9126c17c4,0.0008148552771733583
ck_7ec423cb56257516,0.0027423417575352066
ck_54748ae0f2daaf10,0.025367215952948215
ck_ff24776280ceeeed,0.0038315051630443396
ck_3c3a1a1365741bba,0.002234568372026077
ck_615277c8a4e2b18b,0.0017138423940768796
ck_a96aaef34173aee6,0.07147739160323369
ck_bea56db7f3e930e8,0.0026437134425103394
ck_ca491debd3b32a59,0.016775760191752743
ck_d9ea77f4114a389c,0.000830196560423152
ck_322ffda3332d08a2,0.01506133915837703
ck_c40ffefe4e30b001,0.04192753586155256
ck_3b1d7648d4580bef,0.002443293813978487
ck_23981a3261674131,0.016743302103272757
ck_11667f5b9fac7bc7,0.00016239163008462606
ck_646bb3c7be5f0817,0.009335663777234708
ck_ebd0a45712dcf07a,0.008654761730299495
ck_baf43bf1bd963f9f,0.004377253388469445
ck_e0ca2c819658f6b6,0.7086324413539878
ck_f0d6633d0834fff5,0.0037793780708361407
ck_91081be0254878a5,0.002619459025579801
ck_1325000bc7f35b5e,0.0009160432569825695
ck_c624b9063400fa3a,0.018509041726268112
ck_0ad6fa0e23c3bd0a,0.16258427264492303
ck_6ddb55b1f23c6cb1,0.0019440666067391233
ck_dce1fb3acd65562f,0.001161106415748529
ck_a9aa389688ee5aea,0.006912302730648095
ck_5c5284c45d9ad8bf,0.054472127443842465
ck_9ce743dd3e92549c,0.016705174997011244
ck_8342e08cc2f9bcb7,0.0020443806080165006
ck_25e551a0a8d2fcc2,0.008688721084145586
ck_d4fd0e438c97e0c7,0.0399016035507199
ck_ac7fe1c344190c50,0.00935619017796482
ck_ddd65711b5651f89,0.0008086839062662269
ck_ec7406cb5cbc8f10,0.00586617579212153
ck_1c65e8d5be3b9c60,0.31776780275255123
ck_38ee42f15a573e81,0.004220827427719573
ck_0e5385c70c6de025,0.0014023031895054772
ck_d3137f0f7629040b,0.001950128598482592
ck_9129c92c12e0c8b4,0.000983967121904622
ck_c86520a00e50a926,0.011969965476426047
ck_87f82b2b5fee757a,0.016557453924700004
ck_643abfbd7548d0c9,0.02294863727231943
ck_be51f4e5e6b85768,0.017746316621087728
ck_132c16312f37810f,0.0004721863555909956
ck_c78c096ca8cb33ac,0.00028887190117430923
ck_2ce5afbc014763b8,0.015677873929703903
ck_50ed8f4e7ae6710f,0.004282196598698456
ck_5a4eb535c9a11993,0.003725928305250241
ck_9b665ef46d785324,0.0015414202666269978
ck_e066f71f8b296b7a,0.0017323102755553545
ck_560bc6017870ab06,0.0012080478234550854
ck_fd78f8a8663646d7,0.0014375303317699089
ck_4af5ec61ddbde1a4,0.010219810928698322
ck_c2ed04a9d218410b,0.004723624314917278
ck_2455d43bbdd2bb69,0.003700763647112898
ck_56eed7041add49a1,0.13934075010996586
ck_5f0be7b468a72333,0.0024767800146583553
ck_19660cec756632ca,0.003168782105991794
ck_fb90408f4892a21f,0.0030040729196135103
ck_833a65b86a5d9bda,0.001172279800889983
ck_2ac36e1dff211d38,0.026647773978087392
ck_c00e70606904539a,0.0006697896504860041
ck_ba8affe4b9505a95,0.2053267057651788
ck_0c3dd22587b08018,0.019773854614475273
ck_618c4e5cfae99dcd,0.015637757296165823
ck_c9690baddfc4177e,0.00028005366304016823
ck_59fae092fb0c4aa3,0.013022068500091352
ck_e03b7d0fa0b28f4b,0.0017323116256286004
ck_d451d24c780b5884,0.0028857326916539605
ck_e980d325b8dbb8dd,0.0002790991658288524
ck_cff18e2d8c520272,0.0008089744390260489
ck_a0e46b67e986ab56,0.013336571893590082
ck_3a469039a5b9d963,0.0012601758891176132
ck_12cbb211ebd2b437,0.0329937047179086
ck_b8cdd6d6dccc4554,0.0006203080362700965
ck_794ba5921cef50c9,0.014494591440227265
ck_2c7667f64edec2b5,0.003722251644478812
ck_7262b4e0c29c942d,0.0040692969479341244
ck_5d818522cbfe2a54,0.030753451759302164
ck_de39c1947fb675ee,0.0976506268217157
ck_c021495606b4735e,0.0007640807733763641
ck_1fc03ba33edd9e67,0.016363426501579993
ck_a6fe344bbf67f14b,0.005255840607819053
ck_963762210edc5694,0.008149887102698533
ck_d064428b7e7dc409,0.004142997895167874
ck_59be61b53d971611,0.005426768597340269
ck_ec8738ec663cd2eb,0.003844387254922656
ck_59d086fab5998646,0.005033423407375846
ck_bd32dd3b2cbb7888,0.3388788931495035
ck_ce0166addb93bbad,0.00034388452412526085
ck_7c0fdfbb447cdc04,0.010556912197684344
ck_cb1bd7635968ed8c,0.167842616280864
ck_66f94903177f20eb,0.0020701146564126405
ck_1d7cd5dcbcdafd7b,0.42632033057917307
ck_5e418a7c04437b4a,0.01983530665551037
ck_631ea1ae91ab333e,0.00480119126713063
ck_0a8029e79a5ae7ce,0.006239983063085334
ck_c4cca8278bdad9b9,0.000459045625480503
ck_4dec3df58077a257,0.0038239830695424434
ck_609c249edd88c565,0.00349728911357996
ck_02e5f9cbbbf2f078,0.011658506184623399
ck_32e486859130458f,0.34929906475169265
ck_21ed2ea6386c5a07,0.0004168911933557851
ck_1242aa4496576a99,0.0018841809671089748
ck_475ea9aa6d3898b7,0.022018550040791923
ck_fe1b1adae3be70a6,0.16274758035854936
ck_c5414d7a8031d4f5,0.0014534812557651616
ck_ca1f6f01868e978f,0.0014932583129514173
ck_5eff0208c74ec714,0.008873410490037786
ck_a315c9619a317609,0.007942310867769555
ck_2b87683c90acb852,0.016590397675342722
ck_7cd9f39c50748ed0,0.0038691013701610305
ck_16a06d58d71935bc,0.10052081122961916
ck_d116e0e7c19b878e,0.39527949289919073
ck_931510e384b1d0cb,0.008197816503190554
ck_e7651fb87bb24132,0.0009320214776001014
ck_88ef9f85948e1a01,0.0003589261855334097
ck_17bf38d51115a8f3,0.0018425518736035385
ck_2659d1d3762a2825,0.005986538846236437
ck_a7285955e2852686,0.013926503294211526
ck_f2c33d5b65b321db,0.021613663342729156
ck_83e5979334345622,0.0036021534282740866
ck_629537d8b4d0f395,0.0009843758087540978
ck_72022008a92c9386,0.010903749623385774
ck_2973b8274f0bf69b,0.0027589367710070707
ck_565e3418d2f4061c,0.005036259006064313
ck_54bb53b8f8ea32ae,0.6164842420545493
ck_af0a6540ea7a36b2,0.007879745382294115
ck_888651bfc2c8cf70,0.0010314424528434913
ck_1dedcb48ac381a1c,0.0490332566140234
ck_f73273e220296be8,0.005475629519876461
ck_8424bf65223a5a9e,0.0012922787964259794
ck_337b930fd149a696,0.0012554437471109078
ck_8a4952de8a123ef8,0.010029342501126986
ck_884168153c9c0c81,0.0003368357053831467
ck_fdda581aec411010,0.00014685042416812146
ck_2b7cadbc8b180d32,0.5297785032150244
ck_8aa8b9968233a1ab,0.0038173763850318557
ck_0af18b3ce015d294,0.00045170557278776015
ck_8dde670a735d1e90,0.04107598796465496
ck_62f46226f244139f,0.016947424902651977
ck_f948e8a8fdd79b4e,0.007367611023616286
ck_fa00aa0f3e859904,0.00795494528953738
ck_fc7935f784a4f249,0.0014802238222218175
ck_e7501307c0698e5b,0.013009179808517455
ck_549ed417f2834cee,0.02472252203683128
ck_fb2a35571ec719d4,0.025085402221869314
ck_25822068c86c856f,0.0008555216127781325
ck_8f35d229b62c8f23,0.005282668638421492
ck_bdcf049c1e7d0c95,0.0022647518612801264
ck_0aa9db36eb16422a,0.0005253604218927259
ck_42dcf92e9e016922,0.036145688643088154
ck_42341cf31c08c981,0.0015090935755290745
ck_0b20bfc515ba42a2,0.0024339826198688137
ck_0ec820b670d48098,0.00017840936055676257
ck_1f0bafec397da8e4,0.01299295274514524
ck_82f07504ab59ed33,0.02343311423439922
ck_337b24a474010abb,0.7316022569770645
ck_703703bda38fdcf8,0.0025026922771925076
ck_01e7960c63dca3a4,0.6398253774769536
ck_be5bd81e3715cb8f,0.524553803240098
ck_197f8058cea1fbea,0.0001699348375515125
ck_eb3fb1106f2f1b21,0.029782896883730543
ck_658b4b54be09a4bc,0.7295898789664494
ck_266ce7ccf41ccc50,0.0019970815604441134
ck_110608c3b03d4038,0.48352719430936447
ck_1be8cb95d6d9bbf8,0.0007486124928355976
ck_8e16a64a776afa82,0.04226437018842917
ck_34bd190d37eda534,0.018777065031570093
ck_4f521611ae14ae66,0.0009272849367969235
ck_d839798f9520363e,0.01532266377295581
ck_d1bbfd246c0ac9d5,0.0173791380166127
ck_f19030e6e85a6776,0.05531891482139551
ck_cdabe60ab59f9d5a,0.0032388726920957824
ck_bb84b2b30293f566,0.5018735130191245
ck_427b91925952cb40,0.013115814106780333
ck_1078b1e155b5b640,0.0056992515304638055
ck_95fdc264eac72fa0,0.0022457135747258714
ck_e35eb857c61548b2,0.31308261682865907
ck_69bd0b1abea7e1f0,0.09147801670513683
ck_59de511b20c842ba,0.04133132773926138
ck_168e7ea341a36b80,0.0016569858387817746
ck_4937cfa6526ea138,0.010789594288920939
ck_bb1a981306b750ac,0.040002331246413066
ck_f42a43e4c3f34ccd,0.0021620479603904606
ck_c7ae1d4b3ab38185,0.0005956470312378116
ck_bd23cf9bba1dd33f,0.009619712962735357
ck_0fd826fad7ec7cd6,0.029643760404828242
ck_f143641bf3dd0414,0.009922621752986301
ck_ad6d48c20a3688a7,0.001367690291549068
ck_7bda5b5b927b2905,0.031032027704650963
ck_a337eb38eefdcc88,0.030194066500612265
ck_403da2a2d800df9f,0.1528967517761013
ck_aa01d5aafde73d0a,0.0017147251732826595
ck_494954023f0eb309,0.017424021983418036
ck_1c6820fc38135ad9,0.009630663420794775
ck_0e0bab173622db9b,0.019057459180244554
ck_547090bf35a3b243,0.0030091746741352002
ck_d69455220b21dc9b,0.001145495845683521
ck_90b4ac695b9c6bf7,0.003265706115836611
ck_8d2afe17c0082e6a,0.020364972205710832
ck_926b81c0ba528eee,0.009062050106878277
ck_ce36b0c287bd198e,0.027365143462777852
ck_8026e017909aaa6c,0.0029802645270297044
ck_dfba788f35d4c372,0.0015422109202844019
ck_f09f9d0e0886e0c6,0.0068819287277754595
ck_4ffe0366df388604,0.005351211526947709
ck_75bb521de55644c7,0.0017966982758400307
ck_81a960fddf79ecf1,0.5557155909430805
ck_8f43459991ea511f,0.0023867901089070173
ck_f878b68d66fbfd4b,0.000489445311213876
ck_e84abfc0c747c9dd,0.7298762566481193
ck_3ad3fd3cceb56b66,0.8028025538010002
ck_7cf562578c7f158a,0.001476364219538128
ck_f81a97d350397306,0.013104534358134025
ck_255d87b7fb40caa5,0.007266708051741174
ck_b3905153b9eee924,0.004695822622249034
ck_2c80a592fb4cd6a3,0.002342267836426516
ck_57deb202d4188a29,0.0019453685370448813
ck_e3cb5f31d8e94448,0.8022831879007971
ck_0db62d5f7f75f80f,0.008559705932510892
ck_ced9163ea85589ea,0.019259231302967954
ck_e16528edc694fb33,0.8427498170041771
ck_78cc5ec4940fec3b,0.006231718341600588
ck_31742076e9a998f8,0.01576566845464438
ck_5ac335f02280271e,0.021237518853207522
ck_7cc2e091806cfa5b,0.018539209230342395
ck_3152c7115257f084,0.0016917301947050364
ck_ab1b9d019921bca7,0.009536947677597166
ck_c33a762d98f9b290,0.00032128623275280786
ck_b16a7c51b6f7a6b1,0.015670006396657856
ck_97402a153348e68f,0.0009706665761229572
ck_95391029a21caa24,0.016022100031926997
ck_c2015a1200971fe9,0.006348198026822169
ck_ed4427962c68918c,0.72743018581024
ck_c5e4a17d3efb19a4,0.5579966193110771
ck_8aec3d3dd51517c2,0.0005768684357021248
ck_f5178a658225d8e4,0.0010230150370411724
ck_8594f165e95316d2,0.0017587525870522978
ck_f0c4aac04076a6dc,0.006507072439716458
ck_ac2f7397801036ef,0.013017288124983973
ck_d1ea4bcc407c7d5e,0.0014332002584533318
ck_cce8b6657a538fe0,0.014327327480440966
ck_66d0c6d6b67a8d58,0.0008255748559052558
ck_1a6b30320835e57e,0.007821529100617687
ck_8cd274cc85aa35d1,0.038077666443140666
ck_ada46085a78280e4,0.004521161944063961
ck_ce1b06623e4a815e,0.00267934297828826
ck_45e70c8a9686580c,0.035308438508182716
ck_0084d8ab6b1044f3,0.0008254984300189752
ck_a5f7b6fed6df2aba,0.05634275684036057
ck_94940d783e7988e6,0.0025692885193732864
ck_00f9ca84d1d8ae7a,0.00010831418286123109
ck_0deb56f3f6452818,0.00038707106077947483
ck_a58e900469dfc3f0,0.004012816492998748
ck_028c41b195280980,0.003925250981722687
ck_7661d7ceaeb19f97,0.02255266966204324
ck_6957905a65c47879,0.004464112265493848
ck_f7c6c26ef3c4ae06,0.012510861140576285
ck_8777beb11aabd66d,0.00440784232280861
ck_7db098a17374bbf8,0.948986500560338
ck_66aeb00e44486cda,0.04224706490167798
ck_838c52cc1d315ec3,0.000560362993918049
ck_1745847cd4e5dc83,0.052756658260849805
ck_201687857ec8b3cc,0.02018246376426788
ck_81818169208a8cda,0.005984626778322438
ck_3303fd3f64632c7c,0.026052263390890913
ck_edf1096809e83ef8,0.0029019027232888264
ck_235ce9603c7dccbf,0.051562004613195836
ck_9df7e153868bca13,0.00412766522885131
ck_3cfeade2cf270fee,0.005524677086336545
ck_982b0bf2e2b6c4f7,0.001319184362231338
ck_faeb0da678bb86c0,0.0006338588413894209
ck_e86ad2fe815b6ed9,0.0035332335066087755
ck_70d69e5d1bb99e85,0.004078526979135247
ck_7e9a8924eab779e6,0.8514666818030346
ck_019d5891103e7da3,0.004264795698902839
ck_14f0484b3817eda5,0.0063619662040693475
ck_85de63d278f0fbae,0.00011195963295652918
ck_ae91b4cff57fb3bf,0.0038710026449504434
ck_2a6d43b9f883b78e,0.5858409799895821
ck_7a4e3d553e8ab5b7,0.1456417109488594
ck_fdf89dc69f700f84,0.09947706263523765
ck_f92e04024bf13558,0.0007757916669418959
ck_4a522ca2dc4831a0,0.00010907280948427456
ck_68ba25dc3385fea1,0.007540985248407773
ck_22128a4f0d033422,0.0027449139255921505
ck_5b52ee0a13c71590,0.0008072245163887618
ck_59472d17debedafc,0.011854754514299258
ck_9dde2c63acda3ba3,0.003168445019689426
ck_7510b1023cd08531,0.0030186793242360267
ck_071ddaaf2e4e3671,0.0038519606393408734
ck_1355db6f4010232a,0.00571553888383788
ck_0a7adc2f27f98510,0.026553504545465744
ck_68250033717cd59e,0.00038919521332852645
ck_7c12de74de30b788,0.46570469295350764
ck_65491367584c730c,0.0072413787747717525
ck_e9047964952bee70,0.012095651236610879
ck_5567779d6ba184eb,0.005613547043183506
ck_d6ea026357ec6477,0.002690907578083519
ck_cd7dcc884e283746,0.006426581519135857
ck_0bd77fea8ed75a15,0.006835847372140484
ck_e80883208e8d0453,0.0035817433348597377
ck_2ad0ecbacd5acf8e,0.4290938144519827
ck_6c1dbee7e8fdd5c8,0.0029789734965841638
ck_ee4d9a7449515908,0.0013082496705967498
ck_636111f7f030496c,0.0018700466106487059
ck_2c629c657f73941f,0.005883212595911863
ck_c1c9d3842d758420,0.05834244873114482
ck_e4df7faacdfe8c40,0.007003626992550468
ck_94e8142728e44380,0.028114183146533862
ck_765aaf42c5088545,0.00424845192603
ck_e0f845159b6e6a4a,0.013240990004560896
ck_5bc07deb82edbad7,0.00048867025715198
ck_713159c5c6a7a4d0,0.5529151171034034
ck_b08afc91d9ca55db,0.024132014838812544
ck_a7bc323ffed2ea97,0.2904975042865635
ck_85ca825f905a34a1,0.0222524514073932
ck_33160c443d4b3f19,0.013314679115702622
ck_832d39c590a3ca75,0.7756186373531813
ck_7d1661a34164406e,0.9197977535440017
ck_c2466fc40fc9d5ed,0.8605218812560328
ck_ed0e776c0926ce67,0.08050754667856905
ck_cdd2ebeec75bfa69,0.0674260535587931
ck_d7877684c7923ec3,0.0030515523974903648
ck_7384d4d2406aabf4,0.007303759116995731
ck_b8e5244e650aa81b,0.00536234422832393
ck_25a1ea40b2d59254,0.0002649235831869712
ck_b9e5b318ee4de68d,0.003307971327438253
ck_620d7ae27af83cea,0.0033432491049171778
ck_40b4e264d1a12b83,0.6989005006398573
ck_b694c803b62862b3,0.0017651627118680324
ck_cbeca201dbade3e5,0.011826687671335484
ck_f9b439c9161c3e52,0.0007407269836791852
ck_9880410fcd10a28e,0.0010331829213704959
ck_74928f5f91aa12b2,0.03281846235309341
ck_b6673bbe61d2680d,0.01717979176143163
ck_53c8315b5c30acb4,0.001243123490796672
ck_78f01d78ea79642f,0.014122199756292109
ck_8582490d6e365a63,0.0052698134345553795
ck_af25c72d16299258,0.002719776522955513
ck_7905fe8e257b0449,0.04567073675195712
ck_0d16d9349e4a9e08,0.010428094175104808
ck_31b16b8848584e98,0.026450024313390302
ck_67207e3eecc02d76,0.02308511415109153
ck_e6b95ff91116a592,0.0010809457456440004
ck_c08f622bcd6de6e7,0.025588699351493792
ck_f9a68da9e0f0bc85,0.0009150627854396057
ck_4072b59388976896,0.0009315291989577464
ck_8ec86e853ad52828,0.011994116239163195
ck_4fecb87eaffd5cb5,0.0008951050375066948
ck_d6880578428b965e,0.08200579254367679
ck_bfc82b3c1c9f2897,0.8215326855157103
ck_c340644176ca03e7,0.011889861569797421
ck_321e740066fb05c3,0.5556223910117537
ck_8929d2eb09872052,0.08740045820122513
ck_205c107cec528414,0.38112460992419456
ck_e76db7d2562f9836,0.008310479156190397
ck_9ede51c8434cff6e,0.008978457359952279
ck_492e4b89c61b7b6c,0.0027857257356593786
ck_9385f5a1eeebefcd,0.04512768933638381
ck_ee52c7bf88f952ab,0.0035576225196822324
ck_d8116c34302021d7,0.0011400868523306052
ck_01645ea51972e99a,0.03138138034073954
ck_7b45ed23304a854b,0.005010065654949862
ck_2096d32f3d497ea1,0.257191483921622
ck_dfbb2056f1ef7d3b,0.0038004665135324698
ck_938ce30c864bc7df,0.0003482240515489232
ck_ff30dda2c881a4bd,0.5332735123033965
ck_f88c79186a082beb,0.008209692046935
ck_08c7bb0f9851cb76,0.10723381695068089
ck_2675e7a008e584a7,0.010055290548976642
ck_cbaf8a954281d4e3,0.3825909662811861
ck_8b24eadf6c72b30c,0.47565009365295396
ck_ffc8e3c1377d0706,0.006175991631864439
ck_5b59e859bed5b40e,0.007465144444260168
ck_7b61717f172f9317,0.40567959132425085
ck_e5c30947b732f661,0.005633597552792523
ck_bc273f3ce79f7e1a,0.0013347169572081026
ck_f69e93388b3028cb,0.03365379114889344
ck_3837ad850996ba60,0.0067369383641872295
ck_36d78ff3bc033ee5,0.00847225760016403
ck_5e20953547ba4135,0.18746037923420292
ck_258d661e450ac870,0.0036899405518744503
ck_1df66f537496ca59,0.02622462986589987
ck_361f535599110201,0.0011606412847558931
ck_337e98c69f6e7886,0.003095963900920835
ck_d3d5b2717cfc3913,0.03767390596974747
ck_b1dba768dbe7affe,0.002902115948501231
ck_92d782bd9ce0d1e3,0.02184407445963487
ck_26bd0f8898afc8ba,0.00066592383693561
ck_7916e53daab36745,0.039041623912845914
ck_2caf553b31831a50,0.00787001395469192
ck_c6200734c7f9b2f9,0.5528131384911588
ck_cdc55623cb16e6a9,0.0025322605297294696
ck_57849e15b61c43b4,0.000993000143673486
ck_b7af9b2ee0eebbc6,0.01408454642878209
ck_00aa5fc3b3bc66aa,0.05858239016201545
ck_9929723f65636c7f,0.9963528642709935
ck_8f6cce9f69912983,0.0040949917229450026
ck_c422ba389ff00781,0.0005229277752904025
ck_9ec7f334604a228f,0.008435735436875605
ck_5d01200ba3341462,0.0018512165517178107
ck_2bf10be403849c9a,0.0032736839332095364
ck_6ca018259f70858f,0.003068537852703637
ck_a54dc042ebb7c766,0.2700180517889194
ck_79da63fc100830b5,0.005104632205969447
ck_67ab6f9e05c85085,0.011715817977368795
ck_fa80da579ea9afc0,0.003870916386139414
ck_4339f86c87289222,0.6850038995228727
ck_a2299b4f530be0d6,0.09499799312646594
ck_19db0bf788697c2b,0.006939677260973659
ck_fa4211c4d826d830,0.00019617385045009298
ck_96100d5e8e051e91,0.0014617714343371396
ck_5c3a671883d58b3f,0.00029006495083237955
ck_2d9524787cfe1ab3,0.2128186734684664
ck_47ab8e51e5b3a2d8,0.000717724262820093
ck_c924f36bc1bbbaa3,0.0007638215206577783
ck_5c58e7f8fd55e26c,0.0005241239777471201
ck_a07e7409d6d5aa06,0.0037758613284879943
ck_c8413898f5f7cb7d,0.023303285732232528
ck_577c816b41cab002,0.7383964971111132
ck_9f7807ed64cdb728,0.005743639956742234
ck_495d814d6d6d521e,0.0018863490179638525
ck_7aa8bc018c2b003b,0.0012798568026676338
ck_7c3a6a82f3c3241d,0.005291573143649402
ck_487f7fbc290e4ae2,0.007846030926371263
ck_e556c4d36aadbe03,0.0008361793108005203
ck_7e6569a1b2455cb0,0.000460506447139639
ck_de2924955926d046,0.017998134014049032
ck_73d60b4630e3937a,0.0008529661717352887
ck_805ee564bd35ef15,0.0015635216431673631
ck_0d40961e47797027,0.0023294815379027254
ck_f06d00a4f9c87d80,0.000847983405690732
ck_5ef50fb07b6737d5,0.0032974352705139164
ck_16541fc15683e21c,0.0019323286476206512
ck_09fd43f1b7e2eca2,0.0016096315210774469
ck_2a2c336a69b8d68d,0.015552699913336401
ck_2685f38930866af0,0.008982732420341415
ck_298278a9da874437,0.004937472324992147
ck_00bd7803f2530c68,0.024096684754291237
ck_c2b4a1d8c0b6c1cd,0.0005999001766371599
ck_2acb54ca20c3af6c,0.014258214056684855
ck_e3d4b6f681c783ab,0.04436186440362028
ck_f90293f1eba5d7b6,0.06100848464154117
ck_e69d27e8965df0be,0.000767365316978706
ck_b7f5d10b427346ad,0.0012796656092747046
ck_1ce20e4223a936b1,0.0025169584388442454
ck_6b97d1ab90f6bdeb,0.009799118777376147
ck_e30e17db5473c7b2,0.0005527642838406858
ck_154c8efb19dee665,0.0005680994323674179
ck_6f5bb0c930644cae,0.8093546427565466
ck_9e17699baa83d173,0.0006593784391147497
ck_9693b1eb70880205,0.0017945884109837745
ck_1e97899875bb427b,0.0028483418661871727
ck_558a82590f65df69,0.00016566314195302058
ck_18df83242ff3cdbb,0.031726093515352737
ck_80ad4396e1084c68,0.055262974611331034
ck_0a993bc947bab61f,0.013376843751571785
ck_5c2d43ff841632f9,0.0028995710645679084
ck_6e4b99fb9725d9fa,0.002412597567529035
ck_e0983999ca26c19e,0.030354836636565713
ck_6573c4947cc8607e,0.023611110882468596
ck_d879d645d6e44207,0.007609862702781996
ck_1375ad9f10688e4a,0.0004539453065743865
ck_7501ebbf4e21f160,0.004087263318252947
ck_ca60d61cd4dc3bea,0.0006661396796548412
ck_ab9ea095a5c58b4b,0.004134477487757547
ck_23756522b58df5d8,0.00023647064928409046
ck_90bc176c43d85fd5,0.08746961241164113
ck_908b663b2dda94ad,0.03128413604038605
ck_4df2fb8e4b649e27,0.004358550153787081
ck_5615c6bbdef05291,0.0784203198010675
ck_b62f3e3185251f71,0.00015203939268887144
ck_38d1a22850178f33,0.0006573197176718597
ck_5b3ba20c8bb1383b,0.002140125319363269
ck_5576ffc6aaf6f22c,0.00010369302368365904
ck_cf7a022178165e56,0.0015274485735875037
ck_f2c7a4c50e2ede96,0.004015367568086886
ck_285719c77eadf915,0.0004482465521027121
ck_f2aa1b677619ab19,0.009062425508617732
ck_3830c58d841e9e69,0.8296073824900378
ck_32eba3510c8eac5e,0.013421210971083683
ck_8955d7b9030d5eb5,0.0035353450714997363
ck_6775e387dace7525,0.018695140949025635
ck_0a0cd7f4be606a93,0.0229767074533792
ck_a9f700eee5d638df,0.0038730774224790578
ck_3d7db96995745472,0.015058419954901972
ck_aeed557007d52e9c,0.0001018036774563017
ck_79b6a86830156b5a,0.0037893978183365633
ck_6a1ff9d69466181c,0.24151490385490007
ck_f11b1565f986f5e3,0.009735917237756063
ck_4819327a78615485,0.0009941432484422469
ck_3ed9e081959b2f5c,0.0015866204044040196
ck_16af4be191c47d3d,0.0005788713645160798
ck_25122cc0e8b1a662,0.038258200508726185
ck_509c22828d467ba3,0.013415481530472494
ck_31109c899336348d,0.424147972413179
ck_c51131e53baa59c7,0.0010456694575668086
ck_cf8ecabbc61d3e11,0.0023691995810304536
ck_eb6baff0f85ba936,0.01548997784291232
ck_777669e2243204f2,0.4163350171565863
ck_ac0ea27e692acdc9,0.013569464296592946
ck_4c6ea04ce8ca9e2c,0.008845006535544
ck_ca54b32fca7e94cd,0.00463865304790139
ck_4dfd8947f540eb24,0.0026802293982272547
ck_95aff1fe27fb24bb,0.01037307373319902
ck_c7550723b90e5615,0.0014511257091773721
ck_57b3fee69bdf85e8,0.0013528047111067939
ck_f823407ace7ff064,0.01998881139646
ck_a69084a068bcc8aa,0.014431773839739386
ck_c7b17f7b24bef5d7,0.011631174503568965
ck_7c4e588f927c27c8,0.0018417089550914094
ck_77fdac602d0c6f95,0.06518510877274687
ck_e963d8525018d072,0.006049367138684626
ck_6e8ebaea8f7bffaf,0.00027204296428928526
ck_aa42976a31cb7770,0.0005376638074726433
ck_22c862a496008c96,0.5760816601298928
ck_527550dd15f38782,0.007406600166871503
ck_b3ab3c210e2c7c19,0.02790563515825708
ck_ed9c56fdb9f45ddc,0.15007905161860002
ck_b53281da70defcfa,0.00440257497394883
ck_03009b721568ee98,0.008262349254506368
ck_3d9afd862b3f4053,0.26541388272002625
ck_ad3c4be96599554a,0.004540320508581979
ck_d1c787c27d50af49,0.014251629644337965
ck_c7a9c7b2eef46a99,0.0012411234087618698
ck_53036d3c6c74446c,0.26093399764261793
ck_1b1efbd9c0964c8d,0.003300140356308814
ck_d66f42a269d5c1ed,0.007110766498435099
ck_fefc49a2b8ad993e,0.007244708066063001
ck_8b3b874249adece9,0.03034677342666985
ck_193d9c87ad3f1dad,0.0004764754633236957
ck_0c6a50d747593b7b,0.013282659589380094
ck_c830f3830875b47a,0.01294926406766601
ck_79e202f06d8dfe42,0.007849366533378798
ck_5c0fe988b8aa7fcb,0.09744625629042998
ck_a8382d8345f21e1e,0.0018142682330440742
ck_8cb20053914692d0,0.009848137366922922
ck_1da2f69023ca4c13,0.0005400478132366334
ck_38abb60995114f8f,0.01718148011755444
ck_f5791fd8fd8fd191,0.020345709119755848
ck_a4e6fc391b674335,0.7486738146248558
ck_bd771efb4a7e15d0,0.002951514901963211
ck_38ba4a6b6a292054,0.034823133953677546
ck_f7a07283345a0dce,0.004726350327208807
ck_87dc484baaf5a23a,0.00036431090785315123
ck_c84ef83489badbfd,0.026775786120872294
ck_a397cd64ec5d644b,0.004672383684936325
ck_7977135c2ff61e92,0.0008143410011667734
ck_52174855b243a8b0,0.03466529690599647
ck_0f35e930d0614613,0.7830928405169216
ck_b170a7db522a0d6f,0.011536117037630722
ck_7af748a23775bd54,0.04592115847002205
ck_52f641c9ee6fda70,0.011564929569991748
ck_c3719a30414bbb4d,0.0027369905199486773
ck_2baf214ad6bc0dbf,0.05081136050420514
ck_8b39d8aacfdd72b4,0.002831353572805388
ck_d39b0152116203be,0.011878635354987866
ck_ed33f8a937f9c7c8,0.004496477814121549
ck_8ef97b55a5fd6ec9,0.0002738022063953158
ck_8247f008a14bd1a2,0.0008693113174162297
ck_f0d349d68249d5db,0.0008691191558866021
ck_a544e766540861fc,0.04510340601775837
ck_9dfaca4c7c80b10d,0.014140488220487711
ck_7e5401c362b2216a,0.0005286112288919973
ck_64ff60c073fdb6db,0.013609665522095981
ck_fc5ea49518e5d637,0.0004508920390601054
ck_580f136ced341298,0.001657531982605837
ck_9cbef9bc95449dca,0.002998124132998632
ck_e475a3b8ba870a7e,0.001804074108562617
ck_97e94708bcf43563,0.003457574801926068
ck_13f03ec785cbdae1,0.00022545858825173004
ck_152820d8817f478c,0.003386227922204185
ck_d20d4ba60eec9945,0.0013951159004522466
ck_5c45968a805132e0,0.02239899954141532
ck_bebea2cf3063fb24,0.0027022098208047372
ck_c3c69aefe7ea1d2f,0.0103245112118069
ck_02028b72f26fe855,0.004088779948705337
ck_dfadff70a58a9133,0.0007916511229232004
ck_6482ed4491bedcaf,0.0005780087115176031
ck_754cd7b4a5ae3f94,0.0014766405972335612
ck_3132857aec8485bc,0.00020494482540145902
ck_7ce4ca91b8f9f1c1,0.002213712815963414
ck_41938582f4351772,0.006530387743287789
ck_f87d66946252476c,0.08324096995979606
ck_8053f1879a9b4e43,0.0007614316329313584
ck_93892e91387f5103,0.002123527388998579
ck_15254db133b28371,0.03285460588266935
ck_d557b9feb241b3ec,0.0006321977925524314
ck_71c3a8e4c12c989f,0.0015450018036102778
ck_80e3041811033443,0.02544691911198967
ck_3380d60067b4634b,0.0008112013498464882
ck_a9c2cdc758df8510,0.04375016272401808
ck_3c0031d7514da17b,0.01534071676526635
ck_18d214b1418be39d,0.010049130702528985
ck_7ce768407fd48321,0.0058843591935337225
ck_7a50abd42298133b,0.002209046711795847
ck_2db10f987d137582,0.015351480021818199
ck_e077d004cd1d80ae,0.0021273544204738495
ck_1cb6dc67f9a321b5,0.0282115748564293
ck_b864f64101149c35,0.11281744621982932
ck_9bedf54df9418e4a,0.0008052940307343803
ck_c47e32c47f0e6578,0.22301478695504823
ck_71f382d5e338daa3,0.0008296072885269652
ck_14b4bf7be6ac2b61,0.03182082491137013
ck_5c87eea1cc07cc92,0.017644229229056126
ck_5f445182829ef342,0.01226457781978331
ck_a5d7311291caaa54,0.0045477299638407185
ck_b7df99aecef385e6,0.008226698374599963
ck_3327a0582407068b,0.014396550683000556
ck_08dba09fd7dab896,0.009357426170416697
ck_f4ec334be5266378,0.0017500730184600946
ck_240f7f894c5a86e7,0.0017476583260363034
ck_a9d994554fc14a02,8.290272345106238e-05
ck_13648cbd306eee6d,0.00449462951103768
ck_601edf9105b3c321,0.9286822659815637
ck_9527adac182abe57,0.22295489359172876
ck_4e0e80f5cc271bf7,0.0003248129606071905
ck_96a89e720176b389,0.05662429278165359
ck_63560eec94b76d2f,0.02061522541753114
ck_c9c99e5b19aeced8,0.00035751823079900347
ck_bc32655ee5ed643e,0.012828123423934244
ck_edccb5a93b741744,0.007497981693714544
ck_f786cbc987b70930,0.0007864196428361948
ck_0e8f26536ccc8947,0.028674085551215915
ck_b87ef4b98cfcec4c,0.0396102939797327
ck_1a9235812de4b2c1,0.008165394639861486
ck_d1ed88ea4211ba4d,0.00047737272076165196
ck_a4ddac49657a4450,0.032950186083201334
ck_d9ffca35188e49d8,0.007169733906407874
ck_3db73bbe03c3d240,0.00014917713601905196
ck_fffa0622344a36ab,0.0010220318042621574
ck_148c28df51bba5e9,0.791392105286284
ck_076cbc25c8f15fc3,0.9213287885929634
ck_e5ca550b39ed45bf,0.37359173756164576
ck_8dacf3a2061ca17d,0.018848010860545366
ck_2d7394afd61643d0,0.0021961201254511228
ck_e42206e91f6a1752,0.0002824620210822222
ck_2f4f94827984c426,0.00039224388697093617
ck_edfe8e90e8f4366e,0.0006415731785165413
ck_646b15f753e5e9c6,0.02022882648930405
ck_66600620149c8799,0.0007231451214593194
ck_4ff6fc70bccfba96,0.5101604368056152
ck_41af3729590c2484,0.003244857389369551
ck_920a48ba8c583e96,0.0023070396031502636
ck_0253b3e7be021306,0.000962472773506388
ck_2ae6949246ea2648,0.019534596443682543
ck_db23a5100f338d72,0.005560134747611809
ck_fcb2a559474c3493,0.009526359112918176
ck_0a4d7acd2a53cbbd,0.0010026686306709852
ck_c5d62b2b7a6f3bac,0.9040809936905629
ck_cf59f4fc0ea690b2,0.0014266438984673526
ck_837be8126bb19250,0.0008676275047508029
ck_58955542edee1adc,0.003556567331548452
ck_1b93381d8eea58d1,0.003602565876886272
ck_97b8e05d62abdc14,0.020665364934418534
ck_71a0d645744302a3,0.0020386316543570854
ck_a7b57882ab66b111,0.00025469397888375363
ck_65f76421be648549,0.004411554922414213
ck_b53ea8713d32ca7c,0.005503444440975951
ck_991c4c924a1d85ff,0.5955506341086461
ck_8432ccec1a4ec7fd,0.9972086935319069
ck_64c1633297f43788,0.0008107840422734601
ck_4291fd9c1161d8e1,0.006338470563641728
ck_5e98ed6391d9f429,0.01649145189436669
ck_c7baebe4549fdbb4,0.03477960903335178
ck_6e67225ba59fa5ae,0.0200074732560654
ck_719602def4d35fe0,0.007235393405596789
ck_bdee7c86f5ebe81f,0.004089262202345088
ck_8de38f8c7f91961f,0.0063228134131572975
ck_b0b5bf9254700402,0.003538527868795353
ck_7b55d9bb1a250d4f,0.011199870539609798
ck_3954b7b0fd1d6614,0.0003296606656070964
ck_f29471fe7c818d6a,0.002474530903704091
ck_9e65a8a2f587691a,0.005531274935523356
ck_eaec5f1a83b66eb0,0.29134406166842114
ck_004fe0daecbe2c1a,0.002167832425566804
ck_d17653a4a2d4a79e,0.0071373257167338874
ck_0dd417fcbf19e424,0.0055219348477468
ck_4c99a6eadea143e2,0.07388015804435939
ck_74d602c907ee9119,0.0005868011276322717
ck_1aa87cb62acc0ac6,0.006105209611056426
ck_094974d75e29fb2f,0.06530190371693728
ck_5ef935ac3d4d3332,0.005886275785542788
ck_b26e4ae47c9107ed,0.13742770545157565
ck_396cea6f95186ad2,0.01163505679984015
ck_48446a9e8184c7d4,0.00036809668390351097
ck_31e1ede23247d56b,0.0596597534882312
ck_7afefa349b960a3e,0.0103992644957947
ck_f5e02a3432571b20,0.039144612799853526
ck_64eefec062592c43,0.0033506282124057293
ck_a1201284122c141f,0.016066857996708945
ck_1b34c420a4c85a95,0.005409615369426953
ck_d637a011332ba67a,0.0029455275169498352
ck_99c0004d8b7079f8,0.0008612586990523754
ck_948517bad569b40f,0.02765039881638622
ck_a28d6b1601b472a6,0.03246639211477889
ck_a0b4209feb31f5c0,0.5937324464447159
ck_d6d2c1f6dfc455b6,0.15299017836807033
ck_3f9e6d356d3dd3cf,0.0009138578576915979
ck_d08e00c842b75176,0.005278661897864664
ck_bfdd232a7c5f2660,0.02632953249944848
ck_2cdad03ed069438c,0.01066017283153316
ck_42317c3eabd0a285,0.3488390889775894
ck_3eb73e56751c704d,0.004111821298714851
ck_ef33c04f4c9e3758,0.009093901900330464
ck_1dc23dc870f1773d,0.0038301945672900976
ck_76091f357974a152,0.02044568433811823
ck_4d9eb75e8eee90fd,0.003979577038800673
ck_578f67e69e5d2cfd,0.0009533478561766193
ck_3a8ce1cc724229b8,0.00022480453503607404
ck_a96887f841e80fc1,0.011099983752317064
ck_d2d4a8f4a9f2c33f,0.002700483218763622
ck_11f85bc705dbe036,0.044094675035550764
ck_7429b3f87528e335,0.001305482105182575
ck_26df74feac7ec51d,0.007600446585836318
ck_c78b2638fadd91ab,0.020281750153318907
ck_7eaad325abe3b50c,0.0006854285327212533
ck_fd44e34af620e606,0.016813147064336165
ck_f99738dff854e25f,0.0012995006544695726
ck_1ffbce3a239bb264,0.0022222492665560753
ck_96c7d52ba0a766ef,0.0060776679489816235
ck_cb1c00c300af3f9e,0.004970953147867726
ck_ec3d12848ced99f2,0.004593033403489267
ck_26cfd7c3c6c7bf69,0.00747549465407424
ck_7ae86b5a885affc3,0.002868293256223929
ck_3edaa94d28cd48ea,0.00334621255876531
ck_3209c530c9812e39,0.002878971376094755
ck_ea62ebfc1f04b49a,0.0008443517980046628
ck_5fc90b4668ea81bf,0.008797399740951159
ck_95654593cdebd141,0.0012206242456946998
ck_958c0bd61820147f,0.031872012402140396
ck_8440ef1386c07194,0.0011547008705518338
ck_8cd1b68dd74b1375,0.13559936719107718
ck_c9eb4df91ff07f2c,0.022396985672577013
ck_c29489366c01fe65,0.37844307568074753
ck_c965fd6bec0f0ecd,0.008064455543267538
ck_84c402b23766e1f2,0.006017119537761961
ck_181f3dae03b87136,0.009696711117803309
ck_022a8ae79eb28cf6,0.815708247286812
ck_469c17407d17b706,0.016016392692405793
ck_1fcc5843f39148a9,0.0018366185986460558
ck_5debd55f361b2ddf,0.001025417865079824
ck_28cb9b03e89263f1,0.0007681021164153174
ck_f067470743d3c7a2,0.024557812551508944
ck_d5d225ce41a1a762,0.010544827549563722
ck_15b4840922195ffd,0.005521924003245563
ck_6bcfa37c717f19f1,0.01726014709370313
ck_8d501a0386c66be8,0.02416520235322774
ck_1a9d6190c57ea7e2,0.18700868375553345
ck_c49832eabdac5bb7,0.0001671592021670007
ck_b4331140b2e0d4aa,0.0006926300591459211
ck_5efbea1befdefe1b,0.38035096160077464
ck_72ff52c4824072ce,0.0062042679798381345
ck_ec3715add8bbb6e9,0.0005562768382913305
ck_9822f8ed05335741,0.009110594697763898
ck_c3d7d3d12a1981a3,0.003329090772881118
ck_a115a7919ac5875a,0.021147897597936182
ck_4dd4ed23e0b927b7,0.13888950177409223
ck_4c76efcc1ee6762d,0.040208883482806976
ck_3ad6e7bf452c9b21,0.014873763670563811
ck_dcbab304b55a42c7,0.005813907874701295
ck_24b53090faf722cf,0.004002195322370649
ck_187317383400491d,0.007706276206010331
ck_e07fd57565c94c28,0.03809227183877345
ck_740e760fdcd27835,0.004261258339371559
ck_d3796aebda1cfed5,0.857990556914542
ck_e541967c681cb929,0.014357381626283586
ck_431118050b834dcb,0.000353610877674995
ck_90f3655f0c8a0074,0.0004932663156850137
ck_13cd943777651aac,0.0037340242057310653
ck_66accecabf3901c0,0.02164155174854167
ck_937f0da2306b2eb9,0.022774906914797936
ck_105b0c93573fd5b7,0.7160007186372308
ck_00480407160e0743,0.0012170154067614682
ck_e032068be7b77d15,0.018687097259032955
ck_991b7dfd69098320,0.0009307151633546963
ck_37d47cf0f34574a2,0.0006569125196801216
ck_011551a596544f5d,0.00039046794870345073
ck_9acd98f4fe2d474e,0.05208978509276814
ck_7c88d3d377bb61bb,0.015211175024759249
ck_e2374c7136c964fd,0.028924661358361338
ck_2fa8f2577116e9ca,0.048610729161433226
ck_d07c5b0321c685ea,0.04678177302352501
ck_bc736114a31088a7,0.02049950880970515
ck_32bb42f9bff197f8,0.0015558818602193054
ck_66267bbad1f1415f,0.7818530683811399
ck_19988702ccd79201,0.00027801997937307305
ck_f473a03fbcdbc4b0,0.001109502234833431
ck_e3f1d85fa5d49396,0.007163214625337654
ck_c4402ea6291df271,0.03273833825773233
ck_243bd5ca8c4ae5d0,0.0030904742207411872
ck_f271e855925e8d6b,0.11778670574187342
ck_e424148c6f2223df,0.0013760503164590508
ck_e4d0a9e1102a58b5,0.0014693824950682338
ck_91c2a5fe69b9b1d1,0.006472409934437724
ck_5fd8924732fe403e,0.3311132993745425
ck_9a881d5433126ada,0.002890683876038121
ck_73cab88b29c7845d,0.04764479721268097
ck_5b5dea6476d4e182,0.013256804529946428
ck_ccccb17d2ca6ce94,0.041458345678263654
ck_cd1dc68e441222b1,0.4903196962760976
ck_8312c49b1431a406,0.016963684390585824
ck_25fea39897f2a559,0.005660156131678591
ck_f56200205280bddf,0.013862470272588438
ck_7336611650dcc088,0.0006564121157409536
ck_590716322ff147ae,0.00821564558235292
ck_c82364d87875a1a1,0.009065815243855411
ck_fa4b60387d744fc5,0.0005955531241998454
ck_d841eba8906e9a15,0.0008627998668772009
ck_d6df562a79b9d0d9,0.0030336144386786277
ck_59a14d2564193101,0.00041308209702902885
ck_8530158e3d7f59e7,0.00367637868871343
ck_ac68d707006c12a8,0.00631907240220411
ck_976fac1bb3dd8c58,0.01822665524987129
ck_f854fba8f4adae3d,0.051990904530160725
ck_b98e9c3ec6e7d1e7,0.002552200480493118
ck_803c0b4cf9d4bc1d,0.008129185227764584
ck_76997a33c3ea5107,0.00020868158331371854
ck_f1a9d832b700bda1,0.8471656002304533
ck_2bd96ddb8c323d63,0.4773678095416671
ck_9e5b7acf51b1b743,0.004389445788329314
ck_09169f22194fd6aa,0.016147625352953575
ck_6d69e092f9b0848b,0.010368211178829132
ck_9f83fa5a2d3b9049,0.0033168937714732017
ck_57bbb19eecb4b87c,0.003250350590290851
ck_e0e9cfabb979f428,0.0016510809756509616
ck_b1ff9edc51d42f97,0.0029289603436098177
ck_4682fad271d47eb0,0.7251116888144189
ck_ab33fb754c818ae3,0.0348708367469219
ck_b456f62b80e21557,0.0001253656621557378
ck_16340be3f2a7fffd,0.0003995482284772911
ck_ce66831f6611014c,0.0014102456002941589
ck_4610a073bb54d1b1,0.006987490811363217
ck_fd038a7d33a9d6e5,0.000670094117930882
ck_c8198cb4c461304f,0.0078070316330190945
ck_1e7de58822000dea,0.0009328789673529957
ck_b2a79dd3df560f14,0.03022094821682362
ck_74a06f347b32347f,0.000986436315141505
ck_c6fdb2972417c9bd,0.0033105319633222573
ck_d7607a213b800bfb,0.02394080776739153
ck_df65967b8b40319c,0.0006395269824614071
ck_329a73dbd585ee09,0.0020688203966050507
ck_74991a9e85c3b07d,0.004730508787232592
ck_bb76609b79e0bc9f,0.0017695440815314906
ck_f7fc1bd0b9ab1fa4,0.0057928649546870915
ck_d111c98b36bdb791,0.0011214835786317557
ck_f07e27d125497b66,0.008882972872792468
ck_093e3a7134e11d6b,0.000974076915007747
ck_862c7953bdea48b0,0.003813264392378529
ck_392cf2cdd515c34d,0.000944983666555344
ck_80eb91b0b4001084,0.03217610406306764
ck_5923f53b77193a58,0.06562950553192172
ck_8049f5fce32be185,0.6757059136118411
ck_ebc5a2c6cf88e252,0.03491935791011988
ck_9ea5872f14cce338,0.00815502622828868
ck_f7fbc95ebf584379,0.0037561232425941007
ck_bafe82c870356706,0.4786354757041817
ck_278b36c5932d9bff,0.0003664422982895547
ck_6a892dd5d05c1649,0.006584310341654602
ck_0734fd90b2cabd43,0.0028452322176401117
ck_9b552204498b6762,0.0054293350805355
ck_f6c909c205767956,0.00693186210056236
ck_32f590e87bc3d715,4.0837011635969724e-05
ck_66a8325f28be7562,0.0009972907303056997
ck_b129261da9c3c3c9,0.0013065455402997209
ck_a524071c51ddde20,0.004837142672087035
ck_ba576d6d4cb6130b,0.1436621111003714
ck_8d8226520722af78,0.021511405341118905
ck_c5b0f0d4f1655a20,0.03007757986958327
ck_61814ae9b6d8eab1,0.001930046494614551
ck_382ebf136f7fa337,0.17547253006663954
ck_423ff4ede6a9f066,0.003329500326120206
ck_546ad962d04b7de4,0.5262205147373993
ck_9473ea4a01c95f9a,0.15683789435391493
ck_9eb1da8cd35a50ce,0.005098097694443757
ck_de5eaa2cdbcb67ff,0.10280989800852669
ck_537cc97d0398c922,0.0416739827156857
ck_998475a2e4dfad4e,0.003444858117389904
ck_e62eb708d2688fae,0.004601204685461181
ck_ea623358f704daa7,0.08959944810755584
ck_b911a09f328dfd4b,0.0005728597055040158
ck_4b3506b624e5193c,0.04860724242126285
ck_448456f96788713b,0.007928971489492736
ck_5d5ef9e75f65d076,0.003012795989319926
ck_3b74512f774a6e5a,0.0011682909750878512
ck_a032e8ac1507c6df,0.31557914649118735
ck_7e2d6b22a0ae20c2,0.033049389213922316
ck_d80283209c963f11,0.0017726170486778118
ck_d1157eade2ac3975,0.017453623764242004
ck_be48f583f79427f7,0.01316839158461643
ck_0027b5d4107d65d8,0.11882636656020887
ck_94fff69584dd3b2a,0.0071267487607759
ck_75fcda73f0b43557,0.0062679080745914805
ck_a1c78972e4ee4082,0.019427708026693188
ck_f0982bbdbd122f91,0.0017917297004662578
ck_3199b471575aeb3a,0.0014451877217188107
ck_7fa947a0b1c1cf74,0.01754575719302663
ck_a60c618b7f0e4252,0.0007992022707493747
ck_722ac47c8ac9b6c3,0.10026241490668053
ck_d44dc3839a195c8a,0.030753105562261688
ck_a2c3e82fab520483,0.010340860321892471
ck_6f8ae0319c07cafe,0.0008290871483152721
ck_49886ff1e2c759d6,0.07603579359086865
ck_150a1108f936e6b0,0.0026619434468672103
ck_e21f9f96f597695b,0.008909716096400257
ck_7297bff2b7fdcbc8,0.00022727880323987422
ck_ee949c71f4f702eb,0.7578535874633866
ck_6fc37dea4b4f35c6,0.05808725900916321
ck_e76257caa98dc25d,0.3885558667459105
ck_828eef2334e17b3a,0.000978641198625206
ck_604e1b8a8c693aa7,0.0034078745405020593
ck_7743c9fe037d1f9e,0.025147603173194602
ck_864a11202e19e812,0.10945908501989238
ck_4ec040b9e3785e4a,0.004934962998085069
ck_7346e4f820d9c00a,0.7885815822242874
ck_48d4d63beb26b623,0.003240239357236028
ck_c423aa6de3ed1e01,0.0013373782736271122
ck_d74b2ead8aaa3f73,0.014660644457134803
ck_1dd69a11daa7bf1a,0.02308650614085117
ck_d9143e236eef177f,0.005292041084773784
ck_f790d91e5ff0eccd,0.20011021628917317
ck_69b5620e00ef5dec,0.0004966888034902312
ck_cd32e58e8a1c0e85,0.002511402500122007
ck_064013b0957d87a5,0.9965846650421369
ck_a481385c2e60dc4a,0.0008798877948030028
ck_d72035cb29db3aa4,0.01106863612990719
ck_3759939a0205306d,0.004143070119711157
ck_f437a53fc832ec95,0.473148434551192
ck_260ef2f3e6434819,0.01888502978178231
ck_35e411b05d22f663,0.0072623012293400215
ck_8bf46e472f3e20de,0.11149894925625116
ck_d546994fc5d3e9d1,0.007960411044137194
ck_6ff0fc7487e737e7,0.22106994051796058
ck_5c67f27816ae0b6f,0.005229741180453387
ck_c5517923458106ae,0.0042113275738605615
ck_d9735647a6b0b0a7,0.6384638927572664
ck_541a734fc457246f,0.02183955739095517
ck_2f6a639468f41043,0.0013828451532095218
ck_bea2cf7a6b7bb900,0.007644755194774255
ck_7eebd0e6ad6c070e,0.0020991654151668575
ck_b64c87d5e3b10e6a,0.48918687524089677
ck_9dd7daacb7833233,0.0024183434147985903
ck_396e9ea9a6c6d7d9,0.010026369804518626
ck_1645e6cc53fa99ff,0.01022290958136036
ck_ea2a83ccb8d57490,0.006716641826096948
ck_e64f0df63e1be595,0.03126230474495079
ck_fa0b234481cb57d3,0.020419133031768046
ck_63379e3c9fe6f711,0.012221960945339437
ck_c67f7944896a0310,0.026266067517432157
ck_c10e54c9db29e6ef,0.35319811703950715
ck_7184ad7709ae4c80,0.04432567182970256
ck_f8b6069d7577fde6,0.003006037767838826
ck_18444be153bac1ca,0.8195865125740225
ck_d0982b4e0e118e4d,0.013718388623132655
ck_6faf3e6820398866,0.0019268777869352208
ck_97e980463aca4644,0.0021332364082870332
ck_630c835243c66b19,0.8269984028056334
ck_fe429ba3e1aa0e4f,0.008293789680576643
ck_1058129ed7b48c59,0.0039203621599370846
ck_04a1a46f07885296,0.007656442138875135
ck_f01e94331067edf6,0.0017103965019885752
ck_77b2fb17c29f5e72,0.0032209241864021272
ck_4f0c5857da45fb28,0.03158431803747468
ck_2cfb9a7775e8a5bc,0.6676732267377057
ck_6846100e43659bf3,0.001030326023286512
ck_f89719a854fe11d7,0.010648657352933523
ck_bf47375e41ca3bc0,0.005826166626672729
ck_2770b0400a7bef08,0.04501356428274185
ck_2a09d142de1c77ff,0.009194179383217762
ck_857a1f5547b9ad68,0.007161067841722852
ck_185f15b1523bbcf4,0.0008517619016157511
ck_ab2aed614ec1cdf8,0.004622417158555585
ck_a9e7f3b2d5dfd97b,0.0030779629483963294
ck_0eeb3d9b3e697edb,0.016510458013340383
ck_fa5830d81bc8ddc1,0.0006151533265694089
ck_231ae0329ebc3220,0.001408348350583927
ck_1587763dd54688c9,0.0012367522548797142
ck_9f85fea4490c00cf,0.0024864241199790823
ck_a2d709e7eb91e4af,0.018397826434128847
ck_43637d28c7216453,0.0010864052067642192
ck_f3ab5dd853d38252,0.015934967266445953
ck_4a1f0172d3bf4fd3,0.0024050423161680284
ck_517620ca16505af0,0.0012456864308796015
ck_9ae904fbef56065c,0.0017462730915098008
ck_d5ef1f6e34bb35b8,0.016119165039732604
ck_ff42557857ae3aeb,0.0011697340015421605
ck_ad9a18f58589faa7,0.002367983444243312
ck_df1a6edaa3e6b271,0.0008366910635059511
ck_99021fe7225b5a68,0.006319789414187294
ck_99e52c3c2530b69e,0.5925998706881637
ck_3a4811dc4a1a891d,0.0007589085276326934
ck_ba3a6be026c87079,0.0036080179897832253
ck_da6d1e5cf6aba6fd,0.012304157221290525
ck_ddc7c1f3d45fe6e6,0.006848113142925497
ck_e1b1e7a7e4a15b3e,0.0025209718175865613
ck_8288f7f226e08b89,0.004755168276898449
ck_c4524993ec31dbe5,0.0006244063950650911
ck_8b19bb5b23b6741c,0.002756792137857737
ck_d21b38231a8a9f4a,0.04144710339346662
ck_3f730318a9792292,0.015755091577941274
ck_a4db6e94a8f77f9d,0.04658193830050687
ck_a8cac8d480306839,0.001227475198538199
ck_5472214011fbc2a7,0.0005492187575934296
ck_7356f47dbbbe7904,0.0022560501245993936
ck_16801e628e883d78,0.008932262797637402
ck_0dc1e536231c4860,0.005457735900602287
ck_7cd0634a6e60af83,0.0006686226816927475
ck_ef6f8e048ae1bd4b,0.0004663631137558068
ck_82f3f744209888ac,0.024635599850468745
ck_f33188c232a03526,0.057670017042795146
ck_4a59f4e10bf45d7f,0.00043612673663935325
ck_d96c893721385e4e,0.0004492745178024313
ck_f65ab819373edb37,0.0067910188252320695
ck_21cac21fc10b7768,0.005873201496937703
ck_139b54e6ccbdd7da,0.035395246103865304
ck_d6f5c8741697abb3,0.023342507288499157
ck_a28d9bb5590d458f,0.08957311351449294
ck_ed26d906883bea0a,0.015924482793766934
ck_227602ad072b838b,0.0009377935307649151
ck_39d5f6c17c745ab1,0.0005577582150485005
ck_744eade757ba69b5,0.016116409116248363
ck_c1295d97cdf35ec2,0.0030028911753367704
ck_69105f881da3c821,0.0038719878748723255
ck_933789b55361d7c1,0.18928067685940358
ck_b667952253503174,0.0049372309980475985
ck_7bf668e25abeeb05,0.0006413562106872164
ck_91742711dfdffd56,0.006052641797118332
ck_af32a0660090dd68,0.02436016296794421
ck_2122f201e65f76ee,0.005090686860117558
ck_f48acb73a5d6af07,0.010013753377879577
ck_337c5684510cf432,0.04557766995572838
ck_f7bde7265053364d,0.005695321623862192
ck_c190c7b924edba75,0.028787700860070063
ck_044fa3b3a003f0b5,0.007721165037781585
ck_87eb43e3b9d96169,0.02508620176203662
ck_2d3d6c9364362017,0.0004939781833617188
ck_ac55dc6cbcdf8228,0.0006512103356582505
ck_61d7b0568ec5d6cf,0.012517572834842085
ck_89c74feeaffa7d09,0.0012712804305162913
ck_93776b0c113f41f0,0.035843457135516205
ck_15e0b679931f7a8d,0.005158106028620088
ck_77b56c49cfdb1d81,0.07872366043419739
ck_73188a826b5f499f,0.004600212569292355
ck_4f463ef25325ddfa,0.7129124349046733
ck_863db2e394dc47d1,0.7107593169535916
ck_d52432ed597f3cc9,0.0012279404552534223
ck_04fb61e5739642f8,0.14446401401571035
ck_2e481d75d110c06d,0.07802305305269831
ck_3fa1a523d77cd619,0.003504455621462478
ck_466dc6274fecd708,0.024696140488132134
ck_e1790b3aa2241b10,0.7191771435368873
ck_84ad096a46e1a960,0.016391099426908168
ck_3be72c9c178fa00d,0.01914432582344286
ck_5a17c89219d1d9fe,0.0052200053268681235
ck_4f639f4ee6ce8d9e,0.015713286679355776
ck_f4ec4a935e51b4db,0.00608831045101704
ck_f04040a830f92bac,0.06474278575114681
ck_3e4d02a04be2aaf8,0.008439066748095707
ck_4d1baef193cfb900,0.00749070643416367
ck_0fb3153d37626b75,0.0006503136785240693
ck_88ec57a11b11f702,0.48860366154979246
ck_dca9dc465f759db4,0.001470516944991038
ck_64f5fba6af67e024,0.01687403756080993
ck_896096cb167254ef,0.016659120069972392
ck_7878679065876b98,0.029121264337552993
ck_fe8e5a6c880ceb4e,0.0011586939898685198
ck_a5e036327d3d1862,0.00042843171119859037
ck_310f73940fc4cf4f,0.006206520901778744
ck_46a8db16ad00b749,0.012112544296668018
ck_0d33977c3de8cfaf,0.5008683524940842
ck_c6fff412f531db0f,0.00040596073807587426
ck_bac6dadf428eaea9,0.004257135583150509
ck_1b96d9af0d7da2d5,0.003223440193593097
ck_fa8a4a9e77799fcc,0.0009680880944758255
ck_0bf48607a874b4d1,0.002104549504634294
ck_eeb75f8a6439f65e,0.008665971431244191
ck_a209a5f7d172125e,0.00393887489795376
ck_8f346b72fb40bf14,0.004435721222437994
ck_bccbf9fef367f00f,0.006612005825472039
ck_2d1548f1ee405cc9,0.005252890199548937
ck_e8298ff2dc1e9d50,0.0001780314835746569
ck_77c0fb524edb4a94,0.00482775067260885
ck_28ac4c5134cb8e77,0.017654366789851047
ck_db23a0e3e54be60c,0.6145732649505354
ck_a059d00cee5cee99,0.0006659532688068785
ck_3e9e3bba8bd363af,0.0006417470518274987
ck_0428728df24cdab4,0.0005308702243555575
ck_88cd35378075c84f,0.0005493771986307979
ck_0174d76398d9dc0f,0.009400034271895097
ck_3f1287e6c27de0dc,0.0077797739347005715
ck_ff822700f3605e06,0.9987244834760847
ck_4563227b2038ae07,0.17653940525013753
ck_788e78065526ee19,0.02047124008707659
ck_8a16eb584093b12f,0.0004522742113987496
ck_cc276f71ab6c08fd,0.036306555054618675
ck_d61d97b21002f3e9,0.025232044266889932
ck_4b2e87d86a5e415c,0.013749115941939576
ck_3e6f35e4500d2f2a,7.239590143112984e-05
ck_3acdb083e0d8ad61,0.00027062514042228115
ck_cd655202db489010,0.0007151344318297936
ck_829cbf5ccda481ae,0.00199123343737088
ck_f5882e6f98b8b4cd,0.0006442021307094635
ck_767947540b234add,0.0096244378605613
ck_a6e8e8f535b1f1d1,0.009277144256068917
ck_58412a2674fea506,0.011928053977731059
ck_fae7e518a585fa61,0.00904913980279708
ck_9c60ae6958d68dbd,0.18073580075533033
ck_328696b8f5e54ec6,0.010804546548494737
ck_7df3f8f4f1068d62,0.002808822054749481
ck_cfadd21458230ef7,0.0028207095409040687
ck_7048bedd554c703b,0.002028921755366348
ck_50422466f145bfd7,0.0006178299079886187
ck_61e1f7168cd9ff25,0.030007282023774787
ck_733aff0f56f5b3c9,0.018149606314014192
ck_e14892e424180549,0.0008888826451651304
ck_03f6664a96de7d0f,0.005706019357692282
ck_b7f4baa2cc82fe61,0.005419779292876137
ck_1e51199a075ca0fa,0.0017139153062070474
ck_0e70516fa07cfb17,0.8670379987913412
ck_0f37c554a5057801,0.5229006825701881
ck_5576b725de38d106,0.003379412389914251
ck_82f360df1e9f4eb8,0.02778948038469031
ck_395f3bd4aacd7ca6,0.003887614595868897
ck_5e8e857b63966609,0.061098137369195296
ck_93470896f0804b6b,0.3375500875743099
ck_3be854e42e76569a,0.003549563137093344
ck_0567302c57a2417e,0.05229947977156925
ck_ee535461b5f05539,0.11470132155977543
ck_94a096c36162a153,0.009102585502145046
ck_dfc8f5c141fd7c63,0.007475660466875598
ck_98b34f2d704c1c2a,0.012011261791456816
ck_96dff7a09d45f116,0.019972061449935942
ck_79557434c129ba52,0.0016843120434467992
ck_4596624a7c01d501,0.0027413740575383703
ck_04e89fbd739243fa,0.0008108603465547603
ck_6149ffaf18872dc8,0.000906872175620407
ck_cd78f0832a09bd8f,0.21923078541343616
ck_7e29c10d781c3b41,0.0014858777808526428
ck_1f7ee7b23fc6f2f4,0.002181824429751379
ck_c49b685d2b3ab89a,0.0015474875609025741
ck_84569a8fc50e73ac,0.009105949717862376
ck_b92b11d205af91eb,0.001206252388402334
ck_06280e6d6d2485b0,0.0029108355078600965
ck_3c08546dd0c92863,0.023114283002898185
ck_99d3983f907828bf,0.001475305715234645
ck_eccfd552aa652d3c,0.0055369725177349055
ck_0cff8153881875ba,0.02628187039123981
ck_c1aebbeca6ab5ff9,0.0025281429763404787
ck_538fdbbb3c2bcbbb,0.004801388380986093
ck_8c0210322733c718,0.002194549009123555
ck_0b0c93039f987abc,0.0037754492536262803
ck_6d07d6d1bd227d37,0.10002526036624552
ck_9b6ee35e8cd0b11c,0.0006757635922992952
ck_d838491d3d4f5ecf,0.0025858720575969
ck_0593ae243a9ebee9,0.011965297148717928
ck_ef261fc09be8eb0b,0.005202298419065163
ck_d0935b571a4a3868,0.00879285773366711
ck_97d04a67a104af39,0.03336981521173019
ck_e25f70d0b7229420,0.010919236701057527
ck_9b71274ff83de482,0.5914268967303071
ck_6de2aa2bb60978d3,0.03744179415157696
ck_eda55c8fb47593d7,0.004067160385443938
ck_924e572517515f19,0.27728177518433217
ck_d6f27eacbad310f4,0.0011126888760046407
ck_8550f229b5eb03ab,0.005410480697784925
ck_e3e95546a84d0ed8,0.014293720107860109
ck_3135c019696ee6af,0.8958754209193271
ck_41ba315d8fccb559,0.0015461550886112943
ck_72b86e4485da2d0f,0.7484461612660525
ck_daaa995f3c2f0e47,0.002194828321746102
ck_053746067839696b,0.01711254836379953
ck_a15fe7d0f4b65c33,0.11928803614000763
ck_15de11438732bb05,0.011715532860630264
ck_2c4d25acbe3fabd9,0.0008934640638567013
ck_7f08078908599bd2,0.010055466191602335
ck_e794741742fb2619,0.010471480518776048
ck_238e53b6dee8c301,0.0011636022895044368
ck_53a6a33060d5c8b8,0.002745202544233183
ck_0e0919292ad33472,0.6507423364578859
ck_d86ccf148c06c8c8,0.02882133455234843
ck_c881f26c9bf9ae42,0.40546864995250476
ck_4b0947bf94e9d847,0.03541226374562344
ck_e10ff5c38bd18470,0.010099112685022804
ck_b60de9e97aad9e45,0.5888443201775226
ck_190bc849e5ff5401,0.01815889039829158
ck_e7be077aa0b2632c,0.00013477243859386564
ck_a51abde881ebeff3,0.006323742306414477
ck_2208392a9f6bd249,0.005960327113045746
ck_0259da8f109017e9,0.002928405172747889
ck_05e01ab9c95449da,0.008728857743547404
ck_c82897ebffb6ae66,0.0007028753557619769
ck_b4a6bb4689cd7cfa,0.051423156459262924
ck_9e21ea33018ce538,0.0035542744041313864
ck_caa348f0e65db062,0.4890440968058369
ck_a964e6b5d8415334,0.3685689090577298
ck_510bfbbee37ff436,0.008563728889888954
ck_9741a82faf5c7889,0.0158602902648294
ck_e7f61b4a39ba98ac,0.00043523225292005265
ck_069d158665a53909,0.0016664205233655278
ck_6426427efe3228af,0.018781521284147316
ck_ab4a8d02ec3c0fd7,0.000585276545502374
ck_aefa0d8d933e0eca,0.032804174618073764
ck_232325ef6bce92f1,0.001216194353078932
ck_14e58c3fb26a2b4d,0.024188060753933042
ck_06e73afdec26aecc,0.18459571611749173
ck_3168f4f2778d64e1,0.0028922204590894006
ck_ff3998d6858daa21,0.0007534795524049013
ck_bccff46fb0868454,0.25513974693595753
ck_c7d444d90fa86d7c,0.2559492206529788
ck_f0bc3bdee6bfbb94,0.006919357019769956
ck_f7112818a6d81422,0.06750200720708419
ck_aca35dbcb835ad02,0.0045280935461509825
ck_f637fabf0f60528f,0.001193698736180246
ck_53d17ab97de1ac3e,0.003102824025613052
ck_c8c1bf16d9113493,0.022855867225777503
ck_e842fb0cf055a83b,0.055365442746551405
ck_93c0cb3dac4891fe,0.004841691992490006
ck_0c1f088e17e46daf,0.018967468624387075
ck_8f4b384955bf57c9,0.0011087077073246457
ck_09cd5c4df1e81ac2,0.07762543461891491
ck_1e832a5b2342554f,0.014889570496083953
ck_2cb763a881aee27f,0.0004968135717447397
ck_5875828b11406398,0.005344135790302408
ck_48e84b0cb0b90fa7,0.0590439697863878
ck_833688de8629c5c0,0.0003665076245328494
ck_117d78ccd5820f36,0.012882568123158706
ck_668ec61c4c39cae3,0.0002736380845245547
ck_73a7794b659d7a34,0.0016458404249454967
ck_10f90d879209734f,0.0035438035274908716
ck_d1d079913aa158bf,0.009148282445647249
ck_01c631b38e8a9535,0.0015527781634410353
ck_f6923088c17a04e2,0.05726668588682554
ck_b447badc9138987d,0.0004129632250388074
ck_8b772caed8f1541c,0.001163945224764116
ck_5403c76fe68a08ba,0.4046308929037635
ck_3e6833574edf1736,0.004800790497893381
ck_e527fbb9450a4581,0.695200364700758
ck_cc90e219f1ebf390,0.0033760559253158406
