cookie_id,score
ck_315fb710a0e371e7,0.0005952522729038819
ck_a76ee3b3e3e522fd,0.1402737829174124
ck_94c9a4d382689e82,0.021866193027414466
ck_8eaf9509ad9462a0,0.0018617327561923835
ck_9a88a5a989cb5bc6,0.026117955281919222
ck_15239ef0689c1a35,0.02735454869807597
ck_8de69cd219d3b87f,0.8715501875337985
ck_f92cd37022b0ce21,0.01821882839150829
ck_1a3ff7620580a514,0.007462297659563342
ck_397c03aa33a57310,0.07644941601195925
ck_a7cf6c3b322f6b7a,0.008643384063538434
ck_c39a9e75760e3201,0.01065529607184121
ck_88ab6d245228c38e,0.0010631512251863524
ck_17733f75ebdea93e,0.00405068772463782
ck_58eb871e8d7bed52,0.06846553363458281
ck_e55b7fa67db1ec27,0.0016011363925653723
ck_62f5cfe22c952694,0.010456520432613865
ck_7fbb709a0fe95759,0.002221612097884197
ck_87abe9cd066a20fb,0.034499426693219724
ck_d58e058b5c553dd5,0.004884422541540565
ck_d27b872648b71202,0.003940536613816542
ck_4b4a3c5b95c55b43,0.0009342912956549148
ck_66dd4f4b4127256d,0.0014013102467530045
ck_93cc12703b500613,0.03946427554859557
ck_d28806a2179092eb,0.9957434527425009
ck_0595c2a0c7881e05,0.013997801089528035
ck_50087d8666191144,0.3831644274355677
ck_b08b3f089138c901,0.007977355552966792
ck_fe3b67041dad2dd1,0.0013606103922003368
ck_8449a28f7d475d93,0.012715614790165747
ck_8642e3b6d84f49d3,0.005333131687407276
ck_e49b5e4f2f2e79db,0.5216078915525054
ck_437afe412ea4259c,0.12911296807111833
ck_569b83668d74042d,0.7700735052211483
ck_233a487d31c3e631,0.9913094803073733
ck_1fca72e03143a645,0.9615042111268854
ck_79205e31223df2ad,0.010123144269723265
ck_9625a64406ea16e3,0.0021250842049680392
ck_079bd18dacb704a8,0.056692380827012834
ck_4db6d4fd2b49aa81,0.016551618913396224
ck_0dbefdac0a1868fb,0.0015440588882671578
ck_24ff97ad90bdd69a,0.03900617346833111
ck_77f8c5042065d506,0.008310013781639886
ck_f11be8ce05382cec,0.008361291284310077
ck_c9d72140b0389216,0.018699056044158578
ck_69eda24e931fb36a,0.003912882514811427
ck_ed471e496916ee15,0.0027954693720600777
ck_ff090498c4b17ac3,0.00763860005975226
ck_c3c19d6a0720915c,0.0027453188880303676
ck_af02e1817cfa40b5,0.06206482400670928
ck_2df5a9fc87553eb1,0.006427913227943357
ck_4ac918e884cff336,0.014087772251504786
ck_ca149244b54ef3ad,0.00016093536687821324
ck_6babe5b8674ff51f,0.00961485507159251
ck_1573878386886290,0.0049363629724985085
ck_3925f8565abb7fe4,0.007199049086175775
ck_c4de808ae69c771f,0.004898627437688295
ck_a777c813551281fe,0.004663094900099936
ck_df4424f6dd85080d,0.033843289126260015
ck_85e5494ec20383ae,0.013974560086886075
ck_f71a4094e889c3af,0.0021853853449765046
ck_f2f3cf9cd23b2809,0.017289735764161283
ck_18e2076397bcc211,0.09661893265809064
ck_c9f9fddef39bc664,0.01456678365212694
ck_7e826e233d6ea028,0.0026586685675668866
ck_62fd7eb46bee9210,0.026795757971417433
ck_206f8e3cd72768f3,0.026460842159463843
ck_aa295a11b0a6ab36,0.006735665509492902
ck_9a56739d81f84a53,0.0024144218711098743
ck_aa075c418ed9fe5a,0.007112611846690052
ck_62b9fb3db284941b,0.0028032813989556766
ck_f4f83b1403ebea46,0.033957080280232275
ck_16b66bd803288bc3,0.6482371093447683
ck_c4ca1434f3778f1d,0.996187190758595
ck_1b823610371a29c0,0.002763508401463772
ck_c2bd5a722aa637d9,0.0043126466547105564
ck_7890208951df34f0,0.020855819246454993
ck_020eb0e454524ecd,0.003956853213346426
ck_3b66196ccf436c35,0.005786539732917493
ck_109fc467ec0a4af5,0.157862302678631
ck_f3dcd818db92de7b,0.01814880274659101
ck_31e7742f160980ef,0.02169526995871158
ck_77fce5f86f00b8f4,0.38400069030515394
ck_46bc797b4d07d607,0.001552969049119671
ck_37899b1b571b1c6b,0.0058421710144671525
ck_ef8a6af43fedd464,0.0017298085634212623
ck_bcc8519fe8521038,0.04833637163674188
ck_90696b7182dd9129,0.007390695704627362
ck_4a24ad61d017e1ba,0.019126171049971285
ck_0acc3d8c67218b9d,0.004245538305476984
ck_05c97fc9de11aba6,0.3230409247898168
ck_f8ac3a0500c0ec62,0.008759155345639997
ck_617b65141f546a1c,0.004212930838588912
ck_9d00823bf60388d7,0.025968739347553945
ck_123c15d93f1840f2,0.05264964251142808
ck_573feefba6bf78bb,0.030976934278944636
ck_b25657bd16739036,0.013744976611430535
ck_bd26d2bef14a8597,0.007698541381516066
ck_a553418f2fba1440,0.0070520724936600655
ck_89f3e380b0686963,0.0019376727877610652
ck_b359192aa659bdce,0.01281622047335772
ck_02241f3dc301bebf,0.012886398383411
ck_5ccc1a1c78cb33ee,0.01971874975951707
ck_349cc5edda1b8853,0.06348125790615075
ck_e9f228845bf6e28b,0.02115460665526153
ck_0a45d033d4e280ea,0.009693910481678163
ck_7e63168dda612235,0.008251512850134654
ck_676fa5f6aae5475b,0.012480327433186085
ck_74b502b20690ccfe,0.003748162758661494
ck_073509af21dd7f5f,0.8950748719803812
ck_498a0acd450944d8,0.0033421522385593426
ck_7f15b50b29dead01,0.01962827139469888
ck_8089fe7403c5f537,0.009109241280475704
ck_05b2b04e11d9ae9c,0.005543429900299129
ck_31e70f2f04b48b88,0.0038618609678151565
ck_994316fa5a02b319,0.0006721848231929425
ck_b76510998b9a2260,0.014471168384832646
ck_4db95c310e105d30,0.0006474541070989311
ck_6f730b77dc6cdb84,0.005969175119538855
ck_2493ee8e7b91d304,0.025545238153588758
ck_92d679d6ac7dcdcb,0.06436125361964613
ck_3a0e0200cbb185cb,0.015054439382167575
ck_0b2eeb4e00ff7955,0.01175049928592389
ck_9843d0e61c37ebe8,0.9954272219072811
ck_e61c8721e3ef1921,0.003697682866193255
ck_2e0eedaaf2980c2c,0.005259688466651764
ck_9036b2e5e9298a34,0.002170465424773524
ck_3265442528d51728,0.00886756418181742
ck_f2ddae2eb1cb29b4,0.01671996974804275
ck_6cfa71d27fc27f92,0.012891382629230402
ck_f3199fbe84a28b9a,0.007470399142075741
ck_b78d785ca3ef773a,0.0106886635139092
ck_374865697f1480eb,0.013987109437836046
ck_06d0e4a9189302a9,0.026783088635852728
ck_9c9884b9bcaa552e,0.5843499824828302
ck_fd4cf578e87703ff,0.010081006468561427
ck_1917ef3e6e345549,0.05698682006805332
ck_e70418b00cbbbac9,0.03363181760654411
ck_a60388296a47062c,0.02749066695741422
ck_d598fe8d2c779ab9,0.017362911061347467
ck_646dc03de4c31803,0.8777109288958149
ck_e4fd8cbd842b6993,0.004096409859917329
ck_2225b555aa2a42ed,0.03917638205093351
ck_6be8ae9d78148882,0.006683658206828923
ck_4199342d3aca74e8,0.03634192919217746
ck_779581adb573261f,0.005447936745530197
ck_bb303568b6915205,0.16025347113598779
ck_17c4296276448afe,0.008908745074766319
ck_a60a61ac829252a0,0.007236417407557856
ck_6ea70950c1cae00b,0.696987657527378
ck_1abb93f6924645e1,0.017184371356211408
ck_faab769cce19879a,0.03354651062735759
ck_d5b8e74e7ca6355a,0.029997461343209398
ck_f11f7691af16ad07,0.0033048779150828865
ck_188fdf2be7c92e9d,0.9984673290669378
ck_4a103f8254b366f7,0.01249015946468016
ck_bfa17a0b1760e616,0.002163799109387779
ck_a4d7f6a5869d440a,0.9824301523296143
ck_58e20f5a3e7f11b8,0.2766151913139052
ck_4becdd3d2696c7ba,0.002647829307025807
ck_dad5cf32ab9f243f,0.015135190755595013
ck_7d9f73dc7c4f90c3,0.07968646538947902
ck_c19371047a2d011d,0.0021874306483749
ck_247589ff532f7aa8,0.008939866701698117
ck_7a9f241d5f082567,0.004167838567929891
ck_0a2b7078736b4dda,0.0035066654721247867
ck_687b412e2aac7eb6,0.012145275909993562
ck_fce0b6855886a0b8,0.005714018535294254
ck_e291cc60920456d0,0.14018554325618443
ck_04219a7ea798db51,0.08228522857529268
ck_286bfd719836e9f3,0.08523750934415719
ck_55efc92394fee232,0.16912411869201713
ck_e36c8da1bd359960,0.053937563421999096
ck_34b0988a97d96902,0.011973447907567781
ck_e0fb11fc9dcb34e6,0.009962554528719698
ck_bcc9cbc9ed8b7c31,0.011978431185174164
ck_3df8da6f60a89a5b,0.012362839272947677
ck_b1495ee5c59a6b28,0.00999787843910159
ck_58f4c3ac61fda129,0.08629834006612497
ck_735f244b99e3aa8d,0.015416091689468676
ck_6b93bd8abf87b1d6,0.9806377587736561
ck_12107dacc6d05bd1,0.002563905893979738
ck_f96db2a1f3448d1f,0.004891364041962524
ck_8fd91a3c99e19097,0.5302578320450729
ck_910205d25388a0ae,0.0003828920632508881
ck_d229dfa0e4442628,0.0023448012296946605
ck_7cdec61e1c488798,0.10949202435484442
ck_f66f06e24ff32671,0.015548416766342225
ck_350bf14e90b503f5,0.013369858688380119
ck_61fff5fdaadd394b,0.0039203194565352786
ck_e934f984bad2ff91,0.9709887902428607
ck_ff6a6d3547dd2d37,0.004772035509028055
ck_65ad9b15979e3247,0.010732705253884185
ck_bbe1a2ea5a403ad8,0.6474347389714967
ck_6f3a28eecd2c4031,0.0130447119636634
ck_a89b66665714058f,0.003414216958222971
ck_918c92182b6817cd,0.01686640175262586
ck_64f5eb4be9e7b8fa,0.16088358091097116
ck_d021fd497ea35fb2,0.014833218911658877
ck_004de16f7d8a42ae,0.009621030046658442
ck_a33d2325f86ab12d,0.0015500779747459718
ck_89790ff26c844bc6,0.008605900745791706
ck_e6e7257377c37b28,0.06882322186529209
ck_a2cc3910a641a808,0.4849441983843296
ck_646e270e0195bf05,0.012297343435346341
ck_baba5d66def0d770,0.0595807797468607
ck_67cdcdda3033842d,0.017022633494366605
ck_b5c3075c811a2216,0.015978448344020558
ck_515379973a8044b8,0.0045561962383966325
ck_c0ce85fb4109567d,0.020854501374994647
ck_fef850553862aaca,0.005268698383322265
ck_55d7217b0aff9fa2,0.011425719317831099
ck_8e139f8925ef7968,0.00408996856864587
ck_9e35b908fca1e4d7,0.0016203116169253812
ck_59735f4ab2ad3da5,0.014184665919015514
ck_dc569c1167ccec0d,0.9132390151231957
ck_1dade5592f90a15c,0.016858027963191795
ck_793048d11fb8b328,0.08180611092287962
ck_545b71eb4fa594b5,0.0022386195663751983
ck_bd30853e9a57b544,0.025512812043758274
ck_59f46321ecf6d306,0.00938789691415143
ck_260cfe9141d249f1,0.6065322256548069
ck_3365a0ad1a8aa83c,0.0032815052265850225
ck_b0ef193195a2138b,0.0022186488020162726
ck_0f909705e2e60f2f,0.002761596767908874
ck_5a540b75c866166a,0.01965766428563776
ck_87c26b2f41025109,0.9986073526280201
ck_27acc9f320cda104,0.108365800871778
ck_a27bc31eecd9cb9a,0.01813693904833898
ck_115d86fabde77b65,0.002078996132568829
ck_eeca179341d56f8a,0.9174329240224544
ck_8e5999c436cf037e,0.004113734089310395
ck_510e7c5df1f95d90,0.9965402499658724
ck_f1acf73363925958,0.019599537750577135
ck_3c177f5970b68bd3,0.009353004612956243
ck_9cdfaa1c30cc9d32,0.004315497731917389
ck_c8efa1538b37c359,0.011536219278484815
ck_a8a2e296f9804bd7,0.010077884350238679
ck_91a0ca45f429568d,0.010655791534758593
ck_5fdf8a0bdbd3ed62,0.021542987948566097
ck_0f4e2ec66d50da5f,0.004231005878379544
ck_28c53b214b2ee882,0.09106760431225319
ck_003148504557f720,0.05481880262024713
ck_01d840cffb870615,0.17871448860948685
ck_555848d51f4b5f35,0.008233258577469281
ck_df20cc23b8fb8e22,0.009573128836736642
ck_f9604adde929beff,0.004715727038603753
ck_d66952b03591bdec,0.00807004400239796
ck_ddcac1ab765ff61a,0.01565070214454567
ck_347386629d96c664,0.008169609368014634
ck_ab01db9117acfe3d,0.0168651531211973
ck_58e5359efc52e0ad,0.0047570124046813645
ck_1a524b5cc8da71b3,0.02053456156756214
ck_e9287b6d909d731f,0.0027347325173544086
ck_bb41a66e3d90263b,0.1363997747925175
ck_e95c8cc1864bd584,0.006282386977988424
ck_7a3f2961e9a8b6dc,0.0053018721697934605
ck_378a9df82b1e0bee,0.09599597815281648
ck_42633573639a3f02,0.9946253132846772
ck_2a5a4c18c2c7274b,0.012788775707763149
ck_77549c1a41f837c3,0.012569615478109263
ck_a26704b5b26258b7,0.013298558784813138
ck_9874ad160efddf50,0.01416767814666614
ck_9111e3a04b14dfba,0.016093121964444883
ck_651e076ee43aea85,0.005638864413330185
ck_391639c0f13932f3,0.001205596346474701
ck_02dbabda93c8c13d,0.03949366943499453
ck_0adcb1fffcb0a34b,0.020680461924124902
ck_7a43ef9c7b1c67b5,0.0006386730352957569
ck_4b9dd69946438d0b,0.009646722434757447
ck_90bf017cdd37b66e,0.02157280468429005
ck_61c74163eb36556e,0.022938814629532737
ck_13376c59b5bd6943,0.0015429839609474678
ck_62337eccb1672737,0.005577095617903832
ck_16077934338472bf,0.005828334463608342
ck_0d4dfd93086e7330,0.008320768076935672
ck_3865b7525b910893,0.053772311460903284
ck_7e2ae8b69ebd5675,0.0023073664297749833
ck_b4384b6c11766ce7,0.006196131344218051
ck_3d7fa32dfb9fc692,0.053376211624229064
ck_f4a6a7cadd6e0603,0.05939295498037519
ck_212525e2828a6c45,0.005872623980058305
ck_33ad8d53394ba77a,0.753822435096249
ck_a5051eafe8b51224,0.007852844613214014
ck_f65e5ff7da565f91,0.004827411576744375
ck_5c37f7563fa7591d,0.005707688335435177
ck_f1e0a006068aff29,0.045802446745407455
ck_c646cdead6fb79d0,0.03893896658329738
ck_f8b3cdffef535330,0.15295205660992356
ck_e5cdbe3aa12c97f6,0.035328479623926656
ck_986e4e61440506d0,0.8784081527903409
ck_6da9c5912e15d9a8,0.0020747447205056134
ck_51d842e6dae74c71,0.0061053408781833905
ck_5fc65c24e0736d5d,0.9925382790881025
ck_babb95a76c69509d,0.011178699450934526
ck_86a2d852a9715432,0.015848615515786483
ck_db4083a0d043def8,0.39108008316954146
ck_96953b8945b7d403,0.0359340936088103
ck_7831ca5c31fb3859,0.07172991894363645
ck_60ac5e5f375daa38,0.005653452544034968
ck_05d44eb1f5f085ce,0.021965315627081115
ck_432cc19c7eeaa46e,0.025808215106745615
ck_7fc513033af061af,0.09027375551931972
ck_ada6ede84c111719,0.025465710673116378
ck_6343e0d3b1c2962b,0.02033903092772822
ck_010264ae04f2e902,0.12792397600179514
ck_e9dcf535f8c289eb,0.1824294234928584
ck_37143d9cc296e6fa,0.007851830354289577
ck_61fa051192f3e810,0.011017874299152353
ck_f9f93d1d41be1468,0.581439383166044
ck_c4f4f28457be8a74,0.004633497849754162
ck_323a71f9452d21cb,0.9545640256577269
ck_170f4688e0acd875,0.15243276055942281
ck_869b1878d09d230d,0.23397173461233856
ck_2f6b33bf46976229,0.01209329555647385
ck_b11e22e75d9b99de,0.0040678295243325455
ck_123d75ffb75b606d,0.005648788592034668
ck_94295287a04c85d2,0.10838001357465205
ck_1b0434f096795328,0.0013079205233804529
ck_0a4e191cd0a57ce1,0.002988318924235673
ck_d2fbd0df99634676,0.0244689872691599
ck_d51df5e9fbbbcc94,0.030598939961067568
ck_2d3d7d64a6f443f8,0.025681979308557243
ck_731943c682c9394e,0.009637232461995784
ck_5ccc0c94e5e1f849,0.00456191805993504
ck_c3476080516db25d,0.013224768485228713
ck_5010ffb1c94187b5,0.0028233304878326313
ck_7ef666d67bc70223,0.024744582190530294
ck_c1b493527224a27a,0.0013862846645648188
ck_5d1e25d7acc5af9a,0.006119876970284033
ck_ec30b61cbf517db8,0.004253184591164447
ck_79323eb5d2e5efae,0.014010774264494073
ck_4085cd3bf2661518,0.006002642363614771
ck_2ca91214c357c072,0.045510581234808035
ck_7f3132d6be389657,0.04465914989146848
ck_e7a6b925c8f39a85,0.01679236742447907
ck_c886adec7bac250a,0.010005938470590867
ck_c3f360c2d0ea0a37,0.008534291009946295
ck_a7acd5b015823793,0.017119274388041287
ck_9d64187c0800f84e,0.027123679870696065
ck_5d4ed73b9efd7d11,0.006842638826664092
ck_874eca6776b34dec,0.0028920473302189017
ck_96a9221a87be93c3,0.02639446957592941
ck_68dd79a51eabf5e6,0.04878339826262425
ck_8311cb6755b2016c,0.0053378987748198626
ck_16fc77b2bcf5ec03,0.8707690653155923
ck_ad9e2088a33c8c72,0.001028718568972064
ck_7176bbc97b1e42a1,0.0034337894364703998
ck_80dfa54b30f65fff,0.9387824132805408
ck_31c54d540b128843,0.0037370502919402216
ck_43ea894480567274,0.06347752020871217
ck_9c9e8a38bd5a6c88,0.013687994595428648
ck_1c2dcae19539e148,0.017105507443182733
ck_b0fa8b84e94d8ae0,0.012064958731753764
ck_4ceb43ccd0a81c2f,0.0035617618938214137
ck_ba845332b730b596,0.0006140300216701564
ck_73d3e8c6077f61e6,0.05580265658589261
ck_b5d0d223ef56473f,0.016624732662788792
ck_949f08f8e80e93ea,0.0032545516223051805
ck_73de0b49709e5f8c,0.004268692445034425
ck_b5935e9722a39819,0.034309718899103954
ck_96247fee0eb44420,0.0022799581654082833
ck_a6def1e4b2d57e0d,0.046361227864733325
ck_aecdc5a96321a2d8,0.015507795355821164
ck_bc61c59970f8de49,0.00952238139509987
ck_c43b4175fc9ac5bd,0.9432969025819219
ck_8ff7a9b23a55fd62,0.005471286024132528
ck_20c99b645f462449,0.003190687867439641
ck_a5ce2ae36fb410d9,0.0024620629853481287
ck_96fb9bf556842bbc,0.0067681716090015305
ck_b5e4c6dbbed1b773,0.018176248432792582
ck_2085433978e72ea9,0.030952473983396095
ck_2c6b174b063ec637,0.006018131204893285
ck_b20b81b88dabe28d,0.0026523028119274264
ck_243c18dbf150831c,0.0012523594981397013
ck_2bb6a17e8eee35cc,0.02898980748302792
ck_66147fb994495396,0.1314450501290261
ck_73f124f075ede0fc,0.0049995617546311115
ck_2e315f1b1e533dab,0.0024901876921613712
ck_16c7bf94ed3e7a6f,0.0003709311060857818
ck_4a0eae220a762ac5,0.027294519217949224
ck_dc16f939c2f44ad8,0.029522152975622572
ck_817926b449754917,0.007339428735434401
ck_0c0dde42ab64ef87,0.024012380335552256
ck_cb3a40594da6a2ee,0.03296301090075283
ck_d0dc156441fcfdcb,0.024357542768954688
ck_66f0945add423e9e,0.0022764083687409264
ck_a74f6a3030f5d495,0.011848100292913829
ck_1ae460f331e49ae2,0.07162353578909673
ck_2d177b2f4f0b40c9,0.12801086060920397
ck_92e474e4368c4791,0.0649002882722575
ck_3dee83fa2d109484,0.0012572567377256642
ck_80e5ea27848069fe,0.009291876881193649
ck_ed0c4a83701ca230,0.018826973886180747
ck_0b8b7c5c581fd161,0.001346468271401343
ck_60bf8a2870956fb1,0.006574363297021837
ck_73a54b56a2bf35fe,0.8336874173379447
ck_2296d7a563424883,0.004489960220089472
ck_bc19c383560c7477,0.02260820492519044
ck_861d8e3d88f1079e,0.0241556308478034
ck_3f090fc96c24eb28,0.0015636059590422176
ck_9a6a1f8102febfca,0.014774751749452458
ck_541b6ad5d2fa5a39,0.0034733591023511715
ck_a760d38d1bc4de97,0.003091768173998001
ck_7dca4d7ee10b4eeb,0.0034903728387321305
ck_15220e78d1545e40,0.029854776787020056
ck_ca24bb0de508efb0,0.015963028482946007
ck_56b389627d8f02c5,0.965691245787791
ck_48a6754977a44db0,0.004655168727084582
ck_333a43ec339a04cb,0.028693777036003943
ck_f22aacaf86a65d7e,0.06704655139854236
ck_04bd8a1ffaf3ffd8,0.0020561316884658426
ck_2737a72de6b700f3,0.08999926649479899
ck_c35e03b0dd0c3454,0.013643010324284601
ck_e0571312f395cd94,0.026267752965407225
ck_09fab6b9825001b2,0.003850754473966319
ck_18c3a095606209e8,0.014771683903043691
ck_2a97db9377d01e36,0.01814272529872142
ck_f29dbbfdd2786bd1,0.004629472404824604
ck_35d6c510ad29362e,0.29783799196415994
ck_5468fa99c945d785,0.011747057675255308
ck_6f8102f62c876cc9,0.026105779406958164
ck_91955aab3424ad16,0.002671293196608979
ck_9a43c0c73a39d759,0.05454945714521592
ck_60b023af6d1e30bf,0.7834976101234379
ck_9704c5cf8659cedc,0.018524168334652195
ck_7e5f02b51b9f78bf,0.09379618119764241
ck_7d3a88d1aa649708,0.8520308768156228
ck_8250eddc1ecb07a0,0.04514125437807759
ck_d979ef95ee44023d,0.01100432561877378
ck_5e5461dac83531ac,0.0060912796806917805
ck_d1bb8890081e0a31,0.028798958582414172
ck_32246c62640648d9,0.0021264233920783087
ck_77a40c7d2f862a32,0.03644497983638826
ck_1c8b94efe9238f5b,0.0070815604388420866
ck_eaf3b6d11bc3cb11,0.0010087866489780035
ck_a4a7ef3ad799c380,0.010424225333614381
ck_d5bd8f68da073cd8,0.005829729148484648
ck_6e6258227fc8db7f,0.0014118471693617726
ck_c35d444e05799db6,0.006516625509852986
ck_74665e1209140ae8,0.012721213564669218
ck_353a272478f7e903,0.006258854166918411
ck_a2c9796ea229a4e2,0.004594018296659813
ck_e0171f91cb3411fe,0.008331338530772406
ck_703499f5410280f7,0.010078309501096096
ck_ae3a763997f8f385,0.04823800291882827
ck_f7ff94c3df5ac874,0.02877824401843362
ck_f3c16d8f747db046,0.012367518623745006
ck_7ef019ed77276496,0.01803122268456179
ck_d6a4faadab58a3de,0.005471788424465389
ck_ba7b78d31d74c794,0.010908530154170454
ck_36287d063350ce9d,0.009881966618522427
ck_5177fc7137ff26ce,0.0012240992099083507
ck_dfd4e79aaa967b63,0.0031922936627266
ck_fb44d15fb93a7157,0.015505323140992717
ck_fca478361870a4ca,0.011636122484964774
ck_e57b94fe57341058,0.025474112399115213
ck_5448c946cc4758fe,0.033411373524291646
ck_c5ece5ffb8800ad4,0.00812819014209233
ck_11cb98211b2ed134,0.947327519048518
ck_f655399ac75c4450,0.006790795284091177
ck_c817259019588d30,0.02245782080612836
ck_8740a14d8096c6e1,0.026085383766419893
ck_0c5ba86f4e05b38d,0.01423569441136975
ck_ccc917533d4b73d4,0.006203094317061342
ck_9eb80edfa43203de,0.005950496191372494
ck_d1a1cf4cf61d6801,0.018360300084712875
ck_b17c239f160e6017,0.013439668074396012
ck_410c3e13b48e0415,0.006439905080801158
ck_ab553954435e8854,0.7000190127053506
ck_bdbb4230c91e1604,0.03505459933913009
ck_8fd4937eadd64fb6,0.005142400384765561
ck_e0e90b196bef3c11,0.0017773952683142738
ck_3dc4d464386f0eb2,0.16269314514845912
ck_51bbbf8f8e8ad005,0.9982568712461531
ck_c05737ab74cf03c6,0.05346473092744812
ck_dceabbe04d99afc2,0.0009525569158002444
ck_5b86fd14e85bc9c7,0.9146854539595495
ck_d4febf0083800424,0.04834026573688266
ck_77d9f86dcf251739,0.005528222840829608
ck_b4dcebc543deaafb,0.03933265987654651
ck_cb856e75c949b0cc,0.0007054308323094428
ck_61b067de8ffc1ca1,0.03518360638409289
ck_c0e8560ccfd9dd9d,0.002544408282717356
ck_173e1198c341087b,0.01367871934810285
ck_b4d55bc809000276,0.008049777465681546
ck_839bf139296b5cea,0.041951837470679036
ck_78cd402a2a4f2e35,0.003714343114673234
ck_c2925c50ebacbdba,0.0024768114728554273
ck_5e3bc76eddbdb0a6,0.001974255107535807
ck_b7793edca26fc512,0.038159488712953625
ck_d79bdf04d6f31cd5,0.0016691816412112738
ck_4b97d19ed946f503,0.024794484198386355
ck_37139b41c5370523,0.027641976762264577
ck_8c346eeefa9ce692,0.01668736787227571
ck_2ab7eddee2d8c49e,0.01180417251508844
ck_29da59ea3bffb9d8,0.07342104337960711
ck_c1d05ef0ec6e4be7,0.005483378323934562
ck_3882423b449f6291,0.9429226501849822
ck_5647030283171ed5,0.8399185062229284
ck_efbdcd9c181e72ca,0.00308892147870102
ck_192fdad892782daf,0.07833454205366779
ck_0bf2e13b9f2601ac,0.013096626877848364
ck_3d6046a533057795,0.006284523492974294
ck_279a1d3a3836e5cc,0.02011369172647027
ck_c375e929becde422,0.007345351876445442
ck_a59e90219939a1f0,0.002753692706743787
ck_4e9fba1ec54c3ff8,0.016256029299172494
ck_bcbd8588a13f5eef,0.00753776772603846
ck_5f9a7ff990341bdd,0.0018951646331270796
ck_e0403d507519b7d2,0.004247288943887125
ck_c9490cb61aff5112,0.05156492713923453
ck_41dd44308e6a665a,0.07304220731738467
ck_76c23726cd7ca947,0.010156262042325932
ck_9be551300209fa83,0.011123767330000672
ck_a98848eec6c9581e,0.023851761228970814
ck_61176dafb33b2d8a,0.7269720307986207
ck_92de019e05971ce3,0.03207328330806017
ck_5d644224135d7c65,0.016876112311961934
ck_c767fc454fa215d0,0.005762413120676031
ck_5df85a8924e11f27,0.021999823567617687
ck_da2729307af06ed5,0.01752079500634369
ck_7c6b577174af7a78,0.0102604115248208
ck_893b8afbe11301e1,0.016066416192113204
ck_e06f6fed020ae014,0.005673790767460484
ck_386680372fb54857,0.0036542497886842386
ck_7a7f3c4fe0c9d2ca,0.0032034658872109297
ck_f908b527c4db422d,0.039366380394829724
ck_ec2eee6a133e9a6f,0.0491030974753942
ck_d98934f9fe0b02b3,0.0036294369334396274
ck_398a1ed77b0130e5,0.004371704076962455
ck_d960af7a55b892b1,0.01657593942097881
ck_4637e54a9f79e2e7,0.0018191511908689502
ck_02b9f418524f6650,0.01075866628843198
ck_d4b23804cebb045d,0.006758073665040744
ck_35b1939c48182a9a,0.006701482122842109
ck_2dcbb71e39d64305,0.010893337238327432
ck_47a884dec960ff2d,0.008422232848928811
ck_71fd8c346fde5cca,0.03493605586493663
ck_98e1992ac8e7d2de,0.05105080044186549
ck_ae7780327e210522,0.01031567744314718
ck_e6c584b4b1ad6d9d,0.0074763535716635835
ck_344b2e326a6c3dcc,0.004430180474581843
ck_9aa899a5230b0963,0.015140507265591414
ck_e48d14d5b70ef5aa,0.068637498627607
ck_59d380a0973b3951,0.009153250669576675
ck_11318f7c041a5ba9,0.0033057438055013144
ck_7061786fe2f22f5a,0.026624866623651267
ck_e77529651c416cf7,0.012764593068210874
ck_7f79878197340435,0.011480093943728276
ck_b0a0fb0ee9ebf106,0.0015046882373288052
ck_70c7679199776a90,0.006867399038603596
ck_b9facd2210daca5c,0.05100910949294696
ck_9949f53c155b8dde,0.005802067718326619
ck_1c607e24f2c4397a,0.019624703900941825
ck_aefd1ce3ce093cbd,0.0017055932149837537
ck_5a29b7018e43280c,0.0019719632317325778
ck_69eb0b2ccfbe5f95,0.006534108537321113
ck_fe037765aa465c58,0.017172785439419663
ck_5e512ef5362a3dd6,0.003805414656015813
ck_544a9e80b7fdc279,0.0013404164663895677
ck_7825494e654d5695,0.021226661504878244
ck_f1f2c3c623553f0d,0.003354246081693385
ck_52730906e5b461eb,0.8708545682051521
ck_01e0689157fe9617,0.1789543646518981
ck_9da82e567074da9d,0.004528759901021398
ck_6a17384072f904c0,0.009284549715328341
ck_8d84d771a21942a7,0.0009832081551151906
ck_39638880292782a7,0.014470110036589294
ck_7d51c86e0eec72ac,0.011992147056622186
ck_45f4c821c70d134f,0.5738391579921635
ck_0af3c13ba56ce57c,0.0029968153147447475
ck_0789a05e061b2784,0.10050888263725552
ck_6ba091eb42ffa9fb,0.05587345244651173
ck_265accb3c5c32620,0.023647808420695297
ck_179039559ff7566c,0.010465514741424233
ck_17c0a6a92b5765cf,0.003270927945259907
ck_59371c9140239fd7,0.009846272041067897
ck_f9c4f8b4ce2691f0,0.005814808501808117
ck_a2637e4872cf4811,0.0886514268565076
ck_1de43fd6c6c22a5f,0.04752644362255615
ck_6e4f31bd108571f0,0.0012628210686978479
ck_da06d97db0b18851,0.0017476731820719263
ck_e0346d5081e640e8,0.026399359356186338
ck_c1c7d4e62c9fcded,0.1627592819408017
ck_2595669e421299f6,0.007570538996866493
ck_3b6057d51fd4c7d6,0.0041319241335130786
ck_c5f8ab515840a0fe,0.015157165895781624
ck_435cb24538c6f77c,0.0406278222342403
ck_d84b5403da4cea7b,0.014318965811478956
ck_c2b61a98d1c8f6dd,0.5514717662431641
ck_c9dcd92b2f836b61,0.05917578201120339
ck_9eb5b3f5f672c2b1,0.0008753564411936485
ck_e4cf189a8d31649a,0.002859811836027358
ck_6b114f2a48152b96,0.0063231885479929145
ck_3fb95862b70f505c,0.016435984293829316
ck_7f780f465c29398e,0.006350488438298123
ck_ee387f9da79e67ea,0.028591471554376337
ck_fa3b1e85d27af2ee,0.036703840549363285
ck_e739eaaa7a1822f2,0.024569703984506787
ck_dfa0ac11fcb1dabd,0.009019658569035749
ck_6e8751b571ea54d1,0.011825421417005889
ck_2d695f8358383092,0.01295322884092818
ck_e7dce27edb700f27,0.008031888973706984
ck_e322da8b213eab52,0.0018419248818350358
ck_d0b32e039abb8200,0.008951834243994454
ck_b354003302b272ca,0.0086801642307927
ck_f7485cba392bc294,0.13985937657957334
ck_d6a290ff8362c7b9,0.04043055402557776
ck_c56a44fe315c0389,0.010066657053530163
ck_f77dfe6512eae322,0.013533002513787864
ck_35fe969c58b9e70b,0.016600590920197063
ck_4c518637db2322d5,0.17932595251320838
ck_cb61902798ecc4fd,0.03220838195584917
ck_56e6cfa32156a916,0.002490248268477088
ck_343e6ed2b9d35c01,0.013224649374971633
ck_51440f64f7250ad7,0.07070807978305381
ck_295bca29c34cfe2e,0.0855124966951585
ck_dd30558576b45e7b,0.02122432663326115
ck_3a30132a57181fe3,0.012300330538383501
ck_4a733aeb833406f4,0.012062020694231975
ck_1b0b7c3d35ab1259,0.06505428153085384
ck_962c3bbf27cd4b80,0.019640762548494756
ck_9528e1d6b1707870,0.009604595802163239
ck_b3263e7f31aab45f,0.02111779008380074
ck_e69195a3c885053d,0.0016904119464120828
ck_a907fa8795cd4baf,0.004779655355402727
ck_205c3405045bd835,0.012623200510121715
ck_e81fc223bed3c46a,0.04809505892834771
ck_363751deae40edfb,0.19481045772113345
ck_6176baea8cbebbb6,0.006782886941653748
ck_633e6579f5c74a5c,0.971862839173153
ck_ddc11fc481eef58d,0.013899359269173451
ck_e975002c979e12c7,0.049106009208405806
ck_8e039b23acaaac00,0.05982974172407871
ck_1d6990d94a4d2ad6,0.0423509911068493
ck_e7b583acaa3171a2,0.020579221400572376
ck_c0133f60d39b2fb5,0.023280193413146577
ck_7d6bff85e7a694bc,0.0019061182573100314
ck_d305b4d82f63f647,0.011381565947996854
ck_22bd0fc71f95e048,0.046966222568760777
ck_9a65fcfc7916f93f,0.0016655660799514583
ck_d61c837b0106085a,0.04258102907022548
ck_be86a1db08dea456,0.016260497658030434
ck_90489c405e6886d8,0.003268570423042421
ck_0add2c321d579d75,0.013764049688743556
ck_482dea6eed92cbbc,0.008943005158337423
ck_c24b47184534cc2c,0.9897433315163897
ck_fa04ac31e596e7d6,0.011016556461538724
ck_084322dc5a3a86f0,0.009651661148919273
ck_ccb72a33cc1877b7,0.02728101585129709
ck_afaf374009d3b248,0.009333622858968415
ck_b53084ffede19a8e,0.003106363350374142
ck_4760216154c8cac2,0.6691619483781195
ck_37ad3a65db673e70,0.004000887954308129
ck_0c2932cc0d553694,0.010939282435168871
ck_86b853c52f20fef5,0.005715937714838723
ck_38703b7546d35a80,0.002773569800620599
ck_218b7e6e6dbd2da0,0.0019834810705670128
ck_402db4184982fdf5,0.014112216488524199
ck_f917c82af80e4a79,0.06075905183244418
ck_3c6417a233c68c73,0.026211696051652394
ck_98068c397d70dd3a,0.024001979917128203
ck_b1cbd6679c0f8d95,0.01478938950998887
ck_9e962f9bb0e7bac2,0.005701853778394003
ck_b08247c3ad567d92,0.6283971429357136
ck_3ef7a03ebb81cfe3,0.005960636813898125
ck_5d7ae0e3562e99bf,0.08952939689497326
ck_c91a628236baf91b,0.06496922307578569
ck_7f8e816ca51755e3,0.9688717537509095
ck_5aadd286d188f5c3,0.003534950965041347
ck_a037aff5f8128c73,0.0017317777963218083
ck_5df6529ce8290906,0.003246679315507345
ck_5f3609511443e5a8,0.005121016813838351
ck_a6f61864fac3c8fb,0.008533252147547807
ck_2733fc6ba23ae46e,0.00873823231312107
ck_22bfb9246646eb41,0.8325661889222187
ck_bfc2a57d8fd1610c,0.4294442313708168
ck_49839e761d0e74e9,0.012992880702045274
ck_aa4ba931dd37481d,0.003258057982633047
ck_2f9fa0d61829f815,0.008172995739709369
ck_5b82c774df10d49b,0.0012945120456386914
ck_411219470d0a195c,0.016039192431867685
ck_d07485ba10514a2d,0.276441787481784
ck_219bef979ee21bdf,0.001182907704276709
ck_eb1006e7285184a6,0.016076855497254353
ck_fd242b18575e3063,0.06926415381370299
ck_95188150ff059c70,0.1258102663564758
ck_a9ca2f447b984a6a,0.016187003798840284
ck_2dd39723c4088b64,0.017865761899151227
ck_aa2b4c662ff213b6,0.011272683142880451
ck_1867b1199c864db5,0.11495878266475637
ck_850ec97a5a0dab9a,0.018138126480634262
ck_562320295fa35875,0.002683638901774126
ck_bab5759b07fe2bea,0.0015779110227778367
ck_b9f1465d803e57b2,0.061796547365843967
ck_8f21f2690c32c691,0.03592263850731894
ck_df87d6f61a63eb21,0.006929557653603481
ck_770475876d0e7e6a,0.0113237377083758
ck_b4c014d5c0cc9eb2,0.008348966048461104
ck_3add4d23124c9290,0.003353207309347974
ck_bce5b7fecfb6264d,0.0439043458125602
ck_604c17cb97dc89be,0.02282120258535286
ck_e52cbcd9aafd26b2,0.0066662496139745
ck_0ac9114076f5bf3d,0.0072075042260265985
ck_dcc125b178b79566,0.001386301943951107
ck_4e333c09f0c37dee,0.012505749639727556
ck_ff7e31ff8ba731e5,0.004087965695589484
ck_8d0532d24f1070d1,0.0008161334095609015
ck_3689fa41748a6f6b,0.10831557560807462
ck_7509eb97c1948b16,0.006627128416931835
ck_a9161cf1ca22a6bf,0.004778896686818754
ck_bed3e3db135b782e,0.03932556061291892
ck_9040edd974ef8e3f,0.5611684337060875
ck_fac32d76ed40f683,0.019844387171037998
ck_3d7b1078e2d57c69,0.007215580729699477
ck_dae09c4e074af5dd,0.03578652340525509
ck_fd84507228467b40,0.045169577244028855
ck_e2a2ce9b8cf44c63,0.015114540923116381
ck_cbe716f351d660d4,0.00721280039610097
ck_cba4162ef29a6d27,0.014947914840417171
ck_4f1e962ff8a29732,0.003107283578169596
ck_39a81899dded61e4,0.004515689977078858
ck_25382331551d22a5,0.02227533070490131
ck_6d64e1c07b19856e,0.0017773188870950675
ck_165a868bdef28ad3,0.04401568718191853
ck_88774ae52e30e877,0.022134277686260126
ck_fc7a9d0643570053,0.0015275227320331812
ck_c2017120b3b88a46,0.005514855448638541
ck_d115ac6b9fd62a7e,0.008400595821090685
ck_439cf7d51ec7de0f,0.006907234133485311
ck_2468a7e9e68a0927,0.007327959237403382
ck_7c418947124dee8f,0.032087809488577305
ck_fb0cf32c4a56f740,0.017941672094930923
ck_694eb6c43193afd4,0.012335610846525668
ck_993beb188dd4abb6,0.027242592243842224
ck_77fa39d3b733c226,0.11621732310968753
ck_49969a9abc47cb69,0.017190196033064216
ck_d3f44bbe2f7e9b2d,0.04554445037215582
ck_fcf5b8216d0c18ef,0.0009954211352258702
ck_daefe1e2d2bc362d,0.005710676817610338
ck_9c9287cb28950eb6,0.020388813325351966
ck_c1d1a625b885a975,0.01824317338591941
ck_71b37fe47490b4ba,0.003795609028126092
ck_5d16e257c0635f7e,0.7898633534954759
ck_15918075563eb074,0.001809839853934325
ck_9a15fdefc47e8d11,0.007052695232572566
ck_6f04d047d1dde75e,0.00127086276442779
ck_1af2c0b3b8d202c1,0.012949762063013993
ck_174be2231c5fd2b6,0.0017700768074694403
ck_bb0713a2a1d65982,0.015536523444868706
ck_0daec63bd5b0729d,0.01484643139755702
ck_c0b5cc3e8ad2ff44,0.0690665132484026
ck_35bee1fc12664644,0.21137683016003844
ck_a1c7cf63467df4c2,0.005129065599239912
ck_ecb1e15f0b185ceb,0.11178318604645507
ck_f280d31f54a4710a,0.02370865915002596
ck_30f4b2ee8abe1342,0.04662675057301157
ck_66bed631354de5b7,0.005269814245294024
ck_c2d3ecd7278eba2c,0.0012764527514589712
ck_e901dec0e09eccbb,0.0017196724178637145
ck_5d038ecb3c8748a3,0.007413199732407364
ck_283c5bea94b21e80,0.007809204745728101
ck_7956c251b85f009e,0.8458177034231993
ck_9f5f81d771146aa1,0.0014109971308192085
ck_9323e6fc1e168eda,0.8937597107783554
ck_10495d3a635b8d69,0.03604989162253549
ck_1982d571cd36eb0c,0.011757134044446473
ck_4f5d7985bcc2eda4,0.0030296339800303727
ck_7df526b2b4410bb4,0.02383628704452395
ck_dbb498b1a346a402,0.0018357663775000236
ck_ef059997563e3330,0.007247833701013875
ck_02ec4e06709e6b82,0.0030541351612856514
ck_9782c86ba6485f88,0.00455182317758069
ck_d69de468b44143ca,0.006658890437296929
ck_6430a8792f400e0a,0.0128287193209317
ck_8285bd3c90af94f6,0.022179353746395212
ck_985c9ca112000e9a,0.012760771537097773
ck_e679fbf4f4f4aa07,0.004348168926467378
ck_016e8c8eaf9d511b,0.042177823752782166
ck_bc996c523944644b,0.012613479063721778
ck_5b8315726f6204e0,0.014266290713177483
ck_78181f8e998e442f,0.008414206833895122
ck_71c68dfd011dbbbe,0.5866328734759277
ck_db32c95ce2b6f502,0.9819586468886348
ck_755010362a9b1bc4,0.03398418171498695
ck_114141d85256c9ff,0.0019259565881120824
ck_9d1a5cf5a3b87e48,0.01683738480941997
ck_ab640420858ab5c4,0.07273150320101587
ck_97a8dac48dd62488,0.07247795445068765
ck_879cc3166fe1bada,0.003334743252941517
ck_b0ed11080076e381,0.006080471101825286
ck_7334a9ec656263b2,0.007041770216924123
ck_6494f0ef13ce44d9,0.004182481593637708
ck_724e459b9ece38f4,0.013395888789498872
ck_7fd8b1470401695f,0.39143605341966126
ck_292f81186358b0fa,0.005801729769932939
ck_fa7de64d37287615,0.024724651276512126
ck_d00e09e66ed6458b,0.07597624987996061
ck_b8d210e741be186e,0.006642369227947153
ck_3db59982cbae4410,0.029466520820096417
ck_69887d0a9aaca6df,0.0024100941206221848
ck_4feb21e2fb0b3977,0.0029054866553642486
ck_08c6cc1e143475e3,0.0037145867206684565
ck_fe6e168cdbb46b9a,0.09280847751792737
ck_07f1734be7fac56a,0.019796645089404815
ck_d66d59981307db93,0.023997916128893546
ck_f928dba0d587d7c1,0.002412504558000957
ck_786448fe3004cbd0,0.008813177792244468
ck_29ea329fa40ace62,0.014319172549012221
ck_7ea52b6f27edcb73,0.027861282329519173
ck_18bc51bbf3ef198e,0.01632842296902549
ck_44950df09ff14ded,0.0011797644839985383
ck_c1466b52c0a10b93,0.036485924518443374
ck_6cdac067cc4db5c5,0.026093785192440322
ck_53f55c6e8cf2d432,0.002062775116904653
ck_95945f48453ca532,0.015486068690967685
ck_87cce4126e215153,0.006159144732132048
ck_1ecd5516c92caa4f,0.0009692391338765611
ck_819b482bca14c068,0.6911117064816195
ck_a61a879dd46fc9f2,0.007289361962215759
ck_af70aa32c009c3c9,0.004516115386466034
ck_f4fe78e249092ab1,0.03229964490490267
ck_12c46bc52bf45b36,0.01884252590429686
ck_f05f5e4b40afa52f,0.03067095123707424
ck_0f8cb09d3f4fc980,0.024318609033461832
ck_80a64a7f0275a71d,0.03878222045565578
ck_683af7b1540a0b22,0.010266714821481362
ck_51fe0b613c076cbe,0.003312037075566428
ck_da1a2450219dcf19,0.046399402120258
ck_2a7eba01ceba6c2c,0.020032480956624427
ck_4e329e29dfa743ea,0.262093838368836
ck_0274d881d6db82c8,0.004643822453552098
ck_0af5b7d128035b35,0.02401280059828323
ck_ae0a7be6b0a0ea68,0.007258075960903807
ck_de5bb7a4d091386d,0.15137147553064298
ck_2bb7c17168a9d17d,0.010569806019579665
ck_0ffdff7b2f5fdfe4,0.005807582727210215
ck_718a8390b3d42d7d,0.027638484477849584
ck_7c4f12d70f184533,0.0010427251281095147
ck_d3e2c26b8adff099,0.004726630985334646
ck_ac9d3d9754104cf0,0.003427194980009401
ck_3b1766a1d51f8f0e,0.7408136436761925
ck_a9bf75bea912027b,0.01397227933566677
ck_687eab3ffe1f8cfa,0.021513550470780077
ck_25dd0b02af5b2f37,0.08562846926495402
ck_1747fcc466f0ae38,0.0026397940926773064
ck_f6e9d14dfb6f3c28,0.02593110370124441
ck_c6a7bbd0adc4d5f3,0.032325504348188074
ck_46656a23f4456d22,0.948968230569956
ck_7519260415c2998e,0.016980524627318874
ck_754f30ea19df857c,0.020570611998436406
ck_ba88a244d5f7380f,0.011437235713661944
ck_f268416945316815,0.011823250146453093
ck_21860dd2159dff28,0.006652121145726811
ck_7a86ef4e2beaec38,0.005644101462326199
ck_0414507baeea936a,0.029014763325934334
ck_60796eb60fc3043e,0.0027520263625427427
ck_1e0841ed17fe0562,0.008509966669299134
ck_0d641d32658d6e0f,0.0032659926463197305
ck_b36086ae6d87eec1,0.005983252799939207
ck_962e65ab33b5c311,0.9713263299379534
ck_b046a42684468e63,0.010284977611994126
ck_ab3426435b0017d6,0.014090606599637508
ck_fcfe06e44d09a344,0.035998274804010216
ck_0f6d916c92189516,0.010504978369544843
ck_d4c8f0d957c3965d,0.01640686787351875
ck_2ca83dbd728af019,0.0022909460556143975
ck_2857a4ce9f72fbfa,0.00168009790578039
ck_a60e6edc48e3d0ac,0.36614033304506405
ck_0cbd3b27063d4415,0.02151120037723073
ck_612089ec90c37219,0.013954892716787171
ck_ec4e597f17f473c6,0.002408134870807025
ck_1c93cc58f314bf71,0.019825150679502197
ck_2b359a979520276e,0.005237740733508042
ck_1496568ddc3b2d56,0.17947437499510088
ck_41d91dc9f5063566,0.01799205231701137
ck_4c5ff58afe3d7a67,0.002482208307029438
ck_81709736281fa3eb,0.0029827899437355507
ck_d89abbab3d4957aa,0.01691183718205217
ck_52453401f88935da,0.00673691848499175
ck_a477654d34783e06,0.0026100552537074643
ck_72dd0dbdf808cb00,0.024854055344776523
ck_c183dff3781746cb,0.09147739010163887
ck_c8b7f241810b45e5,0.0017793695841243212
ck_f88028c3f306bc70,0.015216484849608672
ck_91d48d69e4f5d9c2,0.017840417258156206
ck_b74b9ba6d7c9aab7,0.07853810155367295
ck_03e904682dc73bba,0.009781658042130922
ck_fc6fed6ea96a004a,0.008147460888699764
ck_51efdd240e34c642,0.012694056694789617
ck_e78ab4ff52b5fd2d,0.006327451119518958
ck_4af7b97c24d89a45,0.03999361579575028
ck_295c0072eca7f7a2,0.008713199479512919
ck_8abd1a50a9227463,0.025910285188401952
ck_ecaa6f13304e3dc5,0.0013144647190906137
ck_de436e7b319be1fa,0.9865461775214394
ck_c802cf8f61466027,0.004645714752403835
ck_3d83e0a3c1cfbf8b,0.01856499795016422
ck_28d2003c2d16e4b6,0.005229743286520821
ck_8ddaf745bbb9cd62,0.0009477413073330517
ck_493b6256091014cd,0.8599402602918775
ck_a2245822cfea997d,0.002244974642853107
ck_f7305b3c64cf8a03,0.0920678740914633
ck_9937dad93a0ed3c1,0.004434765004238692
ck_d654449f9231ad76,0.0052069147046224454
ck_850e2b59bc535490,0.03781185201255616
ck_e55e5bdfc0242aef,0.2288006264401003
ck_d35c51e981b98c5c,0.006741118771013375
ck_27cdf9c5e6f0915b,0.006971773042938499
ck_d328db1e1052d820,0.00826921224998031
ck_0ea30eff5f361cba,0.0040398100902863275
ck_9994323f97109f4b,0.9840318633503251
ck_09054e97bdf9624e,0.005614520236957527
ck_723b4afc388113c8,0.0038952414552193677
ck_588f6e6a6a6d93e8,0.04104744188055546
ck_e1d563fab4d6116a,0.011841220950273134
ck_53aca610e20598bc,0.0217076044989205
ck_c8131ddc7ed33448,0.020626471458310657
ck_899f88464305824a,0.02106340688438612
ck_1c17c65804f8889e,0.004212614333779152
ck_45a16ce12893cf9b,0.019637931816975002
ck_f9d481aa4f9b2808,0.23872315269403843
ck_1d5d74169cf892ef,0.009144655533136344
ck_aba32acb61c1aaca,0.1293429265413349
ck_ec4dd3675a8d28cc,0.00880038751791683
ck_5dcd443fe0bbdeac,0.002020761984064159
ck_3a47e3f54475e854,0.003145369825117032
ck_a9aa5c344c315532,0.012285371760418566
ck_9652283c9f61fcec,0.002254630306461228
ck_752dd3d2487f78ea,0.02529115623609172
ck_a821980ac4db9943,0.16390567245332752
ck_93e0d6befb67f7a1,0.013521954628042806
ck_e7a3881c3e36bd51,0.15944461711300884
ck_12631b78f8a03df2,0.0004192925171378464
ck_57b8226610b48854,0.007769475594657361
ck_352657008983fd4b,0.02298288560891853
ck_0841a5c24fd3dd28,0.023277236027420472
ck_db9b9d5d30f74070,0.0979496180058812
ck_a9dded7f6294e44f,0.050770216256212565
ck_91a16336ce3217dc,0.015534176936214934
ck_371bd9388b287677,0.002932385381475021
ck_f285e5e1912a7c62,0.0018103050796801664
ck_368b65fca69fc415,0.025002735732453804
ck_d27a73596b6500c2,0.011273514333432384
ck_2d963f9b2c4d11e1,0.025401205837120522
ck_7c500e219af39486,0.004434744748291605
ck_7d025dea5951cba7,0.004194965091624731
ck_32f632706608859e,0.013344604415097782
ck_53816231f3ffb48d,0.005199997894967783
ck_9dbe184e81c1ca8d,0.08306537125883694
ck_d74123617f22a21e,0.006676132117202763
ck_275386782b1606f8,0.0020953917756389197
ck_0b0e79d33e50cba5,0.006786567955725106
ck_ba93cb604f792915,0.021879049142163327
ck_a86cd653472eccbc,0.009887317219255837
ck_87771861e0447210,0.03036890027446801
ck_212380e0371d8a6d,0.016964427704231323
ck_ef0d702d7b0ed745,0.002606198037030808
ck_2b8f33e22f939372,0.9284426908590868
ck_480347ad92037105,0.006842112455318534
ck_20124c3a16c53ce4,0.05039389179281145
ck_c9e1e3229baae708,0.009567815571966884
ck_b1befe967f7a5ebf,0.042942525765839415
ck_4672167d7c989bbf,0.01967089756199192
ck_f0c44ee5e3a42e3d,0.0073383126547162105
ck_c416357d20238a4e,0.005880820080977324
ck_d0f470f8078c91df,0.013264776448255024
ck_3a70b4ee59084715,0.006454617087599291
ck_179ed66cdfc1ce27,0.0017543619505565684
ck_387e5a7f163c7837,0.013479530550621028
ck_08fb463e69f647c8,0.9776792231875249
ck_732f725747393ec8,0.009038287219045562
ck_7cc5e0fa3ca5a713,0.017203131637005407
ck_ad4a4daa826ac68b,0.09226840322819167
ck_472e0be7a3b533bb,0.01028601864748786
ck_7190177963eafdd9,0.006990622587493543
ck_647ac26c5900f082,0.017171915802732463
ck_272ae2179bbd8e58,0.016394763525686678
ck_09b0d8af304646bd,0.002474053284789085
ck_ca0cc8ea9f344408,0.006237014891265298
ck_332ad134fb909869,0.0068308398946531415
ck_fca2798914627dc8,0.03603893131291946
ck_4450b55f462ae134,0.0018826241816032195
ck_d67d9dfb60b286b9,0.0016424269016071542
ck_a9d2bb4f2bde7052,0.00783003086811458
ck_929bcae878a3ecb3,0.7704082284302997
ck_59a9e000fa275e1f,0.01367925654832533
ck_57f17254e2688637,0.025688888301114616
ck_0508908697f60ce3,0.11433134478218118
ck_946afc2943298d26,0.0029454750123456904
ck_7176d12b18f2cc0e,0.013933940278978417
ck_5c47b49c26cce286,0.013125909199906752
ck_b6a2bdb2d335e1d0,0.9912919945601525
ck_1d58f6caaa4d012c,0.00898679824969993
ck_71c917295020ccc7,0.0054244841975067005
ck_bc89644ae3688995,0.014495441102454683
ck_e7c212f16d6df272,0.012070658566851376
ck_c6d2e11a368184e6,0.008042432319790899
ck_eed7f1f7548df15b,0.006830024921328983
ck_75b69034000ca7bb,0.04464833491483552
ck_38da3bf629458682,0.00624309647994335
ck_90114c891239d821,0.0019038538446022356
ck_8ee08f6777cc155b,0.03806488164923993
ck_bd86132499defcd0,0.007600722227518299
ck_b95fbf2b5640aa82,0.010586242278680913
ck_c530235393360e3b,0.010287636901048319
ck_be52a7ec43241ba4,0.024080243589410133
ck_d96eb3cc55f2772f,0.04750049465963751
ck_dd34f0a844fb115d,0.1094184271802395
ck_17cc7b411f448e66,0.018064846139933644
ck_856ea65fa27d06dd,0.021080818825567157
ck_056d5f0301c30902,0.04152815890693548
ck_e662b14b2bab23a2,0.0735828663316611
ck_209f574c8d92274e,0.0025177928577616174
ck_62720b81617896cc,0.016168651215232116
ck_041614694b77e599,0.0073335896878992946
ck_461e3f7b97db8d16,0.009501770089273248
ck_1b74b798eebeabdc,0.012756664258845604
ck_0ed2739384f1d644,0.003098706233791833
ck_5a4d19f1b83feeb8,0.015002436111401172
ck_463937167965a1f8,0.012939044722118757
ck_9d7151dbdf100e0e,0.012733256272049437
ck_20a7d1ce6cc27312,0.00418642849031867
ck_6031211ff118cf0f,0.003396127205216416
ck_a6fc92aa91e99b77,0.9204969798528038
ck_0aaaa9d2f75a0518,0.008181338802239323
ck_ec26e327cc1848b2,0.017987018677487417
ck_0e6bebf8ae9b9b03,0.017613063002831022
ck_e107537a4cb738f4,0.006030849999524017
ck_e8ea56e122a5a487,0.02878597481329726
ck_98149ed45d38c4d3,0.025642630250744477
ck_0e719b3a6906b8f1,0.0024732864551001215
ck_0c6e7bd357e4a348,0.003655263435977444
ck_d3b2b250da61db19,0.9923593894927663
ck_8bb6b0a292754576,0.09064796562514513
ck_87d70f5fe48a6128,0.03818517282267151
ck_ea9edf9c107d429f,0.005754512549350643
ck_059806c52cebe4f1,0.09628935828079462
ck_a72d6df666e1c21c,0.015482099464671337
ck_1d2b80ab6c4944b9,0.009403482639298355
ck_60557f077abc42ca,0.14273369511509956
ck_e5f5cb7dd6ce4a37,0.026796475876165817
ck_4c4a939154446053,0.0014783394969599
ck_50ede3eb561a202c,0.010818430257849395
ck_6d03a542922b2ae8,0.00748004906321012
ck_d6fe761ed0db3270,0.01524135966221416
ck_7f0cd6ea3096f985,0.0049817525331354515
ck_23edb6d938a3b87b,0.0034996940929914243
ck_799aaf9f2b9ef621,0.005620445551010284
ck_f8f6a03613b6dda8,0.0020698211055216794
ck_7cffb189f4f514ec,0.9945867990249949
ck_c081e1967dcd811f,0.02506242920436039
ck_583d6ca78c97d91e,0.2112650141321844
ck_9332bbc7125219a7,0.006708478687482638
ck_956b5af6d7d86c65,0.927828245904745
ck_2d634e3f24681c0f,0.031024317623348466
ck_7b35d218ed0c5a60,0.008368909279459498
ck_ca5b1057f8248f73,0.014479405544792873
ck_ec5ea81cf813597c,0.05910811557351116
ck_eaebaf4d28400fb8,0.031010597275200294
ck_ae2ab6be219219aa,0.0039500516954298365
ck_d99a8b4c820eb46b,0.005207539598177059
ck_bcfb7ffb7cd428bd,0.0076870446373323055
ck_3dd542c2d31be2c0,0.0056273558433335156
ck_c7dd84401e29a7fc,0.002977361886179864
ck_c4bcc7cefd40f8e2,0.0005707997244217091
ck_c251898b5d51e3b0,0.02697318917888581
ck_36d37be780c1291c,0.0033004455421001243
ck_99b4f266b61ae7ee,0.02485814563520979
ck_c37f03995f0f0169,0.021464054394388622
ck_65a23ac8e44eb901,0.0036653800811696216
ck_644b1c1149eea9e0,0.011290159740858358
ck_9cf44eb0237c2429,0.006672935459321254
ck_20541686a94fb71c,0.013876219519437257
ck_c18245be844680f3,0.025844265691684864
ck_56de216eda6b7fa6,0.0027476777056751386
ck_406c4442dee45cd1,0.0011320854566092878
ck_df1585c7d72a96e0,0.002997964346869512
ck_b8e8dba20676d87b,0.015967753014751618
ck_0ee6965e68efc177,0.044873167321268635
ck_c2a5c54ad8d0d297,0.012867905688407899
ck_bf6fb7e6470e95cb,0.0012430895447194403
ck_27fa694569140345,0.0016138676839568791
ck_e04166b0ce66393a,0.0038135078754588853
ck_8742114f4f0cb22c,0.04586534322162458
ck_6eceeafd56b42576,0.0782169411174698
ck_34f9951b0eca1965,0.01899115858858162
ck_384ccecd342a24ad,0.0026679016992254
ck_49c98bebd1338879,0.0017169961524287965
ck_6c26c12071c91ff6,0.0038879373370793884
ck_01e5986ebb9a78f1,0.009137361870409089
ck_121db7ba3be29ee8,0.013624313070379604
ck_039e6d5a330cea1a,0.050920102318610994
ck_ae8c9163cf957d7e,0.006936841696991194
ck_3f5e8f3f1df0c8c7,0.037901786139966004
ck_b1c51fdafcd80122,0.018370547738577075
ck_12e2b5ebfe8986b2,0.0074249668751592245
ck_d55eb81a4d543c59,0.011093731492939627
ck_f85155ca5c312c7b,0.04835196925470944
ck_133d8a1ac7c0e301,0.9701043430253352
ck_04212a9bb9b28696,0.9975905450513369
ck_4cc11c7d3ca61f73,0.004254034805030937
ck_2df4854186ec515b,0.0073996085532438876
ck_aa9b28e7fc43af79,0.7735650669221331
ck_47cad6c3def4c9e4,0.0012499522556021104
ck_fbff7b5da8111567,0.0036123811530337883
ck_bd25ea782e375b22,0.034034488595988295
ck_7989376f8cf64a9d,0.014946420792541115
ck_675c0ca1ebb1051c,0.006159730650841538
ck_1436f6e11d4008f9,0.018074618266904315
ck_812cb3a4482cc618,0.01538585604612624
ck_6e606f73a1094afd,0.028245569787198416
ck_1b708e2a4a0584dd,0.013820645088435318
ck_a60d6b324bae0330,0.03379511187711245
ck_706a4f673a9fda3b,0.8543145908289402
ck_a75ece9a9044eed0,0.002634355821455248
ck_9aa45c4e03c8c57a,0.028576132726448166
ck_9fe9bdce982b312c,0.02759282655976988
ck_c6fbdc5ba68a8466,0.009251780234405258
ck_ed0cc1b1c28f9511,0.03803274242581833
ck_a4e2607b4c8021e8,0.001187761755256306
ck_e02f93f51cc8caf3,0.0017348083131618229
ck_7084ed3cf20781b7,0.01420699689789518
ck_cd4c63155570d6ea,0.007096673882510862
ck_d1b9e5d32d2d789f,0.00989768638741057
ck_68f56f6560a7a933,0.0026258702053545873
ck_8bedacc6233c6269,0.010572705816157385
ck_ab7cb50407d6b13e,0.038712769744488784
ck_f17ed7e0fd687742,0.03362246176651328
ck_b0fe4b92fc70f72c,0.002260833030171073
ck_84d62b8196da2452,0.016877218608189786
ck_9e298cae167f4693,0.004637029888415784
ck_405b20ef9ad0ba5f,0.06372545921128095
ck_813e02e1ababd177,0.009042557465030883
ck_f234ab47061ba7c0,0.0019371672571571806
ck_22b587c18363899a,0.008975449354560915
ck_4e862c2f48c38aeb,0.004891560489284391
ck_b89cb90a420c9075,0.005178732564252097
ck_be2251640f27a3c9,0.10733265045873758
ck_46bec0bff167ed3f,0.011907612583317564
ck_c0032232c2868328,0.01059503077964882
ck_030cf09525dba4ba,0.004318894321203625
ck_6ecf56236789fc09,0.9909318554701864
ck_38d4ed52cbe6d123,0.025315865564757525
ck_2d923d957ffd4d53,0.00914791720137654
ck_3af1eb88728ed8c7,0.017998221157643615
ck_2f8120ca80a1592c,0.0037816780172744155
ck_6cabb1a133f0b151,0.017718798444840183
ck_bb6cf7e7b707731d,0.8763002413953683
ck_c8307fecafa90140,0.014533169917176477
ck_75f968be67f46d24,0.019742334091224594
ck_df6fe4ec5a233213,0.007897436319910356
ck_b53e88c0e927d896,0.005066722261683721
ck_f0093064aa28f4d0,0.010749902740290754
ck_ec9976cabc63ff92,0.004060060677233189
ck_30dac0a58c5590cb,0.1223342700247142
ck_348a525791ae6475,0.025934141132574133
ck_b898d912d1181ef9,0.011474450844604847
ck_f5b1200dc6f95760,0.050477265918641795
ck_54978a073e7a0b1a,0.004204614383618
ck_55933936536a4071,0.0030315747494034048
ck_d6ba7ffd2ae08863,0.014497426369932419
ck_404e2217fd87fdd2,0.0026207598916891646
ck_dfaafdaefa5716b6,0.04305646281328555
ck_556c62e92d4e7e5b,0.08772821797228658
ck_7ce44f4e06d58111,0.12424298733244142
ck_465cb8ce232c7670,0.006909380588856553
ck_237508ca4fb37268,0.026855946229130644
ck_ba4a6b9aa63964ef,0.009634261168811087
ck_4802a0a7a1882c88,0.3593213848388951
ck_9478dfe4114c30f6,0.014396289878838892
ck_5138f6c575dec64c,0.07339986661314093
ck_aebb42afe430e2e9,0.004245922352600828
ck_004efa95555437e9,0.0188503866237135
ck_11af112667c98394,0.0059765467607947945
ck_44e9a18a8645c9d3,0.003362172269851301
ck_2605fd571219e28d,0.0009025506274358257
ck_dfc933493561d84f,0.018637447808740715
ck_67674348e68d1f25,0.020336853987826434
ck_dd97429277a2fa00,0.031011984680994958
ck_d3eab7a06eb48348,0.033438204093914965
ck_0b9fcff9667ec05a,0.015950234759722327
ck_fc4bfd6e739bddea,0.003071583162897504
ck_43292f70a03ddf2b,0.07514672892785063
ck_5ff6108056a3fef5,0.018037912499693626
ck_767e0be086b5f601,0.02274113936514827
ck_b8465b1a5666155b,0.05158771024417424
ck_ab2e3fc56f5b3aae,0.03715112668205363
ck_1833c81d693c1e07,0.8947119921337376
ck_0308e0602b856445,0.0023417597322138123
ck_ccbdfe744acff8bb,0.011368308938796853
ck_b294aa27a0b586d7,0.001568744912663602
ck_a3747201f377626d,0.9893255246287185
ck_edde1d7d1db24725,0.02048703657857993
ck_ae3b47d6e1063704,0.01169766638039481
ck_3aabf5e0f4defb41,0.00844903431911653
ck_f034adb57391f3d7,0.029829082241628016
ck_533672fb40531607,0.08425574160877579
ck_2a244f1ae08ef83c,0.015951255308241086
ck_a35d81bcc54ece2f,0.017580057948773615
ck_78a61215675b38f0,0.009415847585430109
ck_e013d88ea7939616,0.008615284723865675
ck_e5018f9418e0102e,0.03219644581079747
ck_d4e024fcda401a31,0.0029906147687541835
ck_f736cffbdb82db34,0.0004027726548524027
ck_1507f5aa50cdf3a0,0.007586140712686163
ck_18270fee7c8fcee8,0.001831231171408688
ck_95ffa1a805a1c9d1,0.004691487107978838
ck_11132d245b94d045,0.0042994905695764455
ck_7b93a622e40d8b14,0.01425028600370203
ck_3854c08d17704347,0.04682057848704303
ck_7717fcb100dc4b5f,0.009948096436946479
ck_ba54e0a1c328119b,0.9607208891305807
ck_a7afdac4ecbf2de4,0.5658161065429789
ck_ecfb771ed2352085,0.006393443213864877
ck_68be4fefc85a6b64,0.3446874374103935
ck_dac7c50bd6d0148f,0.006273724022097812
ck_87cf36a03bd63c24,0.1081695281688159
ck_8adb40b168b59d7c,0.036591411920111665
ck_8d2f62930777416b,0.052100754215684573
ck_9958b58da9e3c21c,0.019628256105561424
ck_9440335375701f44,0.012597206966631575
ck_e2f88e202b6f700a,0.01931126770959243
ck_4c7c50684827a2cf,0.0026070970011138426
ck_8a6ea4a79b1c7a8e,0.007600306595958422
ck_186dbff4b24a3bbf,0.06990302596009193
ck_220fda3c11c59b6c,0.029826024133463747
ck_3acccc69f8b1fd14,0.05609971168785473
ck_9de191bf79afd676,0.012403799864982521
ck_6de6b1663f9457f4,0.0015554960266757239
ck_062754f8b79b86e5,0.001841532350697426
ck_aa153a89a52f7eb5,0.01392013088884943
ck_34a6bd3be642f15c,0.018428050589723695
ck_9371c700d9830326,0.014185468985865018
ck_a99e0c258ad7576b,0.004614636359382455
ck_0a7ba51d626e932a,0.017416647529433487
ck_852c50bbba1ead13,0.1110478281042436
ck_43dc13b6b6d31297,0.022660393039863395
ck_7d81b59d615a6649,0.011651241897883219
ck_39a3f1da060e88bf,0.022561260475954623
ck_6fb2d142c09ed3ed,0.01981443203293259
ck_6e5752b87324b58c,0.00846254649483551
ck_9441d48a12e8a4bf,0.4466748214966268
ck_09e9c51eb538b255,0.013777104367754481
ck_8d0cd981ed3a183a,0.2012684246713978
ck_57c07c45269ca8c0,0.002767070276542699
ck_ccfc9ab888ba933d,0.013928004867391743
ck_9658a6ef471053f0,0.006404671892324867
ck_dac3852758f4ea89,0.002300612173035468
ck_b1ed2278f5f14d82,0.026191052238179784
ck_333544d173524f70,0.0470038690223673
ck_fd4582e3853ef23f,0.015219610233359878
ck_614d936cef98db04,0.004792451295386408
ck_6bc351a3d57aac54,0.008155160876656173
ck_af5842fa7202ff25,0.006889925192682927
ck_81307759252571be,0.008834018533683057
ck_b4d2f02d2cd45720,0.9109105352731324
ck_1bd753a4681946c8,0.935717473848511
ck_46d8c029d46867b2,0.0023330524934669214
ck_b7da6640fa2f49cf,0.7255379430344224
ck_9ea3d5a5a91fef9f,0.07342453282306365
ck_7b922518f667f76a,0.0013147780578018251
ck_2a5b31594206eb30,0.3177598704855631
ck_d9506476ad3f9e08,0.010627390231657215
ck_c8791f7ebd4d93c7,0.026684478732371654
ck_b5a3e20fd210017d,0.06933746182985812
ck_8e54386f4fe22cad,0.006265017147051625
ck_75296704f5806f56,0.014225389707770524
ck_0fbbc7a6af300368,0.017438006628633946
ck_d19bf4dc0627113d,0.0020113051303582317
ck_7951bd4eb99a0175,0.00411267544400236
ck_059e4fac6b7f704e,0.006500041449125573
ck_2ce8931af02a2ce3,0.02878255981496662
ck_9e665618a4860306,0.003473663365953538
ck_6fce5a893613fd2c,0.0003507396635724164
ck_9e3fbd04e3532f32,0.19800091064373398
ck_55f2ef0de3420e3e,0.15831395979138357
ck_8d87658a6f5d204c,0.3699285419279734
ck_6d6ac1f5dd882aa5,0.00336265670023644
ck_55d0c7012d7ef236,0.05061391752110121
ck_7738eb085e5753d6,0.03492964821380608
ck_0e6e05c3cc8c8242,0.01209934063655632
ck_8d27ff8383d48132,0.002821830508324887
ck_9afc3bb849f3a64d,0.012527212500823514
ck_27eb86a9898cdfe3,0.005955806671796328
ck_1d40e4fc541abe93,0.17276784651770252
ck_4fd9dc00e1913587,0.9857344380527968
ck_b26cdb2b7b165d2e,0.02888208759141324
ck_a79a27767a02e31f,0.030482290921665742
ck_f0c18cb9f951a71e,0.018857452932462215
ck_50460e0189de6274,0.9645837067552359
ck_5e5280539257c986,0.009076330933891394
ck_eeb854318b3a6f0a,0.00843167094153711
ck_943f66f28dd24750,0.0009951015738048363
ck_984dd7452aee372d,0.018977305255924046
ck_ecaa6de0aca5e9a0,0.007340199489188568
ck_8f1cbc432e2774f8,0.10318985586637741
ck_d91d9f8445b9769a,0.9735908193857163
ck_73c18e03e3c7612e,0.0023429192053755167
ck_aded05ada490da20,0.016266919762700765
ck_f744e208183971f8,0.0034277460727992932
ck_02d4cef6358ad3b7,0.00415693397023169
ck_08ff5bd467226a5f,0.001927613858771936
ck_f824b326d5089885,0.1716291880197443
ck_3420f2fd520890f3,0.010670350898481246
ck_1838cf8d00f5b1e1,0.020041685696329786
ck_a85182ad90b6f1e1,0.0020497616377144353
ck_fecb39c82c43e76d,0.003482846322258279
ck_162513e73782929f,0.022359003361383245
ck_2c27b77c59d8f23b,0.030201956555015477
ck_4221e07b17388fd3,0.05038998448781061
ck_adfb8472d5c3d669,0.029089550743735162
ck_0742fe64055d686f,0.00229243352010633
ck_5060aefcc8b6f958,0.025102997515499895
ck_643f549b4ac78a26,0.20324098623676906
ck_dba767885bd6ad69,0.006972975488164047
ck_0dda35c0c64c7073,0.9924020310607123
ck_38ea56d43afa5660,0.011901910452421944
ck_d813e15ac91f487c,0.04260043626134159
ck_4c840e5585a7b167,0.12720129625511378
ck_cb8551453a7bb929,0.005238232331571296
ck_05a00b1dd5a03359,0.002037334610688168
ck_837cc7fd48453a01,0.0067714770660002865
ck_49dd816b31fba6b6,0.08381157755373032
ck_86a61d9a39768e87,0.009793500833926213
ck_cd0e76f0e7bb38cc,0.014358403260687495
ck_dbe58392635133ca,0.03502767912593561
ck_3caec7dd6f8d02c9,0.02398161421634411
ck_bfd9bfc5b6ab4a54,0.06932118578523759
ck_2103399bdb2898a6,0.008021372702923654
ck_329f7de7279e74c5,0.003359613701605065
ck_9bf0d28119fc42c8,0.014954930942456103
ck_f781539b1042dc83,0.00426734016483606
ck_9986c7d781ac6b4e,0.006015823856324973
ck_a627734880aca848,0.0029738546189130707
ck_2106e509d77fdb4a,0.8275830942964912
ck_420d1a9c604293ce,0.009043236238247569
ck_fce0610c527e2b56,0.048066647900858725
ck_073da541ec3f9d3d,0.014211635615387509
ck_aa5f3ab48c17fed8,0.09619007516498293
ck_0fc1086e1c9e04b6,0.006029317597541817
ck_5c33bb46c1a5945b,0.03782032632885602
ck_500948a8d4bd8e13,0.016043234865233978
ck_19becd44f2c3d2b5,0.026946532560071693
ck_7d0fe77dd5ddb656,0.02609292783263152
ck_f158d9e5f101bb35,0.013515829697004182
ck_cdd7c77823c2257f,0.035634331159430106
ck_6c7b41374f9b2e55,0.011906961182218382
ck_417090dbffb1a63c,0.024972658925955814
ck_dd0e17605f970319,0.0038060348548491895
ck_3646515079e6be55,0.01651064559898497
ck_89c8b06aa8c84b2d,0.066119295192751
ck_e4d6dedd97233c07,0.01084832705236995
ck_bc82fb1895fddde5,0.0018045127061889908
ck_88a8b1d442ca3686,0.014557455285905735
ck_5791f8f76a629a4f,0.05544283265361911
ck_9cf5e88e97c8c7ea,0.014094460637744397
ck_58fd684aa5a6f289,0.00041958961492538795
ck_9800c21dfbd8e811,0.06647858193340858
ck_8ae64df60ab6ccda,0.02561258599791777
ck_e535fb0f0c00418d,0.03839546277513565
ck_48011996d54855ac,0.4574271758186973
ck_ac79c72a8fe3fdef,0.015906398740344413
ck_b8cc2df5192bc49b,0.048207416639087335
ck_e96a5e1f08f8a867,0.005325740571254084
ck_84df6770549e43fa,0.004263068686558447
ck_e5f7b99ba6ec5767,0.0378440153568707
ck_8347455ab53ff620,0.024144862023079024
ck_a84f2cdf695a71d6,0.0028678091425471948
ck_90456160115f9ef4,0.004830927433043652
ck_ebd178b3f3a9c50c,0.015308611115976431
ck_e1140be6157bacbe,0.0017037686777488508
ck_744ffc11d32b96bc,0.0017437173843918618
ck_e12a9f7d027e3387,0.004828586558652966
ck_cbe525da0b69f18a,0.020988266005884913
ck_aa59702537557ff1,0.03459216068761282
ck_0348cc6908f7f3af,0.0009576423288222939
ck_120e995d50956bee,0.01250800474959766
ck_9fcde1ff46cbbea5,0.003391477472595497
ck_54b0b070689c50d6,0.001465800017003209
ck_966a167758fddfd4,0.03582027840180236
ck_d5194f2e92fd6427,0.005251690176198012
ck_2ee84f3fa27f2cb8,0.004335271752317922
ck_57d0a7eb7eae2eaf,0.06721641939915479
ck_6a2c4edd82e10969,0.0015800406215607653
ck_96e4d38ef670eaff,0.02254033844346949
ck_52cc2fd5095b169d,0.008931147027702162
ck_4b088920f3a844c1,0.021824347342237402
ck_8f3ccbd20d59f1f4,0.002950725133264534
ck_e5e5dc431bed6f9d,0.010977676143993306
ck_e8b5bfa6838e28d1,0.006557319559322754
ck_4bfeb78b47b7c6a1,0.02308225529606601
ck_a705c61bd679496f,0.005857715565432562
ck_731869a0c39cb2fe,0.011654350130637777
ck_259eb102342057ea,0.012460349106683092
ck_47a6005fabc33551,0.00751773932831837
ck_682262b455a9edd4,0.0035936976851389797
ck_e839d104854945f0,0.005698757910063185
ck_761989aa4c47d746,0.008693463790765195
ck_44211dc210139ed3,0.011165938564273014
ck_9915ceedf63a5289,0.025548197766103044
ck_da59ab47cb6284ad,0.0011574813362980683
ck_e5cdbfcca2456652,0.00609858974601042
ck_13f2560c6a1ec62f,0.03763071230008859
ck_a0543e9b3abe1001,0.03137987258178195
ck_11c7a58e09e6547b,0.07248621931413528
ck_69587a134d43a4ad,0.03337388817591258
ck_28dc0de0ae291f37,0.021809803234187845
ck_298922703c5bbe05,0.05711813649966769
ck_fa5ba9ed9ed6a343,0.008278416327305173
ck_c08e64d424e56c05,0.03273429927789801
ck_598e036a28262aeb,0.030395313771820923
ck_3f7c870510083a51,0.00944680003527368
ck_364f8203a3e98d36,0.6782985783107035
ck_7333cedb61506ead,0.0037112732265382753
ck_1d96d7fd65f208b2,0.043457928786723124
ck_63133a79f23e2627,0.018452949751350416
ck_901d820e0b72abae,0.005490129098178449
ck_5dd80b3c01457bd8,0.009470198775345546
ck_c0b8067c144ed6c1,0.02138511881148544
ck_cebb8aa8c8f62c60,0.0032171003366110625
ck_79749eca42ff1f5f,0.023997984726753227
ck_2cc1d9b587f6da31,0.1126379985418844
ck_ccc7916b56d42195,0.013261964587964957
ck_e43e53cc7b8b8e41,0.009287921708016893
ck_4ab74a6e7450416c,0.0034717135450080456
ck_6e44024e9de301c6,0.001458398149016105
ck_dd78cb6ae2866cc6,0.019719596559246506
ck_c363d3b050baf3b8,0.03639405338839995
ck_2d46291975f0dd08,0.0016431534392617737
ck_76ebeb5aee42f041,0.013599040284097311
ck_8395f004cf4d4c08,0.004552662637656479
ck_de7259c3741db179,0.04897540971006154
ck_3938e92585df2b34,0.021327424585046644
ck_af69bfcf4f07d932,0.031864974175504414
ck_1723900ab9afe374,0.02515393634453105
ck_3d58628d1c853c8a,0.0028577203745592593
ck_12a074db100481cf,0.022719568714045214
ck_8716cbf892c50e29,0.004201928290859877
ck_fbf7351958ad9615,0.004826128175116426
ck_a50370907e6b397c,0.04331220588953029
ck_937402a60df0821c,0.006368399703311342
ck_8ce9c5807acbef48,0.009568700864273808
ck_acf7d65eaaa4c31c,0.0017673401935252642
ck_ec3eb6dd0967cac5,0.03817644400448559
ck_fc832b0c90c9bdb9,0.8609220903864119
ck_8129e81cde280131,0.0056711773543835445
ck_52c0ef68aa2fb8cf,0.007475840450212362
ck_06f042e9b1b662fd,0.03247884648344105
ck_0bf35dcf7b38f650,0.0024081377057808937
ck_615763afc2e17a7f,0.0033633281177245598
ck_e72db9d4b2fc9997,0.9883761406560424
ck_13757bf0eeb353e2,0.010012835978727205
ck_abaf371ec8249c4a,0.035445756341365584
ck_9b7167da0920c37b,0.12641219106791826
ck_2e824b0b27494a17,0.01831979397233085
ck_9a0b605e9c3220c4,0.013018008088790889
ck_a5276af466b681de,0.0031100582049796814
ck_9e0383e1fb6e214d,0.18859510385273
ck_6a27c44b691dbfac,0.00935125223665143
ck_af39767cf583905b,0.013091412893612892
ck_243b1b9fdd3f9a74,0.0005510677569834412
ck_c0422e638a9c6046,0.0173456465936689
ck_e0f3ea3373dfc4aa,0.09726506191520941
ck_d56ee1654378ffc7,0.025963929443425
ck_20cd2f5666719baa,0.0012540250881953989
ck_4dfa1c1e9b69fcc8,0.010802034420212851
ck_5d22e9ca1d15180b,0.9014435195672018
ck_f4a7ac178fd55f0e,0.003684006536221734
ck_fd5609bd23a1eaf8,0.002196177999565592
ck_49c3bf13dc9471ce,0.014331814938132823
ck_724085c3452d4693,0.24695461958788448
ck_e5d1462846154a75,0.007308996604086759
ck_c69ef0f3e7d6acf9,0.08863126970432077
ck_a2d0417791d4132d,0.006890350390113684
ck_00a07fc2a9183c3a,0.002189874299968097
ck_781b8288e54ba8f8,0.10361284259993582
ck_d74a62ab3804a81b,0.003921540917365189
ck_abcbde211b6267f8,0.07986443086458135
ck_16dbafc035574654,0.0021641239019864413
ck_018f780215ecaf38,0.04545803074148972
ck_0b259620eac51618,0.005031916566500758
ck_4f875342394c110f,0.03254216972184178
ck_399e45e5fe9beaee,0.00456512452675311
ck_36224a2d394ebfe4,0.03454855828859837
ck_c189b551bd111332,0.0020931121797144645
ck_125c5a720ecb177a,0.04286276425294679
ck_76d010aa02eb477a,0.001207772780410714
ck_1071d14c46c92379,0.8748196066960358
ck_61d244b2cde483af,0.0103385179038968
ck_2ff1860da2004c84,0.0018212730111506756
ck_c5b583490198672d,0.009207418403710909
ck_1294f7af22fade11,0.05686275110052624
ck_e3a22799716df39d,0.0038968214285901135
ck_c77e22834ef97005,0.879187391437032
ck_73d3689728270a2b,0.0012156690634134916
ck_295565fbf77ef885,0.003552005704582532
ck_80c0a7f54ff4895d,0.00430639192833036
ck_f1ef5cf7f10b16c8,0.020321779823624306
ck_a958b2461ffc21a2,0.09488432227274199
ck_0e7899a57cd617d6,0.003878695531187542
ck_9d4fed252718f58a,0.024110336394644393
ck_83c2c34add971d76,0.0015759588992059947
ck_9ccc030ba2de9fb2,0.015087148653350185
ck_cd691e3466fb3742,0.008891696691202274
ck_49df70f908dfd069,0.05268871565214925
ck_362ce13eec1e33a0,0.003158459088760218
ck_2452a30397dfc54c,0.004616706106264281
ck_a443d49c2b4863b0,0.012118197573839262
ck_c8b2e2cb349dd0ff,0.012077369930918562
ck_354909fecf5da8cf,0.009515319348357709
ck_841f598bbd54c83f,0.016084050461649475
ck_cd6fbd4e8724f994,0.013363374713235903
ck_e0b3158111370118,0.006808275740466045
ck_4c2f2eb657c2c60e,0.004004025391399377
ck_ef346071f0b7654b,0.017599896716491037
ck_f3bc10e3decefce4,0.006379805133151778
ck_189b6fbe9b9192e7,0.02439681962476193
ck_5245cbc5ff4d4fa6,0.008624661194923914
ck_cb42e3be6fe87f60,0.0045287548671837955
ck_966d4d713cbc7792,0.00225266847572698
ck_1c8c969667cbaab2,0.9226093109716825
ck_d35e3aa9ef5d405e,0.487145155913775
ck_a1c39df50a5873b3,0.01600469591802227
ck_a152165caf295b51,0.012263975914041523
ck_891eaedae139828e,0.022638040720656834
ck_1a46b56f4734d52e,0.0026521516192534304
ck_5e36042cfad96c99,0.5459305854224981
ck_02a8582c2603e675,0.007362679236499242
ck_6def9d0429e4ed4b,0.023833184752239552
ck_e137400825a1e3e6,0.008177315838100977
ck_d91ab840848a54fc,0.0009009241042772499
ck_becb6e1c608e0078,0.005582492554767704
ck_6fd8c86ac719d7eb,0.06748833446740436
ck_3ed4d13f12fd9d0e,0.017829479096319514
ck_007337aa99a4891e,0.0013284667477113223
ck_60c3d8306527a08d,0.006712184254611372
ck_95458880a54df0b1,0.3914195751048299
ck_b48cd8593533fc1d,0.8139655038974477
ck_021c6a4a7e3f1f0e,0.00137789590181383
ck_764d40f865e710af,0.005061815917835272
ck_4b84357ae8ec7777,0.03132701498863843
ck_3397c7856b4669a5,0.001223197252234058
ck_920bb003b42e6310,0.0018260802398977474
ck_8f59f11b512d5b7c,0.027665598293170755
ck_a3acf4b986afa98b,0.4928992221484789
ck_e89d25ed7bdeeaea,0.00531519654262238
ck_70e6bca473bf6902,0.0027443523928627465
ck_186161ce152836f5,0.007475684657330757
ck_9191579254663f5d,0.008487130823251907
ck_1e6628879e9d653c,0.006832838322736498
ck_b498fa91a0776ff6,0.11002793452386739
ck_cfc2384f22954830,0.04548816969074463
ck_17673a1c2867888a,0.0013291159849939738
ck_523dce06515b072d,0.0212776960989794
ck_c20638a325ead2e4,0.0014573257539934367
ck_d3877e1f907cc148,0.058997991322663784
ck_e9a2495dea8675e2,0.012228927843617367
ck_7e561caa5fa1f3f1,0.032585424167310695
ck_455672e652fe1abc,0.9557011430201647
ck_7f8f864fcc90ca82,0.010506397675004069
ck_1ad36046aaeb816c,0.005544924154002883
ck_de056e37c82e8e00,0.01685402214507147
ck_7484c214c889fe7f,0.06743183751408226
ck_32430e678c4f9f53,0.002504209433629543
ck_6276ece8f80ea799,0.005432763062474006
ck_ae8e5dc4b725bc25,0.011333155808568638
ck_f01be92dc78a2dc7,0.007936243406068392
ck_233397a8bd40d38d,0.0029401861525734695
ck_f8124911450fdf31,0.8870758261098157
ck_aa0a3179f1111674,0.0020063266544000495
ck_2366b29ed9887a5e,0.001520121495883666
ck_1f22f04dfc08cf27,0.007157922608090917
ck_b62276c3426d680c,0.009294080599163977
ck_d099fca88691f66f,0.03178589763468735
ck_166bd1dcbaf4d6fa,0.005381165802598062
ck_7b1660e942436e12,0.011838452036925448
ck_4a9a791a1d409a3d,0.03050606342818501
ck_b003e5b54df65db4,0.01630958580582737
ck_64b4dcbf436f0b75,0.007138741352885817
ck_26e9a7bb2061a58e,0.45597277768963757
ck_08b77ad5f8f73007,0.00494901393540533
ck_366616a725afc6bd,0.017172495519307867
ck_934fb5064b6eefe2,0.002017756217740927
ck_c6abd5d57b1009d2,0.0017904253777438937
ck_edcfa9e1cf29d813,0.011785847854617955
ck_c30201ebd003fdc7,0.008283578986432718
ck_c54643d94d3ce355,0.042611298232648885
ck_02adda6e91e49650,0.02273135807085525
ck_5b73d7c5255e58a3,0.051484542916819385
ck_129ffae92dc01408,0.0015446262271529704
ck_fa321945ebedb916,0.022062547040840628
ck_8da980cb2e1e2bfb,0.010851614113133774
ck_0576b00d728bdf19,0.017807709177332577
ck_c543d82e22b3c8a5,0.003336751430145085
ck_0027ba644f9ae2cd,0.11806651440073249
ck_8dbf61df902a6bbc,0.0024170275448916535
ck_90eeca1cda79fd41,0.0029870925078345437
ck_86d7127391d4e01f,0.002284983647287916
ck_73762038c7ff2f6f,0.001759722958682717
ck_a1484e6215fac651,0.9554988230307426
ck_cb83b9f806e90dc6,0.05904715700864722
ck_8c6f059c95872126,0.0012245328544119118
ck_3174419a81e7caf2,0.002725621519649509
ck_6a0f8f8fa4a3c2bc,0.028859280814564663
ck_b5777605668bfca1,0.002385323583050763
ck_27e4de495abb4d15,0.0028777337153687147
ck_7f6fa79c7a107161,0.017291084612841765
ck_c36ed9f8e6792ea4,0.016920257369995556
ck_67a1aa88d2ea554a,0.012398545325516633
ck_09748dfe4df3d540,0.004198197446689538
ck_27fd85b1e38b675a,0.002030644186951508
ck_2369689bd795ee10,0.005522855601339664
ck_4eb1c12f7d092bac,0.0010725558132450518
ck_01fbafc42c8e33f5,0.016229896860770178
ck_93c4e05699b3b7d0,0.003260392783336362
ck_afc484d1b6907983,0.00874985489239885
ck_1b2d9cae92a1aab1,0.04588982657228772
ck_73b729cb161487f2,0.0035626008590631457
ck_fe3c1d0ac090d960,0.09073318655943216
ck_408efac1d3885ff8,0.10325217140520782
ck_ccb4dd9d0a48a76e,0.005188107245600634
ck_2987eab34ca7805d,0.010188841239164154
ck_1dbf1f15193197db,0.030678800371846653
ck_4ed711fe4053e74d,0.15297109166851658
ck_6c54adce174f45f4,0.004870371429017286
ck_a6c740041faf0bd5,0.005974364780885473
ck_b05c4d33c4f43639,0.03479930813670096
ck_032880f1114dd51c,0.0415597372446206
ck_22311b037456a76e,0.0019139958488856568
ck_5866b413549765bf,0.005097188164315886
ck_0e808afe2570ecac,0.008367013103335
ck_634276b05f4381f8,0.010475925326377365
ck_5d8773badd0d4740,0.007489865347622013
ck_82b5b79ce3517102,0.9452275058910897
ck_b378b8d8100ee4b1,0.009983853416827271
ck_54e581f71be5430d,0.0015523751895653575
ck_798ba4b8aa544fea,0.0021898886639492533
ck_3fe86b6331ff95e3,0.03886249742648926
ck_81275d9d4c559e6f,0.0038145641745131495
ck_99a4e5ef02d89493,0.019760379096696746
ck_54e2eb018d947790,0.028654635269129116
ck_966901ea9c77cc02,0.00480476569379929
ck_27d69ff4e0cb428c,0.0325705653179208
ck_2cee2dd7bbfc09a0,0.8923761618937445
ck_4136b00924695ab4,0.000997614398792399
ck_59a164c40c03a45f,0.026967190223099326
ck_3e24b026bc66789b,0.0011356833256173841
ck_8105bcf69a75ee47,0.007841555328378913
ck_7a1782cefe26a456,0.019892712690310992
ck_970c7dc195161272,0.001346567160096491
ck_a48ec0c00ae20e82,0.022495961296122594
ck_54b374ade34e1dc1,0.0021015562432413312
ck_74e5dec189761d14,0.003440242869259884
ck_4717f24f2c6f40e1,0.027696702292253572
ck_fc8cd8a8209e802d,0.007161775760601281
ck_71db4131d7efe218,0.004314535995248209
ck_45424ea6f0bc4650,0.26224112728479215
ck_3716c6181a5035bc,0.04967858564110645
ck_26de14b96bdad4f6,0.009916991422670687
ck_99c0a41ac9c73857,0.008984818260996393
ck_645f15bbbcff3b4f,0.9830947316287132
ck_b7e25ddd41514d4c,0.00057404151774176
ck_d5c14e877ca7b755,0.004309480882573935
ck_05ea4440dac6cfad,0.024458153818941345
ck_c58bafff7b1955cc,0.00838831144462727
ck_f0cf85b67a9b840f,0.02111557000476121
ck_ce1500a7f0d03fba,0.01801491204199786
ck_d4972a775aadbbc8,0.012850400625720937
ck_3eb6146c262e0fc3,0.0015792780791478796
ck_afb23858a4ef42ed,0.9956386389840592
ck_2c1def5c91c52a5b,0.8586115455479344
ck_72e550559487b919,0.002204937385192506
ck_0284dc2b4f856b3a,0.21239099236662312
ck_03be334935e999a2,0.018582462064786545
ck_e35a4b4a3cb4cedf,0.007692489706454287
ck_5abe57dfff4b735c,0.008357689032626464
ck_f5f87f772388efa0,0.017903391566838067
ck_5a22cb36d612236e,0.005903494998248541
ck_8ff1e6028e764472,0.9357303876791456
ck_2ab28149b0986642,0.700831728437615
ck_c88fc1bac79fa6d3,0.14027710907096164
ck_5b137d74bba6b1b4,0.0021421996480818204
ck_11f362dca2dfaf5a,0.012426753979589839
ck_7f960541e5174565,0.009318771734360685
ck_d5458ba39ae94498,0.00767282756461647
ck_0a921a73a90c2e39,0.012534626620050216
ck_6ad56ef40086dbe4,0.0070989574430884725
ck_b68199ecccf2350c,0.0018350137517485418
ck_6dac66c8198c07d8,0.014600115961431112
ck_9b9ce7bebc235fe8,0.00585348257786804
ck_6b817117d87063a8,0.011914633268492392
ck_900d62b3184378c7,0.001959958238462641
ck_eafe9b89857149b5,0.015321056798498073
ck_e74716a525ee5b24,0.001047461988781372
ck_4e9a6f06ab134102,0.012300413748804091
ck_b0d33b5a3716661d,0.0032169765267681927
ck_8703543bf3134306,0.007456599402201144
ck_923d6a0f83accef1,0.013799809736935773
ck_52e37e2170532e2a,0.05100880449362487
ck_c1c5ea839c58958a,0.027894151509407335
ck_660f0006780e87e7,0.010942142005812337
ck_830b2c5d1818ac07,0.09418926292177114
ck_b080ff636932d1f1,0.005327883982197217
ck_38730aace405f2ae,0.9975507730741189
ck_9790138467a06223,0.0013809357761204715
ck_10de0b0d86b17839,0.012702621328901664
ck_c3e37a4d3382c32e,0.0031246537866737477
ck_dd8edfefa1eba531,0.0023996193208799684
ck_8153cdadd300d234,0.0009846117516027974
ck_74d0e7c2c6b63d36,0.8164686606447391
ck_c478aae3031bb328,0.009112444091768099
ck_cf301f2194975866,0.0043228735111257455
ck_f4de03f44e3a5bd5,0.0026783831752715034
ck_b06ce826e593b210,0.026436238427841707
ck_2fc70b6baf6a0e26,0.009146880577896057
ck_d208494cf5c90047,0.027573214018101262
ck_086d29ccae565e5d,0.0017331874461084698
ck_d5ef6dc116dee408,0.009759340340910068
ck_fdf0c5b722d83464,0.00592719279924654
ck_de8494b13adeffb5,0.004679867604213412
ck_556786868599143b,0.08748094628661333
ck_4940e78cbdcfecf3,0.00666031895378057
ck_d32fbbfe32c00416,0.01368211082439528
ck_bc7710f7e9fae649,0.001963734237743787
ck_416f7ac57da081a3,0.007269716072624192
ck_6fb39b60c67d5475,0.005192348493941612
ck_e40a156511345d6a,0.004042774031375683
ck_49ab879b5aa7fccd,0.07510934783696706
ck_bb643194d1cbc47c,0.9934749375518193
ck_b3ce8f1bcedfa043,0.02474302968244813
ck_558ebde8c29132a4,0.01702414312910775
ck_e6222925762273b8,0.051156024618331096
ck_bd80546b4807dd59,0.013830499324880355
ck_bd21164bd2bbb635,0.012053049564678378
ck_ea835557d7043667,0.0022826842806225847
ck_1411a80a157ff39c,0.00726525701092032
ck_ab973888c20c9120,0.12114860948196043
ck_95b48972061abe82,0.0046638124495152365
ck_fc4a43f8876bf10f,0.16513988353194084
ck_f34fb7ccf82f41e5,0.010345739387379852
ck_5af9934a56801ac0,0.02020209214517593
ck_fc7445ec76389a58,0.32414274781649954
ck_1eeacc26f02fbba4,0.023656270295468226
ck_4f325dd15c9bd45c,0.21712778033549332
ck_5009a6c8bbaf15ba,0.0730984870643144
ck_0f3de7f074bb33af,0.005919130587143142
ck_2cbc2f93a32eede8,0.020141673522496694
ck_4bb90a61c21a303b,0.011001827519991944
ck_3ade9eac7d7b0dbf,0.20555778261560576
ck_4859a58629622915,0.020185282451244343
ck_5fed957287ebca03,0.0007530738406548289
ck_ec01ae5351500355,0.002703876682129344
ck_703b41624ae6a5b6,0.0027528883463995
ck_97c38e7f61c27e47,0.018202326297350246
ck_db2c0908150cb2cc,0.02736344158896902
ck_64ac5e6fed86ab60,0.982615101567766
ck_da1c853b0a061e83,0.015629592843481133
ck_9a36916b60178ded,0.8139506995131212
ck_3715bfa7fed2c675,0.004376537909902725
ck_dd3feb77d7d4f6d3,0.02390714223985769
ck_982ebb24174a4ade,0.05489705908860351
ck_f6b7a10d47dd9a1f,0.005912845947021611
ck_1f56fe99f250cdf4,0.03629853003653966
ck_deb3ac0606d6f6db,0.012668733231369923
ck_e666629e5a41b39b,0.02720620333970286
ck_756d2c13d02b3e09,0.011127543712004674
ck_7bc752ae7cf5d55f,0.0037999334188437645
ck_fc0cc4b25e6a8194,0.0036951842021949663
ck_9b2b0e286de78a1b,0.008429264049503357
ck_24b0803447211bf3,0.02908032488574508
ck_82eed68d05a42128,0.022441062272648398
ck_c8a03c516ed5b05c,0.030674902485457817
ck_e914974cee1bccb1,0.011111647068483298
ck_0c533ff2d0f9962a,0.03815934356561508
ck_c12805fa5d970a83,0.020426298721817882
ck_fc2cb29918631f10,0.05287165850791575
ck_c20e89afe575549b,0.0017897650988463521
ck_e1ff9e31becc27ae,0.17568510713666774
ck_18116d0ac08f1996,0.9539060468119851
ck_885a83975cea5e64,0.0014747109402980048
ck_a0c3059a959ba5d1,0.01755426909675068
ck_75257ca7d7da2861,0.02951602353015391
ck_2210f7a0d13bdbef,0.025951706325384055
ck_9cbd9ecf8374f65f,0.010623110365595894
ck_18f67c00ba21fbde,0.0038147850709727956
ck_2d28f14d3973d8fb,0.0009009040610249144
ck_8b3401b44aaae728,0.003513428888596103
ck_9d8e9ef37797d3af,0.23383390824139869
ck_9f50920c894f64e1,0.008906631036388757
ck_4737e0d56c6fa0a1,0.010834973271611219
ck_52c311f29ca3aca9,0.001878737724773262
ck_6a4981bc721df37a,0.029449560859712072
ck_823539d936c55fc6,0.0007026728850969637
ck_df5aedb4118020bf,0.8969476090127502
ck_a911a066ff0f7b56,0.015124596027114549
ck_684609767df4a14b,0.09492716570078963
ck_f2350bf355dc919e,0.008671197908964048
ck_8452b6cf97c65a5e,0.016188136257002935
ck_084cd84501012218,0.6063437384344759
ck_ace6b72e5bf3e93b,0.18012142008604595
ck_2afdd69094c955c5,0.04667268927551332
ck_fa7d5be26bf7b31c,0.048645564535146825
ck_4b041217690fca2f,0.02829084550974447
ck_9fb8e3d38cdf276d,0.9212453972238043
ck_c1ee56d65a42f59f,0.01759861734943786
ck_fdeaa1cd085691f0,0.022221845025170876
ck_5de33a7a87e9aa62,0.045422786661853724
ck_7476e7fe1ff45545,0.020467992005923752
ck_b0a947b498e47018,0.008826106256779626
ck_e3894ed88a7977e4,0.009449375213130405
ck_c7e07ebfb0bc15f6,0.03528829116571952
ck_3a3daa8b376f2a18,0.0033138156367264276
ck_87809324c2675b0a,0.0176275286407959
ck_7eb4f33260f1dcd4,0.01039775955835066
ck_ab9f0e08af030060,0.11287109967374229
ck_5b8fc4a76f340797,0.00906409282230894
ck_0e7bf10ef49aa818,0.03736112074857208
ck_a44462a3853ac67e,0.9935021123663064
ck_2d14bcd2e0fc043d,0.0011263808113023258
ck_df1f2dba802296be,0.9519073431209253
ck_466a7316eaf149b1,0.02561801292187505
ck_50df50af592b0c06,0.011311516862567345
ck_5f9e34c849704b95,0.003318903807096385
ck_7836bf6def26aa87,0.01534461844790835
ck_ba175b1bd8efaabf,0.005842052211340378
ck_1a0aac7f7b94b1be,0.0926882321497784
ck_6768c4b2aa8ce586,0.00936243070996335
ck_eefcf0ed15897898,0.0076400546815507
ck_7a6cb27e390b6ceb,0.004043217875008203
ck_5275be4e1577c1c7,0.0024861192910324713
ck_6bc0e5b8c0b7d2bd,0.025966915018248788
ck_4874bdec79f9106c,0.019520763619768237
ck_a678731156ad7bd2,0.43471526583984216
ck_db906debc36a5d1e,0.025704793965713305
ck_e87897767c612942,0.032068176949090414
ck_45ed5ee496ef8a67,0.0036192265776818053
ck_ae20e28f9854f3ee,0.1591958127797444
ck_9ee044b73943a90b,0.013773586297873017
ck_dab34cf6f0626c9b,0.01852806862489425
ck_64a02b7b96149810,0.001800658397796587
ck_c417d06f3e94685d,0.006712641037676951
ck_3e0149cdee4cb294,0.041838572111209525
ck_0e6046fc30f81705,0.008079160505005772
ck_c383aeabd53e9c89,0.022618157980243976
ck_2ef76f1f36e8b869,0.1165556186962574
ck_43948784650bb9ac,0.005529582170305149
ck_bdb966f43ac350ee,0.01922803926498489
ck_5bea0e0ee0b094cd,0.002664075293112543
ck_dff090f03ca5529e,0.0023168902677836024
ck_a4691b57f837d88e,0.023051017213822095
ck_99ee90946395d74d,0.941136119691764
ck_cc81dbc83a8879fd,0.005608707851720735
ck_f3dc0725621b3a35,0.0012969555698407842
ck_1bb212d1288b9689,0.03331511088983939
ck_9e7278fc7679f002,0.037846879006753424
ck_3ded7a8720d7e311,0.003633509450181513
ck_798157bcdb9453e1,0.0023660239355069133
ck_9fba80f56f357fe1,0.01206158886805816
ck_f1e1c8491f16f912,0.014476694735723944
ck_7b1319a5ca2f63c6,0.9710713463167447
ck_124432fd5c92af7e,0.6747854670933917
ck_148cb0c723284dc0,0.006900214454814082
ck_b56c62c950eda009,0.0017889974506490952
ck_a0498755cd8d7188,0.0019439483860120394
ck_5379452a9d74efae,0.0014183621735773953
ck_6c2453229d608183,0.011866348458375925
ck_f9d8b4813a88c1e6,0.009032111570511531
ck_c2c7d1e45a521857,0.026464754045464348
ck_4364a83a11743888,0.0030559783400395664
ck_2cdf5fd97ba75e06,0.4713816272730303
ck_71bc01291e0533a0,0.008723372675851174
ck_a725d7aed2a0bdc2,0.001317178575544247
ck_a9b0c4dbd7db6a91,0.024587905316892276
ck_a4258806a533efa9,0.010248680977048641
ck_905e460591d9a278,0.024185382193676715
ck_20de8abfd8960ee3,0.02610012794799536
ck_252b0a0f1119b220,0.0015943916453430977
ck_95e4bef65c36af1a,0.0013705414459768603
ck_5ab68b434ad53fea,0.0016698729943684701
ck_13677a1957078827,0.011209510803453329
ck_d251e9fa09e542dd,0.9986376708346896
ck_700cb620f300dd47,0.010123000126855087
ck_39a68c55a1bd3ace,0.2013267641410327
ck_61a59a7944d6c53e,0.8325665984582419
ck_db6d1c6d31da967a,0.0029956269804864936
ck_650020c500b1b50d,0.01820492895415699
ck_d812eb6930192793,0.0015531511937955523
ck_92f6ebc11ebca89b,0.04286012983854534
ck_d87e26eb5bc84b01,0.00075548737606091
ck_66439e697695224c,0.0020469159753972897
ck_f21efd504faa654c,0.003934513513231666
ck_15eed0f5652f0352,0.02089644561649833
ck_bcdbf57d98dc0d27,0.02591966103183101
ck_873ceb8004d3a9f7,0.07824129794213411
ck_70bef9ddd4bab005,0.005741385954473017
ck_7560f1891d66f294,0.0013063455248813751
ck_f439f16f8693883f,0.014224734874414115
ck_14f9535e53f9c7a6,0.004595342793604793
ck_5984be472d2bc267,0.030604181416126232
ck_ed01be7504dc4187,0.032777636286868236
ck_dc3d8b5c17b67ae9,0.00279676498485085
ck_9dc23031b6b494af,0.038075460397758595
ck_fbdac0221bc03f66,0.021482009795998167
ck_863708a99b92ef0d,0.012064646314643908
ck_22b52654776a1ea8,0.944320581566362
ck_a0714f98001efa0c,0.008015446950801043
ck_9c56114f84e9a541,0.012172714401445022
ck_e155cf506b2fb699,0.007369911098586273
ck_65ed7e72f24731e7,0.0037298171895355932
ck_822d6e8e43befc72,0.21214080680329958
ck_b1182471d9ac6b26,0.0033860934451386392
ck_821446adc95e6da5,0.0037278626175559415
ck_ff182f033134dbb8,0.03826805759963638
ck_9c5feef7647b0588,0.0013115539546544638
ck_df935d8bdd44883e,0.005861508526779167
ck_01eb24c18ad11fca,0.00805402968655592
ck_00d6730134a1eb51,0.011289683376238015
ck_79ba8e85678d0224,0.01584327303161319
ck_97e3b04a1350f6e4,0.04017272113684595
ck_74e9747954a46eaa,0.008100157773465984
ck_397d5fcc9972f909,0.020467071173149016
ck_9ede89e8a43c3f53,0.04973321691392896
ck_303b33910d67f306,0.0031248728564526916
ck_3c17841636f6f7dc,0.012734697219762147
ck_78730527f8ba1438,0.11571254595921847
ck_5ee32bc6bb5d1d4c,0.03899746385058657
ck_a13fee8cd925d0dc,0.013248308067045647
ck_6f847263379f2e43,0.054816228862256185
ck_9b9d9e579e7b55b2,0.019875685869726954
ck_87c1d0a79e79c84b,0.010845426082578196
ck_bfc453eabb472f91,0.007105348304732377
ck_978c21bb5fe3171e,0.015226149284201856
ck_dd882323474431d4,0.021250160615606625
ck_533c4f7400d5ab22,0.14108791026954734
ck_5f217bfe28954e75,0.9938584322029069
ck_ae96d35465b3b4bd,0.0030617858212649025
ck_512ebe97c0af94dd,0.17189734067727835
ck_f558fe02bb0219b8,0.003877473281445228
ck_84092e23d5ef4d51,0.021591231906646923
ck_17d3022ca12eacd7,0.010203403695665976
ck_8a8f81bf3558fd9c,0.0050917826671725746
ck_0ada6fed1864e7c4,0.019517318636122688
ck_21fe7bc59dcd78fb,0.010416271497497381
ck_e136e20c1c74fe38,0.0367312852955012
ck_e7a530e09d113dd7,0.0271119611250171
ck_7cb0c9ded4d63027,0.01407810216247776
ck_102db9615e722c9e,0.06204092599088692
ck_129e39ddfde92eeb,0.0007979592079986213
ck_d730ff21bfd7769d,0.009423122476278271
ck_54459b45d2be8459,0.00131973503377555
ck_7f1c20319eb60aa6,0.9986942900878211
ck_939fede90473e412,0.0031565107954116835
ck_e0f9506a6d5f4a1a,0.13880054378286685
ck_9a4967cdf49265cd,0.2774740641997108
ck_b9eaf03453ac7d5f,0.002450016399363592
ck_522477be6376b450,0.006020444679862672
ck_9b6282e3bad50710,0.021388120819995585
ck_a0e3a2facd508e49,0.043390340926145646
ck_97ffae702f7c3d08,0.004815235995059381
ck_344a95cb7115ec67,0.001980792577629943
ck_1f2760764afa45e8,0.003510549229960256
ck_720cd658d11ea428,0.007938341261841307
ck_04e32ee9834c088d,0.5376075790445158
ck_2bb1389e5e72c8f4,0.029649919936916347
ck_961e7dbc217cfbbc,0.002586831075204862
ck_f3bce4eccfa6d6bb,0.006465863802827481
ck_e0ccfa0d689339be,0.008901642088550571
ck_98217aeafa0bfefd,0.014683317423937636
ck_a02aeec1914c158a,0.0087166039114372
ck_20a17e8f206a14c8,0.11649289904287168
ck_114c32aad4b6183f,0.03895176892056462
ck_79f5198f0decef20,0.004909612755290984
ck_2209de229b4c71c5,0.022975865898348824
ck_6ee939b7f396975f,0.003567156980753183
ck_202f0c14b07ace01,0.038998943077917105
ck_fa24db9d416ab904,0.005985231686701116
ck_cf6aa24b92c4d33c,0.9141961986444449
ck_45f57fb8194cefc8,0.010640242386038942
ck_d5eb179dc45394c6,0.00989346430379718
ck_efb24be983342f75,0.007827057257073238
ck_245f5d62ead5ef28,0.01180112147776519
ck_15fe2a47fa7e92ea,0.004189364712194988
ck_b6527a85fd682554,0.016969348759442605
ck_11f9390a11ce9ff5,0.015181673055706493
ck_ffb4d892c5158201,0.008464574421383635
ck_d4c1da5a1427fd6a,0.08776055065748085
ck_2c041b1efb1c5063,0.0058328843499303165
ck_ecc18f40b33be769,0.048911908817294764
ck_0525349f3945375b,0.02226773810066683
ck_0bfe62e0c7eab9c9,0.006565415907597468
ck_b7c37d410b1646c2,0.015516142546584758
ck_4b15b0746318cf42,0.158062680059581
ck_e5ee006ecd8ff661,0.031461692536203324
ck_ccc83cf66365357b,0.03660140419724284
ck_34a33ffe8339f66d,0.9261579316351979
ck_4e39e3b165edab58,0.7545053847455245
ck_1a71f8081ae00190,0.8085224308900354
ck_ed8f1200fc049c40,0.8818506454563354
ck_8a5a57858e8c77f3,0.0813847365143196
ck_fff9fdc2adf5100b,0.9461717672740625
ck_c76f1bf40f3b787b,0.0006322387076713534
ck_1a6ddfeef82b1b1a,0.006433489486242722
ck_478d2667aa9896d9,0.00399512340236598
ck_641c8e7694b21f3b,0.013584287299591132
ck_293581d879f6663b,0.8327332324103187
ck_1bfa8abdb22be8f0,0.054165943903639914
ck_05ab5b03d0bf9ce4,0.14699016769309614
ck_35694db37f0cde7a,0.0016930053115451044
ck_fe33eb743d714c03,0.005261209236122225
ck_abd10fbcbaf2b038,0.007550494666084414
ck_46d51648c1bf80e5,0.1573791293083615
ck_5c8390017fabfaef,0.025395298463924004
ck_87d55ca333f22072,0.0016328486967887616
ck_c39c6a1453e2b92c,0.0006948091003003977
ck_69ff1b0aa143a168,0.0011367151238384702
ck_e57c79eaab35ded7,0.003317779264793588
ck_463ae759e2b6ad1d,0.02732046038325248
ck_0dae4a7eb587f3ba,0.012094029321701574
ck_9b12fb56529ebc4e,0.005062006596584248
ck_1af547077ba2dd03,0.08852429351082503
ck_de13de941bebc7cf,0.0030810251925923403
ck_83dde7da2bf647ac,0.002911654696786137
ck_c80a94d4660041fe,0.024379969346049947
ck_f39cfeb277ef6528,0.001674420032741579
ck_1cec1ed1512a2d3d,0.0017997600542009771
ck_7955a359b6448799,0.004406126029408628
ck_8c0955dad13c3ca1,0.0030291174194153098
ck_6d4cd2de601a2308,0.008686422179678575
ck_f4536ba8dd2d551d,0.020258952604476927
ck_b379c198d6db2d62,0.02247834049788128
ck_76ea90ebc74bcdc7,0.008425553509933022
ck_734f06bd4aa92781,0.017714869755797048
ck_677e1d0c14cbf569,0.0029007062460528602
ck_259271c70f3fbcbe,0.03179237259426658
ck_c0b744eb9e7d4eb7,0.01904076484340406
ck_3d41faeb96802f68,0.001997751875895894
ck_8f604fa70fc3c8e3,0.02981301206781182
ck_0b3c3bea0e0ed339,0.008390943097512168
ck_be5df076b8a86409,0.002424062542411898
ck_6a475fe324d7d790,0.00891786656289623
ck_3ba3fa5387bacee8,0.0006164903100919478
ck_324b9939d9c1c31e,0.002465732872670348
ck_a7fcf7b592f68ca1,0.01906979196062123
ck_5b2728f7cca414ae,0.0009746850944257382
ck_5f4a25ffd0b85a47,0.03220901497021036
ck_63d4f5076fe4406e,0.005179784510898191
ck_af528d66c86f0cb8,0.08411423463093869
ck_ac7cdb9b8da7b5dd,0.008679547295974458
ck_3bece63711407e25,0.014111814534768901
ck_d4e0b2a12fcfc35e,0.0018421522233631987
ck_ee3e7c9d3a9c74b4,0.07817155825361623
ck_50d7c4dab837bf66,0.00785279066784182
ck_ebcb93a2990fc914,0.04357011680314375
ck_2329cc9702cdf7a0,0.04083553569794853
ck_db1fa53d588bf99e,0.0083403095137917
ck_44e57a0bad5a0745,0.014766232317376657
ck_472c81a144f4631b,0.0020536590743656454
ck_1658429acd5306ba,0.008232664900897378
ck_466103ec5bd9444b,0.004266267763495726
ck_9757163e25262b74,0.043241817103150476
ck_34ed59bc2c9b0186,0.003732934414908579
ck_b7bd3a7f263f4f29,0.032498179401494236
ck_149662b09d632e41,0.016390007801751934
ck_a9ffd6b3957bd41e,0.007522874531571206
ck_ab80466ef615e85c,0.002548908694373469
ck_f2c824d3473db24c,0.014186392087449071
ck_a4a01fd45936b078,0.009585600356084707
ck_8f6ce158c2902877,0.002130333355232309
ck_5189a302cfa7cefd,0.000927948523970316
ck_430a3d03be588201,0.007658430509630245
ck_b5f9dd00914b4db4,0.0040684312383235865
ck_52dec82e9cf6135a,0.007882992035375612
ck_95e444a01e2ab4a5,0.019923070059379783
ck_e37cee7b123692af,0.016439140093952174
ck_d68d42858a55adff,0.03267655480618118
ck_3abfc010091d679d,0.03386033056564599
ck_cee4e4e1b62bf82f,0.020762374948060963
ck_9ccb17c35e636c5e,0.007183197206152139
ck_f72a5a3b0d6c1177,0.0021583436927347962
ck_7508aa554fae6afb,0.018390115786771234
ck_003aa842b7ca1d77,0.10993593022573496
ck_83b2b192f41ee2bc,0.099547122974101
ck_64796b6b2c3c7f06,0.07857212653810289
ck_6438ae81d43cb196,0.00697535398139567
ck_2bd73d9098504760,0.0562506345300619
ck_aa8b9b36a099e4c8,0.030844338220850146
ck_e5ece47d0dd10526,0.03679386147260217
ck_16077ac345472e6a,0.005028383136166034
ck_a4d6e152b0076964,0.013215662751755794
ck_d90b1d03ae151f62,0.0063349493734672704
ck_18b36d342b530af4,0.01722332756845579
ck_2a01e610348b84f8,0.015132144553741372
ck_0a93ed76bf36c8b6,0.021592440011311286
ck_3d56b477fe2370b6,0.02935026182794384
ck_17ab3068fa303682,0.004161867525046299
ck_592a3520d841d11b,0.025277280131239362
ck_84d07028b5fca2f6,0.015943601658643815
ck_f4a2bb10afa85743,0.009213073876126129
ck_4fe4b072f03f2c1e,0.006072777604441115
ck_9ad08fcc183ea1e7,0.001982531722082799
ck_130d3848b9dcdb05,0.006263315451265519
ck_bb399ed6bf28c230,0.022647523491190702
ck_a31a64a39a2c4941,0.0030830527368732224
ck_c49f25dfb39909cf,0.03707290380154888
ck_55f50a9ae2db8ff7,0.0031019648131220966
ck_09faa4e771cf876b,0.006197807308576251
ck_df520a7a6e405889,0.01262594080182443
ck_8c8c98cc694ac900,0.014967357371002719
ck_7f0c4f609673ef62,0.009982048985464351
ck_f51fe59cd445d2cb,0.012446615923780342
ck_b3fb83f0d772a831,0.00572288314984243
ck_d6e7e257751c299b,0.0026447697845371565
ck_0d362ddb4a1cb6d4,0.011112070026736304
ck_a574a08edaf81781,0.0042385756925775574
ck_a823f5bcb0e4b9df,0.0015677113589289558
ck_f792586ad0381eac,0.0216195956315344
ck_54bfd70022c66983,0.0029533726276190792
ck_fe0a9372c9372de9,0.004840340218507346
ck_5691cd6fdb6d8147,0.008325505466048187
ck_a95f212a02433d23,0.002831221193666754
ck_f5adad75e1c06731,0.04317775894281036
ck_e09c97520eb0533c,0.009775810622702257
ck_a1e13c0d58560340,0.0009779896805041793
ck_cacc2ca410cbe80b,0.028658166469279624
ck_c0dde2a6ef1e08c5,0.0024820020684610403
ck_a04403073c90ce38,0.0008263712393731749
ck_03d3026107175dae,0.028133857839415008
ck_50176dae5b1b716d,0.009226999844647442
ck_6c084bfcb38e96c3,0.035316999142632366
ck_36d2be9012f7909e,0.03656583064277026
ck_958acf84c6137a22,0.012399959202281517
ck_114722e12db90a73,0.0069063191165899575
ck_203c2a22c0c165ac,0.012743033498438989
ck_2c44ca550e5cfa82,0.009900859664452586
ck_df0a8f20ab8f14f4,0.01798541416272865
ck_826a27ff7555192e,0.014072382953768094
ck_09a988ebcf062297,0.06400093774259909
ck_5c82444b3b9160ae,0.010714991422409975
ck_f6a4a7ed27fe76fc,0.1232687217795734
ck_17de46314b5c6a92,0.0061471101798307665
ck_335e63101b1e6c4c,0.08046099274316668
ck_c5eefc0697451de9,0.020478910105029655
ck_49a0efb5d4067b6f,0.08944009512699744
ck_c1f4509c8f5dac5c,0.016850100821551774
ck_57658eda1c59bc52,0.00340660976096095
ck_0d5c0736ec76385a,0.00249821868171995
ck_e0239e6ae30795a7,0.041184190881037065
ck_e4459115cd8e5e4f,0.0981156797956751
ck_bb4aec09d4968dda,0.04193803757184534
ck_a1b4c96faed3e0db,0.02810737654677898
ck_8247b79ac67aae7d,0.013381685140323913
ck_fe2fc7d6e5d83f09,0.03866740190233343
ck_f6aea576cde8d592,0.0012514329548913743
ck_b7e7f7d0cd886412,0.03057624901993849
ck_ca7b993e8286af7f,0.0029810242124905756
ck_47de038381a9cd65,0.007911546487165444
ck_d38f941d09eec820,0.03400630700617134
ck_d9ba2a6c0d926b4d,0.002846380650083466
ck_cda72f597330d0f3,0.0027154453740287398
ck_16d2d27fadeeacf7,0.0030692083264759872
ck_be05447853d423a9,0.0013607854822953872
ck_cd92852d7376a4a8,0.0019395110480885914
ck_2faf7ecccc9fec58,0.0014780062389900912
ck_db8733fd92f20cd7,0.0033791958818845474
ck_a9989a3a94c26634,0.013075902235425641
ck_957fb25437c75e41,0.016381274679899943
ck_e6a6caf6e7de17c2,0.009199259603883786
ck_f7bc569b37e8bdda,0.01093098844237744
ck_703b375dd86a6124,0.023474082884632878
ck_d3cfb3603f2c6ca3,0.021107682392144823
ck_07cb2b6f2a4303e1,0.012332747567507778
ck_31631e2028d4f855,0.011464985791568502
ck_1631bab0ba1256db,0.029895705993696953
ck_5fdafeaec036f016,0.00970226017888681
ck_6eda4c36aecad602,0.004124060328522436
ck_bd1bf9e3e29de281,0.02924971182677782
ck_bf378ea558a4125f,0.8137134600140657
ck_7aa2deeda0e57412,0.9790198150473454
ck_d229cf7f5a3f38ca,0.017873100239041585
ck_9e109edd124492a5,0.0036144060288801224
ck_779491819995625d,0.07193004945246757
ck_b89c6fa2ad0a12f5,0.007434241600565866
ck_1d01b4a609918c4e,0.7642582518074377
ck_714c5d7cb17bc9f2,0.0009013982679767314
ck_269f1746f2609ed4,0.0083354325072778
ck_4be03a2aa62b93c7,0.008154995874350904
ck_cf920313f6dd28fa,0.02567304037369092
ck_fb00aae4e17740c5,0.01120090372322737
ck_085d8c42739e2b10,0.9842778224663484
ck_c72a7d0d03cf3e17,0.08454990602249154
ck_8f6ca5d3b17eac6e,0.001359677237948773
ck_d9573100bbff4014,0.11609920864837024
ck_79d6793d1d0cf43c,0.006908166949375062
ck_91fa5032f7aff0f1,0.02562510264122704
ck_87110d84872c0fed,0.01708184301155639
ck_8220da627e9992a5,0.005541678279065768
ck_2ae44938847f3852,0.011139088574776062
ck_b0f191e44f9b6f35,0.06284546336839682
ck_3049d744b527f4d0,0.008975776188651847
ck_47d3e8d1dd3fbcef,0.013084447141080712
ck_ddf787359d2b5deb,0.0008099465984401082
ck_b27a9e39726b26d9,0.007612092590931797
ck_80c4e9274cf976b6,0.9940932052539692
ck_c6afa913168ce8fa,0.006548060060211347
ck_52427b3f8478db19,0.036214168940221066
ck_3b810f15ca0eaa55,0.009448825229447911
ck_0c9e420f97baaa06,0.8077162591252623
ck_f8540cf3a8b2f8c9,0.028806540097051067
ck_1402d24dd623df72,0.005062248250440983
ck_eb4f4267e24d042c,0.030542869006818883
ck_6f661b428d6fb8e4,0.05102395958967294
ck_519a26ecf3d29c90,0.003748086997607326
ck_e886ba71d4a6fd73,0.01944512122210776
ck_437f9ecd2016a1a8,0.0013488698854630381
ck_f01af1b0c977cc06,0.008633206520443401
ck_614f777c2eb5d537,0.0019251841859747557
ck_b804e784cde9af8b,0.0037741553675002325
ck_c2dccbc1b24b137b,0.7342083812344989
ck_1df4a1781a0f6999,0.031204132378150708
ck_bd2cdd53fca26171,0.0357550741899038
ck_424c254249a109f0,0.022827962360008475
ck_cf2ca4f286e289ba,0.051341412105628384
ck_6c33cb15b0d8af54,0.005677476560654364
ck_311d395fa9b8550a,0.010932874962530198
ck_9f792e7e721ff7f1,0.0019350348707673358
ck_4c37586080edb7fd,0.0009815629180889326
ck_7c4f42c5397113b0,0.003349029964611233
ck_fc418f53ce4aa579,0.9701583520139924
ck_1ba28fb7ef726ce2,0.007597873268242518
ck_d932f98bf6b83956,0.08832323567242628
ck_248b3659a9239240,0.017831847647706726
ck_6a92cf5f4cf5de38,0.02740011534853513
ck_65519d0fb137e0c5,0.0015682484969214046
ck_ddc3fc99eaba2064,0.03672992413703672
ck_7310cda3bc65a73f,0.005691991889154375
ck_c01c85bd631d4054,0.006558105111548821
ck_b4954d16b9749829,0.02424221463626446
ck_f301f6758e170d66,0.022466286779252498
ck_9bf95f8c47e7c7b4,0.0034055656465363415
ck_c91b7fccf6aeb4a5,0.04755523312353266
ck_785fa45e86bc5e95,0.006063941860750265
ck_2a65f1cc23f1180e,0.0021678223660600896
ck_a49a2c1f881a3560,0.0035028016534211837
ck_def344d68f06d749,0.01849208456464114
ck_abbd1465fc730d78,0.005658650773567425
ck_07a5610ed28162fb,0.014977022319325458
ck_7ecdee2d7127be8b,0.019320576263594805
ck_67858bc00e81490d,0.0005471750594129963
ck_b4ad165ace910222,0.006124043554674988
ck_30753ffe481a1b8c,0.3308605719762931
ck_c401a26725b17177,0.002008758942361367
ck_819988d8a7f26415,0.004824471463821366
ck_3364a1d9261b3638,0.0037236549886058143
ck_c484c5bda389bf20,0.0005422715430496085
ck_ae416325fef92c9d,0.9510718016815654
ck_5517b9a865960542,0.004257821451858488
ck_a0e96fed380440b2,0.02018564471553644
ck_e83409471d2b0b44,0.018715918795540912
ck_127273af97d7827d,0.005643521357743431
ck_aaa9861c91bd14dd,0.006654410351990705
ck_a378c58294001a36,0.9323609891105588
ck_abb9d65ff1f95b64,0.06898865009609478
ck_a5ecbefa849ae569,0.029558039597842825
ck_aa9953c0ca2bed7b,0.0007580604169629832
ck_40bc6de252865f32,0.00241404448737658
ck_9fb11688dcfe1513,0.0063816945597536465
ck_ba68841ca2ba073d,0.028804535966309015
ck_1d3e561a7d20be0a,0.9773735114864714
ck_99a92d710a29c1d0,0.02051110305537803
ck_ede2e887697ffac0,0.0022842092475216214
ck_e6de67c0d82a7b83,0.008673677892599492
ck_6b38763bf5ddbcef,0.02053422463342242
ck_8dd44eead7d765a5,0.01999461412796422
ck_30bf5b0056eea9e9,0.5838941547488923
ck_2981d16f8a51a8ed,0.027189917856409382
ck_fc60f42c68c7024f,0.027648992263993158
ck_8e2b2251ee224aa4,0.012779172399473964
ck_1906f0dfaf6e9bad,0.874221715439259
ck_dcbe6814fc4ca0b4,0.04347420927211147
ck_f7e958a286ae3b57,0.004078807685286432
ck_713649668a7ca824,0.01864536636784061
ck_6f73cdbf9305e2ea,0.01266945251182812
ck_dd1c490050cd9051,0.034994337933995034
ck_e30db36e376606f7,0.14256480486479614
ck_740d8fe8028b5a2e,0.006279706925680775
ck_ebbc9418cd41f692,0.002582871875424679
ck_7b3cc6cc3f250f39,0.015064877506746127
ck_1d30eef7110809e5,0.10846588746282654
ck_77e0589ab339ca66,0.003377882777703067
ck_15ccbf8ff7d14086,0.009345229649712202
ck_246989b0c288664f,0.03016554793087492
ck_fc2a6e27b10b10e9,0.001833604463196101
ck_8afc1112c12f5402,0.010203152604745549
ck_a76e8d83b9141364,0.015006780605448942
ck_51d3e8dd7465c015,0.0035863822733173847
ck_e7b4016909405981,0.0010815118941718879
ck_e7a3cfb9bf908e80,0.011338053337132725
ck_2bb49dc2388cdc1e,0.0050596235827311785
ck_94f4266ee7871345,0.002704478445006915
ck_b2c896beec146477,0.02437593122095132
ck_fcf5d4a4748cdd53,0.005341679291813332
ck_fd0483639811f62e,0.04237166372303167
ck_9a21d183524734aa,0.07326060071632431
ck_1df4b46c0a4c317d,0.02458225039627957
ck_638df9e8a22dfe0b,0.020198157127128143
ck_65acc43a6dc3e65d,0.006169351381776909
ck_7c67b73196e3d0d9,0.023299391813824344
ck_b0ee3a98175b462d,0.0028374137603683633
ck_20fad010969f1abf,0.001169363744710135
ck_54b087bd873af8b8,0.007454800032202834
ck_8007824431fa803b,0.00240847854787612
ck_23aab322810b9fec,0.00422659039374916
ck_c8001bdb9aafc8a6,0.0048600822766067565
ck_3a34c3ac83cf84b3,0.01140447616057586
ck_60187ac2c473a662,0.9914966851905983
ck_6a0ccd7357979f0f,0.07416744136213134
ck_27f20337bef5ffe0,0.028906924681677583
ck_f9fc468915afe49c,0.02165982455033902
ck_1eabc15a94bd9009,0.0049015292751246435
ck_26896c494b2768ef,0.01652105993277323
ck_348c874eaf0354f4,0.0855353597852411
ck_be9c46acd216b45d,0.02273641793521223
ck_a3cce46d15cc20a2,0.030003379752006048
ck_70804f60d9704128,0.0378885087801748
ck_a019151ca8e7527a,0.01711389435663986
ck_571133b2aa8ead51,0.046527134631148735
ck_0afa4449f20d5196,0.0035919260680591794
ck_4d503c41cf4e5034,0.0380548607699271
ck_d6fb9cc5171e3e9b,0.7649998751077669
ck_05ed92a7c3e10e5d,0.012496653757106879
ck_bfb067986660afe3,0.041540697879914115
ck_c1a31690c8573226,0.004940103321362835
ck_cb88ef3dc1f42225,0.002212625767363321
ck_21e3b3bd998745e5,0.1296302166193281
ck_cf52e46fa54e4540,0.0016840943338556989
ck_b72c7ac4208052ab,0.020281638750664046
ck_e6465c56b337e6c2,0.029771164174730132
ck_5f87eb05d18186c0,0.003448005466753587
ck_263f6c5ff26b5e98,0.0025180201536933915
ck_e0b7e2c0bbe228d9,0.00464317799397551
ck_b657ae3c146cb7bd,0.023301191105117327
ck_abac514d8167ea58,0.0145854499949913
ck_024dcab126876002,0.010028465366764787
ck_5d8481e2b38bd99d,0.00919458546304864
ck_edf229c17d25dac1,0.13759325224381433
ck_6cb7c97b72d6b5d3,0.008846827442959917
ck_c96ae2c28086a059,0.02663217349192177
ck_2f241b97c0f8389e,0.007703039553806795
ck_9158bdbb63ee8987,0.025966873780431915
ck_e7b40b60786c1530,0.0034860485055208646
ck_66d38518f68e6194,0.002469664864751914
ck_8c9b57ad2a991416,0.04055035081069865
ck_cc91bd7152d3e9ba,0.00970551738146623
ck_0d846660c7957a88,0.004481187256004121
ck_60896cdac2212bea,0.040237270642660104
ck_dc4db8b932df49de,0.05962691046099206
ck_2dc31db181150e20,0.002504411006020104
ck_2f138fce1171e277,0.008433075971116814
ck_68b8b859a6ef505b,0.010138283197154076
ck_c3fe0c6c5e1f40f6,0.003952976362770662
ck_15886fe84866de92,0.03225613175664292
ck_ea269b35406473e8,0.0036596982411750845
ck_3ce7cad1f69b71d6,0.01899331255299578
ck_054ed4288ee58d6e,0.0162838000179498
ck_3d4913a86f207fee,0.0497724914624933
ck_23ff85f9d2355e8d,0.006805929450391705
ck_d87ab3261322216a,0.0015997600664577278
ck_fac046ce336fe39d,0.004086805355066008
ck_beb97e498e6cf8e8,0.021388392886838612
ck_1f517e0ebf397b51,0.0031895561458747473
ck_0af57ebaa45877a1,0.003934275927942593
ck_f99bc1732ce5e999,0.013608983492338626
ck_abb056a9deab275a,0.011690902868513773
ck_0bfc394c5faa65cb,0.015180970728133682
ck_ddc865af1dd5670e,0.025859316669632024
ck_68b5542459638b56,0.1169826685743121
ck_0b1d84252c0b46c2,0.005230171570068461
ck_520ec32c4f253604,0.010872981475846583
ck_79ffcfee599d77c7,0.014267484044616082
ck_eb224c0fd146253f,0.05006612887152194
ck_0e477084434da450,0.01808582345869251
ck_07840bba5570785b,0.021681011328070328
ck_6b67fe8e310ab865,0.012686030281946899
ck_e2a1068c2fa22525,0.030424179263664104
ck_b9c6b32f6bd92a3c,0.014721847003161266
ck_c1e7d1021ae58f00,0.000654091723983197
ck_5d7801201749ffde,0.02274167765290777
ck_c8806749e263f70b,0.0006813979167213444
ck_c9eeab826781dc91,0.019477578466057553
ck_309a432c160a17b3,0.013484575693304591
ck_b22e3337b8e3dbb2,0.0048830623060546925
ck_79c30169c71b8033,0.9478950333341154
ck_5a6593d954085775,0.013205942126834045
ck_70b9b79ea1aacba8,0.010860604109025469
ck_63743141ffa11f45,0.008821073877080622
ck_dfd3dbd0d97a642b,0.0062725211402915705
ck_635646a661f05b4a,0.05575679510330384
ck_4b123d6931b6d0d7,0.5637514381464624
ck_f2b0e7a47f442557,0.8261611948282983
ck_1b1df006b81d38ba,0.0075725880646269
ck_360237c1bd30f4bd,0.008413456346024705
ck_5e84bca0e362da20,0.009254454698910362
ck_142dba210ed2f3b5,0.014924864528756021
ck_a3564236069e3524,0.18204102869167366
ck_cf36d8b070ded782,0.008799137969163665
ck_ddd6625c5eddad70,0.0012428650958551057
ck_ad54292a0b2f44ef,0.002716344559481424
ck_45cd5ef6b359e9b4,0.00724891298526729
ck_982c2392238b7be3,0.26853216832421806
ck_083e4ac78685c3bb,0.026918034866085246
ck_729cc0b46cc2e546,0.19111073833139353
ck_f2b8995fe5402759,0.0025102246970147533
ck_73e24f5a8da289b3,0.025241005191370913
ck_bd85f30c36f5998d,0.07551749244985143
ck_ee4ff3aeadf912c1,0.021506892282173208
ck_63d2978706e193d2,0.011987038741314886
ck_6a0684436a1e66c3,0.38256398257538604
ck_182dc4a2f5a366da,0.0013415156215611436
ck_e6fecb82fc2a82de,0.007606680492734596
ck_cfb06f07394dfe64,0.0016328487573048233
ck_7bbe1dc8add17ef0,0.0074873449947381685
ck_5cacad76e02c8e3d,0.8468707777599198
ck_ca68dec0c7df5a12,0.007859797078518773
ck_e4c0fc52c82065d3,0.014058479309709094
ck_f9197b070416f443,0.005266674644327656
ck_2a07c7021b71cf65,0.037648369430741346
ck_4fa85cebf707de2c,0.001923486100213258
ck_0063d2a9507467e5,0.007165003462111811
ck_ec986285fff05b7d,0.004464230922205671
ck_279d43303708109b,0.007282622364233114
ck_a406bf11e48cf8c5,0.03495009847210207
ck_064b2aa3f0bfdb6e,0.015085180348249256
ck_95790440bc4bd2d0,0.012052124177950511
ck_70066eea13b4c34f,0.004205619241649981
ck_19468fe07e26f992,0.9790475967653656
ck_86bfe328e0a533b9,0.9758684603254715
ck_ace3b96c977a7560,0.7576372913036604
ck_642344e5c652d8df,0.022523787791339085
ck_074be35c951ae10a,0.017531235116000438
ck_f14dce41036486a3,0.9979590156780094
ck_5cf67a3a747e684d,0.3099505034874402
ck_f7285b92648c1c81,0.0022919540772298195
ck_bef3193f124fca5c,0.07549485087902262
ck_05c4dcbb45de1f8d,0.004264369555260696
ck_d7c28eaa05bb7144,0.015638936194033067
ck_320df984791a1b99,0.001758496249396964
ck_f45bad1606fa00a7,0.0041506765176045
ck_6f81c199e986d9fc,0.005801278710954569
ck_d0c9633fed57c344,0.07983514004487727
ck_a3c25d6cc7478068,0.008664429549767207
ck_4185506d12cf9fa0,0.0016465675229978237
ck_7a02ee1bfba7353b,0.0160665220313204
ck_1b52590757c0fbeb,0.01897330393269987
ck_a0e5656e1cf9cbf5,0.01028837104064585
ck_ace21f6daef94f6e,0.009639802960651448
ck_646d8d0834782d6a,0.08407415883369071
ck_1f136a4476b5e775,0.041067423662714674
ck_325c7643cce02da3,0.011463068644934397
ck_9b5e7fe28208f5d1,0.0049714153768447645
ck_05d81b1a150f31c5,0.0017548623147922496
ck_0e9ec486bff403c5,0.0031086642014681995
ck_ee13c091bc379188,0.006892979399813548
ck_f7a7f8f5903617c5,0.00829447781161976
ck_96c3a3517153390e,0.010825017413647045
ck_538dad7f096458ad,0.0025771886817132525
ck_8758fc6622bbb7df,0.010361484263590853
ck_f7e53af3c91fec64,0.010749704611754961
ck_80b50fad7f255e1d,0.007072144708536887
ck_9645e7adc08631b5,0.014296545984865447
ck_e007aedbf37d6ec7,0.005495868033857289
ck_2951d76c41de2569,0.023957582460389773
ck_9439bff87e616d4a,0.04083606730286726
ck_a73045e96af0e4fe,0.026784891562026115
ck_7b382e533e2e925a,0.012552909556211378
ck_730226c2d216cacc,0.021944243904609598
ck_bdf837d761a7cec2,0.5713220349819397
ck_0b34197335ba3341,0.004655274645032472
ck_49170c4b31a20f5c,0.0014993532926702497
ck_cd553ba6589d8bfd,0.006882540469339296
ck_56b992c6f136fa5e,0.016214297355007165
ck_8beae3d7328fa41a,0.011022223706337196
ck_1a065ea906ae3d6a,0.0022056451273625376
ck_e9e3381d5e0e5051,0.004045057609845711
ck_a6d4f998dadc90c2,0.5974059264176355
ck_d36733da917115a6,0.03252687712604458
ck_e738e920bbd74a7d,0.03563180131116318
ck_af65eb885a51048d,0.0017110796893751192
ck_73f4eb09af29b1c0,0.06452187953579347
ck_8fc641b1750a2542,0.04602581309085207
ck_41b954c7a948c060,0.0057236510605922445
ck_25fc3010e8a0f6d7,0.0033447333748905512
ck_a2624e0387974e0e,0.020484246622259342
ck_5cb9d7b2329d5ab6,0.04589179659881867
ck_6c83aa1d100a7cd8,0.03009357160288304
ck_67025c64588abd1e,0.004365037199569236
ck_f5dde68f6f0468e1,0.002898199996163818
ck_46bfb2cfc29a6d2e,0.017061530498113504
ck_49dddb894d33f6db,0.019127457861117258
ck_f738b633b8862d18,0.0011826686444133879
ck_3d6c3c00d854f5a4,0.06772518910271114
ck_cdb8061d8d1a6c5f,0.0070302055577908225
ck_5e1b81848718bdc3,0.019458583586579543
ck_8def763034187436,0.00689264191951915
ck_8f8e4fb9c6190272,0.008330403246553115
ck_368b968b5f33431e,0.01279034438985942
ck_ba7e347251ea399b,0.017786302852669873
ck_9075432001a64e75,0.0070669664763400196
ck_73c5371635aca173,0.7531322623994707
ck_81793387b38047cc,0.0024707957093258364
ck_0cf220816e320ac5,0.011490624997167605
ck_820219bb9c761b52,0.17539618533606857
ck_70a932ab39d86a24,0.0005860517170738987
ck_2c4be237a7ed79c7,0.0015129683764396325
ck_acc764b49ef02826,0.1760169694469257
ck_74c3c3452e4e7cce,0.00389372931127726
ck_34dfb57e5bf31d2f,0.019725682488639474
ck_6ec39903f765956d,0.01703461187064256
ck_5986119e7d81e831,0.013341147035422617
ck_2ddfc948b8eac752,0.23273207189091283
ck_921ff5ceaf40a968,0.023390381542285007
ck_fb3b68b4424b5f92,0.030485083749060476
ck_c3db1b3ad4f16679,0.0036033611117975914
ck_124a197be41687f5,0.015187782843687356
ck_c58d9151834f5bad,0.0179437494720257
ck_389607982eb6b701,0.9556000171883845
ck_fb0c138c003e933a,0.004937585687944911
ck_50d0bb7edd8c69c0,0.0465812415842437
ck_c6cb651149dc9a8a,0.0031536074723377103
ck_81e21354e477eceb,0.04416013644271824
ck_7696e38b3e4197b0,0.0029593694533424585
ck_586001d3ed9e7fbc,0.0010049907210601386
ck_bba413492dc46f2a,0.015105368704657784
ck_95b894380ad2702a,0.08547614436940013
ck_277621473369614f,0.9981784532547177
ck_a50621b5eeca84b4,0.0013845067156378248
ck_bfa7ba218b988cde,0.041780908986238124
ck_5ea89567dfe78e4b,0.02200373336665833
ck_6c679602a6476ab2,0.02057207521099601
ck_d3885e286b3b11d2,0.017597448340887282
ck_cdcf6671b37c9c92,0.010877020569880828
ck_b5c93e6d34f8d366,0.007308118386241396
ck_c24f61925dc158d5,0.05282079545198749
ck_cd09375e6c81d2c4,0.012161851688419694
ck_a95afc7a00303a26,0.013386390298274126
ck_8e89ca8b39f3f8ad,0.002980687733309186
ck_9a84b396aada3fa8,0.05285408481033371
ck_5124a2e415384945,0.022448154561615967
ck_d66bb1f063357f99,0.004186001336282843
ck_0fd9312411b0ac55,0.011771445478336518
ck_ad8cbe6e27e47ede,0.010304029766195412
ck_8398adeaf41f9cae,0.01234787346723988
ck_dcf851e7bb5855d0,0.0020960854840195164
ck_9affb0f26776b642,0.0033900703081909613
ck_f0424b3b36bdbef0,0.09689786162548578
ck_66746d1090d6d9e9,0.0008824702142851876
ck_e5f8c8a5824db594,0.024625883246093477
ck_3e91dcc209431984,0.06387523519557599
ck_126a82e8d42e5ce6,0.0028804773298877345
ck_38e4a74ab256e2eb,0.009464281726071786
ck_1225a97fc413a419,0.07161262767755984
ck_9b5ec0f78e160e65,0.005766851686823268
ck_7c5529bcc079600b,0.008810596983430466
ck_29640fc2fe81c251,0.01918597493854414
ck_160e9ba0a3f7c1fd,0.003522412290236114
ck_bff090cb4ab76b9f,0.010066855833519316
ck_aa06ed358e43db69,0.19434973175790635
ck_7264486eb512d84a,0.033225703698844186
ck_f5a32e6160b28379,0.006909865419312792
ck_4ba8bec14c2217e1,0.006045794459614653
ck_610815786d729d2f,0.006571114181527469
ck_e267999226b6321b,0.001265472055609706
ck_f3996a3c8eea1ea0,0.009420677238850303
ck_e9b75ed7567a3f23,0.02150595948011285
ck_d21612d48bb4f7b8,0.013279522704856734
ck_1f871df76c6a995b,0.035955828516472804
ck_953bd5de48ccd70f,0.9055748746848974
ck_02a9104419a6dbaf,0.009216200731204846
ck_1eeeee651e05d535,0.02959729964795345
ck_e2ab04136a442a98,0.005502906903471165
ck_f0d806624ef3d359,0.01554694448919355
ck_4b68b38c1b3326a3,0.002777761824593838
ck_74e60495f8861156,0.04447814120870346
ck_398f3f4cf05c721b,0.004534426108793093
ck_f761b7650a0c1a85,0.016500965353529122
ck_7dadef33f5e2d94f,0.9759065726463418
ck_6ff6883633b8c7ba,0.0018414818342698594
ck_4d2159603045109e,0.0058430766544381105
ck_a38bd07a5fac5c9a,0.005055713486105126
ck_f517f06551e69507,0.0036135944901519407
ck_a7ea00a1760ad561,0.9838636562289113
ck_31fc51d5a3dfe16a,0.009643068830668896
ck_bac5233623b25ca4,0.024408274273471645
ck_385188ab27784fe3,0.06778392020764958
ck_9947a323bab5cacd,0.07997772723180559
ck_7973edc9f22ee7b6,0.031600642433708005
ck_f97c477986043755,0.002731295376920993
ck_1a3fd2cc4b4de196,0.021207139419564904
ck_e18ac29ea62cb435,0.031011440500455942
ck_9720a472a3e0140c,0.0024057320133256507
ck_668c7fc7d7e47c0e,0.016843654138326686
ck_214af0806470ef48,0.008142775993742846
ck_a46c1773f01f0be7,0.0321365478113784
ck_f2bdcfb4203ffdee,0.012829168615235755
ck_40e84e6ffe788a4c,0.012104310130055956
ck_dfc6f5712d8d6678,0.14012078684247736
ck_01ef1036b2e66a4b,0.008324114021360959
ck_3acfec10eec32f9c,0.007759186336866271
ck_084a85145c15ed77,0.012101271469878723
ck_fcdb4fe2f095fba1,0.011131225275131032
ck_023908db0a193076,0.037227112183071315
ck_fec0ff92fd622253,0.00844697987031927
ck_c009c97d5fafbced,0.08562966765648876
ck_eb9f0c06ee017ee5,0.013605727100140016
ck_d7792b429620fc24,0.0038714307269411613
ck_5e9e149a3b69c726,0.01793504525485873
ck_ce927322ef8f651c,0.008818640657206942
ck_b8fd61a8e82bce32,0.9208321468087726
ck_9aafc33fba1474cb,0.006674717570725378
ck_ce81ff9b8b35562f,0.010647081848593323
ck_25bfca1d8eaa152d,0.005968961344718359
ck_170c65860e2a7e23,0.0060940789474568735
ck_952da7ca9f33decb,0.014514705402294761
ck_1ebd574406235957,0.013331715069116483
ck_589109a188adc2c1,0.015770720337862473
ck_f0cbd5383bb07778,0.016946205500741128
ck_242521e261148fba,0.00821425692481414
ck_509cece86a558de4,0.009926620285809958
ck_0dd7c5925d28755c,0.0034055200006381414
ck_a7e669cf1c3985aa,0.01436241105774475
ck_acb84dc2351eeb76,0.004388867601288612
ck_b837c7dac2a9b931,0.010902550785889047
ck_18eb1f9181f95df4,0.004024911692345644
ck_b0b9047dddb1ec84,0.8241449257703405
ck_43aa136bdb0a2832,0.5543659053066731
ck_3e47f8c56c811700,0.005979947614711117
ck_77c587d24695ea15,0.014149063249201546
ck_20578ac693ea4e93,0.04152942407802189
ck_b9f6040eebd1605f,0.039780874141834774
ck_ca9d86f65cfdf018,0.021918510771415732
ck_a4fa8833995c716a,0.005813412478364171
ck_f589f1e29301b5fd,0.04793659445244597
ck_961ddb8ff55d868e,0.0017015912160945914
ck_5662492a54e6688b,0.045144496132253416
ck_ad48826c1c26eb78,0.9826344076781816
ck_621c9ddde6bf2eca,0.014428610732635376
ck_417a3500b2c717b3,0.028507194023192108
ck_c7e129058beb3ac1,0.011540994939757738
ck_ec1c902b9b9b9c5f,0.09026489752433388
ck_317360ec0a67d27e,0.059374924135034236
ck_3e3ea5d8c4a229dc,0.021548003317298225
ck_d11d27de7bf0b973,0.6780565880038179
ck_d37d56e931105db0,0.008503208755541483
ck_4863077723cd6ce1,0.0015520187833305142
ck_479a065d5903e9c3,0.0018824634699619951
ck_e66ae4fd586fedea,0.006745472016804306
ck_192bbfd0d5720134,0.018398295551710887
ck_3b436cb29af99f3d,0.00869784446262887
ck_7c7ca54969eed187,0.010328021036785831
ck_826ee896c9f1144d,0.7810972219300869
ck_ba1f6dd43fc8a0b1,0.008891259765559396
ck_49685deb63e4e8f8,0.00504768436122925
ck_687ab5d5554bfa79,0.015681650628667488
ck_41346ccd9242cc8f,0.0027736921226918674
ck_8f8e5e2b9dfec3d1,0.2383778203974452
ck_94d5ce61a0c50465,0.006803676765688387
ck_6b954c75aad8c012,0.04661814858310444
ck_748af92828c9d288,0.0010107562038160344
ck_dddd14091ce812c2,0.01638776530258287
ck_723323f6870fab59,0.016947504009681313
ck_dbdf8d0708cc6718,0.007299179822368076
ck_f04938570a154de3,0.0032927288318639718
ck_58afa1550b3b5294,0.020978181937458883
ck_3b150afde386ecff,0.03511598734598042
ck_666b95e75d99ec4e,0.929397015544151
ck_e00332597cf1eb24,0.02190795223405141
ck_9a9e3dac79280d7f,0.03602717332472464
ck_e8d37262e859d9a1,0.009033899197562133
ck_895bb39d24bc1c4c,0.0018916535896672875
ck_b367449195e36499,0.023944321259424025
ck_d23f9a50d1135ce1,0.05022326506277624
ck_670dc4910cf476c2,0.0013150291640905503
ck_3ecd8a5ce65e21ca,0.01126931368425535
ck_8584fea2df4c6317,0.014261905680219605
ck_0789ff4562202b20,0.00788837444865602
ck_749e0e50c3907be8,0.0016046237958168093
ck_c3ff6790cc6d7e34,0.005924925149787421
ck_75fb7e56432ee4b2,0.0019211365401573851
ck_529fc3170fd11abd,0.033378984890854176
ck_34a69b3b4a681796,0.11640188813188262
ck_255f0e5888ae9e23,0.015548477651193523
ck_65be698386474170,0.0015689747180488718
ck_5eec9ed855c26000,0.011070077609205673
ck_5ab39bdc9610f6f3,0.47543314774916384
ck_1b5b75762f033462,0.011689612677999374
ck_d3e208671cf37f91,0.867100788900895
ck_5068ee554ceff971,0.07234184699422162
ck_d7d50fb57fcb2d0e,0.000725228358385368
ck_ba6e1115fceaa067,0.01984588810752893
ck_d07bfb16a4a7dac0,0.7761272892206154
ck_ead68310311690c8,0.9824126127852281
ck_ee53ce862bc9c111,0.01279418077258217
ck_97e56e6037024dff,0.0011999681875091643
ck_80b04344c98ec072,0.04442705435797539
ck_5954f45a2ab45f43,0.01995351422835471
ck_18ddf7e836256e3b,0.011089569121880291
ck_89a1a780144d808b,0.011743298285522336
ck_a7331e8b808c39aa,0.06845912033220894
ck_a1fd0ad03ff9b776,0.012269284771540484
ck_c0cf50eef030b401,0.0011754769272267036
ck_074f20921189e7d6,0.007477211902363694
ck_e2aa7be60794593d,0.10504549976122331
ck_72771757dfb7f7a8,0.03000843013917694
ck_a9cd84a6dddfe584,0.012899139675592523
ck_142c00f9f8557504,0.015699683930586048
ck_221b5d40358230f4,0.010513822558032647
ck_a2d7a563f520b7ea,0.005489644675866567
ck_66cd34bc568d95e0,0.03307947863392639
ck_a17128972d3e507d,0.03853297885333129
ck_bda299466bb2136e,0.02230061060679553
ck_2b699066665abe8a,0.09375507042920109
ck_0ac9848bd4ba0c14,0.0004994877280941598
ck_98d2f9a6ba3a3077,0.9376989343110421
ck_a872df31b28a5f7f,0.1019152797070214
ck_7e73e1d44ce82ed9,0.006392367696680437
ck_1a415416f620d49d,0.0029696397720503967
ck_c95c786d2f8b8edc,0.008907254834702671
ck_e45012f22b7f91d5,0.0014133563643003305
ck_aa0b083e2a6813eb,0.05151753360323234
ck_4666232ddbf77756,0.005140884196974372
ck_e08e9c8ec5f23d8b,0.014179830276939323
ck_31d4c0518e5f52c6,0.0035425476531183385
ck_c1ab40638f04cb02,0.013863374960465826
ck_4c1fdd1669c7cf51,0.002876027775225579
ck_11662cc7940ffc82,0.029552275641946468
ck_2e679af24adedac8,0.0033702122927580574
ck_454b9e21b7f25a4c,0.00463258266523345
ck_355c4f29089731e8,0.7413574289151386
ck_507e40760a24d2d5,0.017623774563827185
ck_0943e0f305078e34,0.9966229507896835
ck_abc54ed7111e9ed1,0.006313439621283447
ck_a60fe02fc04407a9,0.022774066032144522
ck_244b897bb4d57c1f,0.011257409175758293
ck_8c84fcde93a04334,0.6686375335845353
ck_9eea37d2de633b27,0.0021194617636103837
ck_b2cb9e6610eca967,0.03088316639288767
ck_09aadb4c41b166f1,0.04591397264404854
ck_8d94fbb4828ef326,0.0025194979097537397
ck_089e3a07abbe3b8f,0.0079248310411395
ck_dfee9de05e3971cf,0.0065502871857241055
ck_6abf8302ce052451,0.0401375595906702
ck_6ffa90143838a4a2,0.003542851453862347
ck_325caeab5c7a9c3a,0.00217705028844724
ck_1964ee9db929a173,0.9389351214195046
ck_942b95988a6245a6,0.19243640606268256
ck_913ecdeeb8e21a9c,0.004292371573770967
ck_ecf9794349eb4b3b,0.02809499759820934
ck_b6cb8d6ae828eed1,0.01006296207535162
ck_2f82ea66c4f53b33,0.05775604568925602
ck_6e676daa4855b58f,0.05254848545515017
ck_2a37fef48b44e9c8,0.022637929222591675
ck_3bd12d468fdc2450,0.007986437632745584
ck_1a28b6a40a6bd3b4,0.11809122406950069
ck_61b79dec96d15713,0.002267333156594109
ck_31d5e3daced93d3c,0.024722213577812263
ck_e6c8611c0cf233d7,0.0014842869768456033
ck_f04761b4a937ac3b,0.019093970396620988
ck_38c1c75cf055031b,0.015287819120269828
ck_59a561f3df01441a,0.1189618170185566
ck_04e40f556a5062ef,0.002980538302631631
ck_8409716d174635b6,0.011740859919704458
ck_3019afee83342701,0.01849897561887037
ck_b51a58e7f032c9a8,0.019553841870735805
ck_5043e474f848346d,0.015260225258051284
ck_4388abce33ecd01b,0.21424664278872033
ck_c93def7392f0aff5,0.032574079352958335
ck_72e7b1acc19df820,0.006383227030574339
ck_f253130dc3ca5b3c,0.003108923231681563
ck_eb264d1b180d4b4c,0.08399828542031729
ck_c2504f5a113433ee,0.0016386043938352152
ck_c16ab1e4dafb4910,0.11667918906520268
ck_4bc42878fa180991,0.03313224200603963
ck_1c771a7c78f6622c,0.08258681665393579
ck_d523f0e50a2747ad,0.008005223364202702
ck_9060f4e7ab7a1b0c,0.011924549971520761
ck_6b55ec4e87a5e22c,0.7368170186259749
ck_55fc62a5f89a7251,0.029422776199623947
ck_bd2545c62f258231,0.031683128137159434
ck_1ccdc69d0bb712b4,0.016321575361214657
ck_710f867a3bd5898c,0.008607081664612404
ck_f91d48c40337d375,0.0066528229366924225
ck_f76d929541ed41dd,0.03481297989181011
ck_e26a6659c237b650,0.01609505487372763
ck_184983177b73dea5,0.02140719707205547
ck_6d0d081bfa8a0022,0.015199437782202034
ck_2f6e64f638da0f97,0.00481736394575041
ck_15b93103ccd38609,0.0060686623622472355
ck_094d10439b7b4eac,0.005226755469577082
ck_d2ca47180a926ba2,0.006713728247652352
ck_a69ca7b9d70972bb,0.005774502257221632
ck_68914e67343a7d32,0.0052760018852178675
ck_8176616132458c0f,0.006794066701007674
ck_eee99af3598311b8,0.041795897166191795
ck_94410eedfca91304,0.0240415664713869
ck_cfb11a0a2325bff5,0.00832776611037123
ck_75217ee144b715f8,0.032165813181364265
ck_d56fc799542299b8,0.0024200232188351357
ck_4c352dd3e7c81269,0.027576992419769145
ck_e23e50e02cb3904d,0.02582453398559289
ck_b921af37d500e139,0.014810981395159576
ck_82181b935360dcbc,0.9962813624774545
ck_22a7cf3b99c5e5fd,0.02835932777089062
ck_f67ee7910d532216,0.02918634395435963
ck_5f48762a14a0326f,0.0025642770659709637
ck_1757fcb0e6e3f88e,0.08215327118452345
ck_2c2f080ba185016e,0.023226947609712525
ck_4c25570eb72711b8,0.0027988028322919346
ck_a3be871ca22ac416,0.007097992183711724
ck_ab70961e7c6695b2,0.007210403365253563
ck_a1cdebfc42a52448,0.0030104024056402403
ck_f1b80b821a20186d,0.054311011326178854
ck_ae668e4564cd2aa1,0.005582023522040734
ck_0e2bc3a5afa439d8,0.051335462104004796
ck_3dc378f37d0b74b8,0.009357584815311572
ck_9f9555197480d1cd,0.010706382622941277
ck_bf4e7d48770a4a8b,0.0743120869232668
ck_614ef655f0685060,0.0027505424359746816
ck_04d2ea38ee27770f,0.0017798782634064747
ck_e03a9d8ac94161d5,0.00240080095942861
ck_d4007b5b26d9d854,0.0020433157465409553
ck_2dd147ce6d61749f,0.06652767448937712
ck_ff45764ea7d6619f,0.012759688122500074
ck_dbc487cb0a6c18da,0.7652179971133479
ck_791d5392bbd80447,0.002332817074552537
ck_b4068439c413b150,0.010499025521381938
ck_85df7b7de9700aba,0.0016291897958190188
ck_001e42551cd06e40,0.006695464005664737
ck_a6c02ae50932cd9d,0.004055433285625824
ck_9fd0be2c018ff5e4,0.027953162143492558
ck_32a495128395fde5,0.01043474794984658
ck_b6f2a2fd232c141b,0.02743174972435168
ck_28dde633692904b0,0.04110818780238009
ck_a1a93c5f375f6021,0.0031619444923863117
ck_e3982142336782df,0.02285749178585908
ck_a9812ff3c111ea94,0.010883699964097743
ck_f04062216f95fa00,0.019342766419537662
ck_7c560467daca735f,0.00036774469112766316
ck_76ee10d6e2dba70f,0.0411320368726226
ck_3521243bdac61178,0.0041766817225618435
ck_28588fb03b320520,0.019727378831061335
ck_580dcec33ec232b8,0.004689989198268573
ck_7109923fd7dab20a,0.007705875632268276
ck_7c872c99481c1e9e,0.009344368948198888
ck_46f4e1f5026f4d1b,0.0014624168147890344
ck_00d1ebc31ec4653c,0.01744792424883394
ck_aac70764dde15168,0.00517596191218944
ck_648c03f9aa4e45f1,0.053869861938951595
ck_5478eb69ef912785,0.2209364135278616
ck_79b8523137bb2603,0.059120518116242825
ck_795c49f312640019,0.0014171632410275384
ck_89184bf7b7fe41cd,0.09217655156725899
ck_97d4bd922996fa10,0.0055868763435953745
ck_1cef30d08f3a598d,0.0014246262557977255
ck_2f9fd36a4a40a6a8,0.0012167237820720359
ck_40780fc0f8d6f309,0.015396689634564564
ck_9083ca9fec2a7f4c,0.008009634825917553
ck_62081bc35aa59931,0.005005026337641814
ck_2e1b46c5fc56b863,0.06499706973838008
ck_3d139692c51b604a,0.14924855400215292
ck_b5e54e22e3d6960a,0.007219483762344551
ck_c0c4be3f44311b04,0.0031859379655978163
ck_82a8bdd2692c2a5e,0.0010914241691755775
ck_bdd2da300b530c5a,0.007154015305190678
ck_ee40498cd97183d3,0.003288360240403158
ck_70b9274473bd6dfe,0.0022730016421152943
ck_473d6314ea614b29,0.006723253055039672
ck_7443d6dca8cd1352,0.0012258638235028475
ck_3b49768b448b071e,0.01769814709482023
ck_b43f04431c267dea,0.004654700013215422
ck_4424a5223ba2fe00,0.00927548353467198
ck_819bf3e8231f4081,0.024113618341618345
ck_91d417507a8c58cb,0.10336618997352293
ck_e88e86b19cada4aa,0.025724038921158186
ck_59684167f9c6bf4c,0.1160872800738455
ck_d5f5b0dc97b9dc27,0.005860281774001004
ck_13d1b192bbff8f32,0.010620284705683014
ck_b21d8630387cabce,0.0034604050663942154
ck_e4ac22046699b99f,0.005364910729487292
ck_74b848064f2ff45d,0.0028336623426071564
ck_166aa980cc87fa77,0.0745769940567442
ck_98e337806104dd88,0.0028827898713909084
ck_66eb09be007f0755,0.027385862457130032
ck_3ec9b9d8dd7be11c,0.02251126164413908
ck_8b8b9de339d75d0b,0.0063271698819471565
ck_6715139e240007d9,0.006379748027744078
ck_a0255ab46e122d2f,0.001082895413056554
ck_66e81a4190c33510,0.009670057507486191
ck_5d75ea4f5c9080bc,0.8684056036976228
ck_df69858b8a8b3165,0.010608992583490472
ck_e15252ebd7553422,0.010159084784945384
ck_34d6d74bb3ed11e5,0.002543483803345397
ck_c2608f78f6851d10,0.07178427633217076
ck_bb99071e8f58c8a4,0.7042488855843322
ck_06010f0df5b7cef8,0.0504429501667884
ck_8c582eb0f6c0148c,0.00461318217827415
ck_0034d010d28aea78,0.019200005014278727
ck_01c1f06692566ca1,0.010717287562753136
ck_4807726e797fb893,0.025656312583879744
ck_edc9668282e3c8cb,0.009688045293943877
ck_5486768475af7bb5,0.9547965125503566
ck_3fb9813849e51837,0.01051550995589249
ck_861af5a9a9a6d619,0.009120433681939056
ck_da39653add0f1109,0.0012648622914402665
ck_74a4244eb1f162e4,0.001359797787117836
ck_9a930faade55b8ea,0.001831551362580257
ck_fb6e06ca88519dcd,0.0052061475848957876
ck_9776cd8263a9f415,0.00787717671458424
ck_b3dd1198ac5aea73,0.03155621693326424
ck_b6675a04df1a4276,0.01174575722192659
ck_5c7ad6e731b69333,0.5138336551643484
ck_28dc0fdbaec00580,0.06421157554390607
ck_8e7a32f7e3905f4e,0.014227633614516627
ck_8563fed6674afc77,0.017311455417006467
ck_9a2fcccb82da663e,0.025389977817661336
ck_6a519bdac0d94527,0.0013706918437544839
ck_a0dab7aa9c4a39a9,0.00650937017393902
ck_a3ce05e9e5e32142,0.011526138294010125
ck_7a7e40ee3f97c035,0.02231555493166044
ck_9e9a830785112a73,0.020058062702233072
ck_ab1bb02f6b189304,0.6709149715704937
ck_7b8cb0f90fbdc8c6,0.007587841845271005
ck_b138fc249e659e60,0.014951154640040244
ck_e73caa3771ec5e0f,0.004485454288665293
ck_18a55b06ccccd88b,0.04575269596002693
ck_fdcb1d9265d8fec1,0.03707222386473527
ck_e21a900556b382ad,0.0359175588749855
ck_c6bf67470f526771,0.01644227836184915
ck_b568ba3837afb39a,0.0009744172403356464
ck_a2858979dd5645ef,0.0030945438924958133
ck_1da9d40837ebaa57,0.008619341929013431
ck_9341c7959543c542,0.0021864916003520693
ck_c8ad86806b9a2369,0.020814598196041232
ck_5c85d93ecfed4b0e,0.0033615029056539604
ck_f07b09879d697b82,0.0027487615055553933
ck_fe43da07608b1749,0.008766357445413013
ck_4bca22b5926b9c28,0.0017244936400931112
ck_aba573aa942b1d41,0.02781632379527642
ck_57c14e32fa4683bf,0.0022150644006861055
ck_891530b489ce402b,0.003490671484126692
ck_5e74fdadb93ff293,0.010422390011277321
ck_14436a409ebcc90f,0.00803206497294821
ck_00013fdfa0bd37dd,0.0070257270071120755
ck_7dbe24ba01316775,0.021887908665086178
ck_0e3f80c1553c591b,0.032315122132432546
ck_3edc45db58760d76,0.0022937028254914928
ck_29076a13f539187a,0.26954288134758864
ck_b1e81b58b9a545ce,0.07225218542885374
ck_3f8571d4f7420b2a,0.03817073094402909
ck_7dff6abe4bd644dd,0.5250844022635496
ck_2884bab237af16b7,0.012872538163695765
ck_231e6dd1fe708000,0.002556509159020714
ck_33ecaa7b892e73df,0.006886823887603157
ck_b109ec4c63503030,0.016230312450726345
ck_a7f522382509cef1,0.00236194671135838
ck_748b3ea941d8b3b9,0.0065921401240167715
ck_29f3a1737a2d9634,0.017766914375802283
ck_cee8d42475a0f020,0.0017853558443459386
ck_c6b6ebe145a8ffab,0.007855768518024326
ck_21c99e1d6b881894,0.002472880405749699
ck_5ad798286384484e,0.008829906266322799
ck_b621b6ffcc7f4848,0.0036235091419101265
ck_ea819e337233475c,0.5404301463510831
ck_9e3896c2668ce06b,0.024989100557888153
ck_501dcf1ead036d2b,0.006016044940887764
ck_8d5eda29a2cffa3c,0.008268241710552638
ck_4d3aa36ff83f1132,0.43158180072552565
ck_8e9faf94e3e6c757,0.0024425469877901802
ck_ce0ec41f96951048,0.01379295693503482
ck_f09165d73ee903b1,0.01266799224584168
ck_a432b1bf1d3b3d5e,0.24965449422090052
ck_ea618f720ff0b4b0,0.01394678099801647
ck_7584e7bd755cb28a,0.006283058781553686
ck_e14681aad43e1a72,0.016172031728457048
ck_5e18870d8e30e379,0.011187063907648906
ck_ff7c26a62bda8089,0.0011548564758713368
ck_cc5a35175d381d5a,0.004700540408036165
ck_3c25029e40aa8a84,0.002790012487816253
ck_771247b5bc16c12a,0.0021869975481830072
ck_664b5e02759f985a,0.0063060943230360865
ck_692a9e8f504b9762,0.0027084061434559537
ck_df8ad2deb0a4ffed,0.012379346958319633
ck_eb48c0bcd12ea654,0.020171854382925444
ck_7c77e597c951cdad,0.012228223984543301
ck_4f75144c6f3b13ad,0.016203942020996138
ck_1bcff399166d7c43,0.005478104560424115
ck_975c2aa3d4a8c51a,0.005323444728883879
ck_bc6f07b06aaa4ce3,0.8776450487927459
ck_80b072b7f3c7e8e5,0.006773449584095883
ck_471e4018a23b4e56,0.011098532881728455
ck_53cddfba570b4a3b,0.020478511262169652
ck_630530e50764f229,0.011423364531112564
ck_dcef7887a4f1e435,0.00881084540583251
ck_2795921a055643f6,0.00427217769430252
ck_7456df89f3792235,0.006369120740434487
ck_5014a3b07e1f049f,0.9602264114729469
ck_d4ec44760cbe03f4,0.013192474333510593
ck_96810ad39d4cb7b0,0.012603613701979157
ck_3222ea25aa29bfa6,0.002588019529488526
ck_f6c42001b84a10cb,0.1219445105938721
ck_5ac86682385c86b8,0.009090529735130687
ck_4280c33af57eb4f4,0.0018507772982785358
ck_05f79ddd8eefaa56,0.006255639576155224
ck_3a57a13ce032a6fe,0.001832870529726907
ck_a721f0d635fad68a,0.00757484936578662
ck_a3f821bdf408c326,0.012889022261409951
ck_0ada63008be5685a,0.04337481143607242
ck_8c949bdc6e8720fa,0.027101220031886305
ck_c0d2c56f9c722e99,0.9458535124367597
ck_5d2b9e6e087b8dfc,0.9977853419815983
ck_5217b55593a332ca,0.028127076761557863
ck_7a7bb9be5a7e48ad,0.009379781193081714
ck_24cd0d779e866287,0.0057036203197567146
ck_7367917891a63771,0.011814417463082531
ck_4b31a8862a857e6e,0.7364827404907716
ck_81429c4910ca46cd,0.002481500737961881
ck_b35d803568f82d9a,0.015668054719323917
ck_4b00e75c2d2d0522,0.001341442909373673
ck_77fced07f6dff42b,0.014463749328344093
ck_3c9a06eb07c300e4,0.0025905666820835982
ck_b3867f7f494db64c,0.003181254502597623
ck_0c45e54897ab34e2,0.03141127600741546
ck_507a6a580ab55c76,0.016589315326717126
ck_291bffc7809f896a,0.011185441145381177
ck_3753cc5b9d02e2fd,0.0018288327889083265
ck_4f63d5245b3ac1dd,0.01083383417889776
ck_9dfb2ae78659240a,0.01631293863227621
ck_90f6f5ced708aa75,0.0007035697019700427
ck_8b5b5a6b5539e39b,0.9820870279928108
ck_4719112b55d20161,0.013531089051124375
ck_fec888a7108ca52d,0.9893330694901764
ck_4f5d022c99f118b7,0.006458841611838527
ck_e967ff05514b697b,0.03621182302373096
ck_839ce35819bfa4fc,0.0018158501552480678
ck_bdee1221b9addff8,0.0033450770689646054
ck_9cde4036d0914427,0.021401710432295818
ck_5ac959cbcc5e98f3,0.002980454101968571
ck_619842688294dabc,0.0034167216200869177
ck_7373d7b04c7799bd,0.031228034984319683
ck_c1dd3feb9a0b6471,0.015248443709974167
ck_0324a4812ec319c6,0.006712759915653462
ck_7f3685aa2933b251,0.03786743296021417
ck_06aee5a62a67a84c,0.07012232352767588
ck_3428910b44b9d08f,0.019223289791203836
ck_c3ba7534cefc1de8,0.008751891749797857
ck_1f1273a67cbad5e5,0.4712747065574303
ck_124565a11b2f8bb8,0.007133800175678143
ck_38e46bc861e0165b,0.01594954669098202
ck_c8ad3f01319c065e,0.023308336348030756
ck_3f94a34f5038f7c1,0.5242603235492646
ck_cee56be5a502fbd1,0.033991646438409545
ck_2b90b76cf4d162f9,0.011166336778764208
ck_884b2e463ff1d54f,0.005406258934201684
ck_fab4f2f8531b4827,0.011495157852369105
ck_4fc6256e0e60a926,0.01710171218869576
ck_0a2f8b2f8a5b6f02,0.011991804476418486
ck_9c0deab8a8367c5e,0.003406580080643582
ck_d3a2a4c011fa2554,0.0014577671976487457
ck_4108b4038f762817,0.05146957778636956
ck_4df036e2aa7e1056,0.009928322306179196
ck_ec094eb1cbb3efc5,0.004186906991163169
ck_09f8f51bfd2492c6,0.009159736629240491
ck_b60fb9a10d6f4489,0.030297933669450116
ck_3638bc3388dbc1bc,0.08061541217968053
ck_7a58e0cc9943c39a,0.004432702980019963
ck_37dab6a0a536ed49,0.03255778414592564
ck_adc576690df5b33b,0.02657473669236091
ck_1383b2b1875000f2,0.0065569156026639135
ck_43c1248db37a2eb0,0.0044493172807571766
ck_29c11bd68858e923,0.001082000766890029
ck_9401f9e11f65337d,0.03148710251163196
ck_ce5ed372b1a2ed6b,0.015676528804178816
ck_08b4619490e751a8,0.9419115030539645
ck_44b9125526acb05d,0.022568047513145926
ck_ef1a1de20d2124cb,0.01984570274531316
ck_e5e2624b7fc89774,0.042947816857638876
ck_f5100511609b92c0,0.0009725254872018341
ck_64f3bb17101b7c42,0.009647525980539941
ck_ea1e5b5128ecba2c,0.002285636801666965
ck_516163fcf04d5e77,0.009557876087531935
ck_7f9a748110d70005,0.004953740036112454
ck_d263b55f0a681cce,0.024616662687107677
ck_0e962eacf98a813e,0.004594070333462136
ck_0406931800e0e2e6,0.03511908144304946
ck_0e9b982afc88a3a9,0.9907837212027849
ck_8bbb625384edebd7,0.0014290937860422482
ck_5eaeb87bf6207406,0.9919267248154278
ck_cc3318839c4b0745,0.005128221942457358
ck_08a0355d1f1890ef,0.00721945741299527
ck_af7ffd1a822460d3,0.2141346787550436
ck_2a09c7aa870edb6b,0.0019586917404913347
ck_bc04f51c23290bcc,0.014056480656888984
ck_d3a8333cb389f4c6,0.017180431267995535
ck_88e3dd3039508332,0.03275315799343434
ck_b8c7771de9b57705,0.010691646988184766
ck_585ababa02383b50,0.00597581464510433
ck_e988c108754cee9c,0.0058113690221684895
ck_4a691892d9d6cf89,0.003910097559283784
ck_7cdce37d895eefb8,0.00974126025153596
ck_483fb981a1fb4317,0.008126404676367976
ck_c1e5182bd99e0e35,0.7791022265145006
ck_9a1e3ec9a1839939,0.008243922206523395
ck_5c3f13de0dbd5086,0.007805395864085122
ck_f4f6f0caaab70040,0.012808250278214178
ck_791be3378dd7d64c,0.013439528273189142
ck_956dd784525f5886,0.019676270840281364
ck_098167eaf124c279,0.023318395258686342
ck_33ecff7914349ebc,0.0033549727123395414
ck_e05d44e46c7174e6,0.009993967450700025
ck_1b2ce474fa6582b4,0.03395825088821496
ck_ab581082e8f72e3d,0.010864499088549556
ck_e63256667aa19070,0.02256078783654093
ck_f568772b6cb3febe,0.04377968412768644
ck_dd89a282375bbab6,0.05032216576524833
ck_a39d0bca345b492d,0.0053671728364089715
ck_d12d2924d0f7a64a,0.0033981305081653185
ck_6a548da1728b5823,0.9171912360300258
ck_6d64193681d2a94f,0.15347642911223008
ck_ced6b6dcdc7c201a,0.005266023619705835
ck_d1b0699d26282871,0.021657661046442726
ck_58f757e40a9b8877,0.033060054718907946
ck_3272c2c4a37d5220,0.9643345287053948
ck_d94dfde9e03c9d1a,0.02310023558778602
ck_08a6d4903a7fbaca,0.013968482395502179
ck_6c72a36b05fa0f4c,0.019438128632307886
ck_dbb4bd4eda97255d,0.008756212989723192
ck_94b59bbc824b307a,0.0054671600499131435
ck_0229a07185f15469,0.009673821579220573
ck_11bf1039f8b3025b,0.004191900912056106
ck_36789ca11459131e,0.1873004322368893
ck_8572c5f5c1447c62,0.027574994411077296
ck_9e75c6641939f4fc,0.034636999301426885
ck_b45e47c39d4dc7bf,0.0072853035870084175
ck_02903c48b6cfd65d,0.002426469843565044
ck_b153386f1729de81,0.005922037798865305
ck_36979996f33498f7,0.7841113359188384
ck_3c02d4dbbf6716b6,0.010018898916014913
ck_66c9a19963957531,0.035280821778232545
ck_bae8dae7cfd8baba,0.0018044710429186252
ck_bba0ccc6cd968680,0.04969123605388372
ck_3267fe3aac05c71e,0.007216954239282677
ck_40052cac10562cde,0.017341247639789583
ck_d973444855403e2a,0.02440287983040164
ck_012519bb095ad36b,0.9951310655338791
ck_ad7c256ea10c4a00,0.10794933942702188
ck_70a60e095e9b706f,0.0025922470147813166
ck_f2734417c0db4ee3,0.0015182051225473942
ck_9cb89cc3178e0172,0.008592213474345089
ck_779cc0f2de4d5488,0.06298120290445851
ck_35f8656bf93e3b3d,0.01220387119811807
ck_bdd8eba728800e29,0.016065622451828337
ck_002cf760d173f0f8,0.024514267944088206
ck_b046067c6ca3831e,0.004041997448919029
ck_a4a42d4bff8af645,0.004070779364935849
ck_bce253d2396681a1,0.008854969343146437
ck_00dafc060c8de32a,0.0366419218323923
ck_968a99e097ee78c9,0.03141114086170127
ck_66949171b387bb93,0.01910129791960053
ck_ad305286702b1958,0.0011441576099223655
ck_4732da7e0d2dfc7c,0.002135121881821768
ck_17a95bba77217d85,0.0245307777204276
ck_3e2516a3e35067e0,0.005813321157749069
ck_0b615ed566da1f58,0.01344273982812141
ck_d2b3ce1ebabe9f93,0.013006312655944912
ck_a892252e4e0c2828,0.015116634171994039
ck_cf606fd6ebfdf9bc,0.002949989914328965
ck_718865237134ebe8,0.006193517674807411
ck_878522cb775b904c,0.02342149021459112
ck_9ed53de6ef779ae0,0.0018574349332047433
ck_3f16e2cd7e6874cc,0.011252534953986454
ck_3c59df37895ead2d,0.003298655717142469
ck_6821459b626d492c,0.001502836486520145
ck_11c7667920541587,0.011547183161678914
ck_23a016cf6b98d89c,0.014707957743417429
ck_7137eeb394d200f1,0.015505402689868284
ck_9c4886c5c90ddbdc,0.006467321030247405
ck_1422a7bf7756294d,0.9388521548655069
ck_7ebc5fa7f0d3b8f2,0.055942230208995955
ck_fcc2059a8d5c41fa,0.03956087112453763
ck_00ff7389d6a83e29,0.15520322916974408
ck_03129b41457795d2,0.009095761683407652
ck_38ba64efa7c38250,0.013293605656318241
ck_57a6b56b09bff24e,0.014319004437506338
ck_e3b3c5a80a567418,0.002333237348640057
ck_fc40a16adfced018,0.004149580805948836
ck_9d4b5e6b43bad4d8,0.0024056069992842077
ck_61129937ee466b49,0.01297661871829361
ck_74112e47b8629c2a,0.08215510909145558
ck_b4703ee97f94d7fb,0.002083406383963499
ck_e560f720a988d8a2,0.36322477065315895
ck_708fea345f68037e,0.003878166955149165
ck_25394c1b83e0b803,0.013835686772485504
ck_17ab24fe914ae44b,0.004561674088369781
ck_16c501470d9bb006,0.0008428777606493699
ck_628f449e248c19b7,0.1333063204257539
ck_6d64190623dea714,0.002839809350507635
ck_504a45ee08db72b6,0.007552975742787226
ck_6cbb011e0c70bc7c,0.003247190053916187
ck_b3225a98acd04f83,0.003940655796930786
ck_aa37993f1c17cd1e,0.012641959699655005
ck_558cfe5f77a55a9d,0.006082635424586152
ck_0d0a1a021efea5b6,0.0267272701063344
ck_daf7aea023b7a8f6,0.00695668230609305
ck_d75f25184ece2b51,0.002054149266948487
ck_466d4b5366c50b98,0.005829916734740903
ck_88f27ab479063852,0.015733028877187083
ck_66779098e78c1760,0.0031399433192294247
ck_b150fe4efb449b05,0.006365950174089523
ck_9c3aa9f23d01fa1c,0.005162658030252442
ck_6a01c375fc26705a,0.0023065042450800878
ck_002eb6552b504ea1,0.009819804180313087
ck_affa5aa0bff9bb0c,0.02850143322125156
ck_027614eeba8b1a4b,0.0039082541702113414
ck_67e075c982add719,0.010974653044380903
ck_399b0d510be98bd2,0.00955754547325574
ck_e9b0bca7368555ef,0.003372216708051775
ck_59c29d9c57b4f994,0.014913642916144752
ck_37176850ed68831e,0.004782683174973596
ck_a0db4ccca08030c3,0.9080536174025392
ck_aa188e5c25f7f42a,0.008504967247791382
ck_7de6997178207800,0.004706111116272007
ck_c729d19053387be9,0.025062195991602813
ck_f2d3e3d90608596d,0.5109330304612161
ck_2db3fb565e0211ee,0.0017173446767684755
ck_bed8a480e27e911e,0.032447320923735354
ck_d7ad9921a4d25926,0.04878609935506096
ck_2a59f23fc5194699,0.055760810121072805
ck_63601a58a6120d8a,0.03747159641235862
ck_efd7b9e22c6317d6,0.013932750788320201
ck_9ab42875a0f95b43,0.0884229001871866
ck_85cb5033fca7c846,0.029985535641632408
ck_5249b223000915ec,0.016612017047798595
ck_3efb0e9bf25612c7,0.004473833433768304
ck_678e74532ac19700,0.011835258125942674
ck_a980b296c95153f9,0.008302111400902014
ck_01ac687ce0d696a7,0.011568878734440425
ck_52e1418cf1aa9871,0.013307359743184645
ck_7d28da4f1dab09ee,0.5764965031969465
ck_010d0c2e6c1657fd,0.0437679634598354
ck_b524f7a2e752b9d0,0.004371736685004729
ck_cc447fcc24a0772b,0.09257694900637786
ck_2cb3c99845e572da,0.002970806521779447
ck_604c710141327a81,0.003247971777646449
ck_8d5fa65717d2e0c6,0.011255610926076593
ck_31199510b40602a1,0.006435696439902438
ck_49e253ea12f4e922,0.012268866812961094
ck_780738e0d71e7e43,0.004692049497403623
ck_2cd21137a07fdd7d,0.007611042835178591
ck_5e021f2a3b66e256,0.04328580723842443
ck_efbc79246e32c66a,0.17286526340980113
ck_9951bd806c13c7fd,0.029024354281900613
ck_7a52674e2806d8f5,0.015155014889567203
ck_1a319e509f1efa1a,0.0010948796963631802
ck_c920901b9a4ba993,0.9800296735589386
ck_b71279e807d0b3a7,0.021928153054578268
ck_47e1032f490bb018,0.009750890428341225
ck_192579ecdca7ff83,0.011197160726708675
ck_b1496c474c4a3239,0.002289356028440444
ck_5e68ea2c5e893cf0,0.0506561970820713
ck_f2ecab85d4693b4e,0.017413423529922336
ck_89d7bfc81c3df597,0.007932670056951778
ck_7929284327667791,0.08689185065964473
ck_494ec63c5ce8e150,0.1302247036459779
ck_319b059bb2145586,0.07279930108462015
ck_ccb3767c239018c1,0.002412063283067868
ck_a1c7adfe26e09a8c,0.023485081190010124
ck_0e13c4f73818149b,0.01857133007195745
ck_c285a51ed6214f52,0.02541005723356298
ck_916784595f028226,0.3321320827070093
ck_6cd8e0196365c474,0.002140187742069494
ck_57b657aba4daffde,0.025549179022497794
ck_562c76a3753fc7da,0.7103065817404818
ck_66cfc1ebc9a513c8,0.006131809989235267
ck_0f38d4aed68d7d24,0.16190359897399995
ck_d8ddf5e99f7859e4,0.02015518698374087
ck_41bc3efa0fca700e,0.015142921598485121
ck_40799e129fcf42c5,0.10319292501624591
ck_786f079389126e44,0.014734408467113321
ck_bb4c6b713eb0b978,0.03734267632347845
ck_4f01f7eac0efaba5,0.00826340736158586
ck_47d29c01b20cf69f,0.01190642046330192
ck_bf15a1f8d67a30d3,0.013927375183464544
ck_bfecad7586f65e4d,0.01141685480709522
ck_fc9f16df35190eb4,0.189002785464846
ck_c09c914e416edd08,0.008194471131207718
ck_c54c5d8e4433b0f2,0.005706736499006853
ck_1694c28f44480e98,0.01314951717877281
ck_1dcaa3078dbb7571,0.0008976770211213451
ck_af559f990c640e41,0.007981147773976903
ck_9b436162039a77d0,0.017087072412552477
ck_79d62ef181bd0cd8,0.013298432323329052
ck_23caafc2cd34242c,0.008965710757632058
ck_ffe2aa26f597e552,0.010233803704540918
ck_e6ffd0754ac08661,0.002910459242866835
ck_beaacb4a783db21f,0.00380427461726986
ck_9863bff41d24ce9b,0.0077202319874792365
ck_323b9cc5c49f8ea0,0.137007645037442
ck_ab3de3d3e41c2082,0.00912008480629779
ck_35c93b2924900376,0.016541487831634775
ck_5a9d5f9901e37e31,0.014492795392595018
ck_782b0be796164335,0.00489145285830692
ck_11960b5f1c7a5e2c,0.01082853721029439
ck_9a66cb13a9884cc2,0.01074218989406961
ck_ba666a425930615a,0.0016127505823999293
ck_40140bef4db73741,0.003983304148470305
ck_e05e91cc180063d4,0.08010540611869428
ck_c7f6f45710bc050f,0.002165228171117752
ck_055fb9f2e1c8c934,0.032282804608084324
ck_58bb02d98e2b9cd5,0.021689669980864835
ck_d9f8efa6a7800f76,0.008328420267245692
ck_69691226c68fd50b,0.12197192696069946
ck_6f2f0396e5b1c538,0.991289500916894
ck_78bc3f1d0f35ea6c,0.009094536615101878
ck_2d5a6b6636a2596b,0.011462939919709947
ck_7878545739af0a73,0.0016594182341330083
ck_03c4fa4f3ed3512e,0.0016741827036744399
ck_1a9e51d092d62c84,0.8443775488178087
ck_9f3861940d8d873c,0.03299198196224404
ck_4684fdd61c6a0fac,0.015496065206690623
ck_715966f86d5c913d,0.0030629612418682155
ck_77f293d44b4a3d2e,0.017915862354923425
ck_24dae044dc05f849,0.01592949051001323
ck_00b9818e2064405e,0.04230114905675256
ck_c1c2cb49c3c1b0f5,0.12348153766176093
ck_bed50fc64fbbf8ec,0.005400023148317999
ck_4f6ed5ea5ab7c429,0.006934082733529252
ck_458531c22ec2f9b3,0.01848316409485318
ck_51c50c4c443df31a,0.7450557594909218
ck_732d45bd578dc39d,0.00514114913775846
ck_783fe5bc20cd02db,0.08465517667948261
ck_7f188aaa63d1d442,0.011750747085286804
ck_ef307a6aee38d1fe,0.8183736527887074
ck_e37196b20968b73c,0.018396733354724495
ck_4ef9de711c3d93b1,0.01454890087439325
ck_17946516d5df71d7,0.005750241825757668
ck_3534be0f4efd313c,0.005223475244297723
ck_29fbabf855cabdff,0.006599485259415365
ck_191673540d8486af,0.023339354244548177
ck_5f52728d777ff2c5,0.006894021013945796
ck_a045a19369016818,0.9980348996638223
ck_4eadbe7298b15e96,0.009122079144893365
ck_a3a0bd59729fe619,0.008404052589040985
ck_a1e77090b1c6ccf4,0.015683996838683597
ck_69ab9d4784eb77bd,0.01489804814306542
ck_baa47383ffd50f04,0.006560549973737128
ck_e35b2ed08b9e55a7,0.005099590350743681
ck_b6e3af0a5119d9a0,0.04128240506936659
ck_a7c1dabf3869772f,0.03226371720326521
ck_80b8fca67a14e0be,0.40194333076060446
ck_dd9c5f0c42878e67,0.002985017196052553
ck_41ef7967faf5ce82,0.0004115775393703998
ck_a93560aa348d6225,0.03549821763452844
ck_ffe91d6f0bd93fc6,0.017746498369904194
ck_fbf630c960194033,0.0189554672626361
ck_497ed60723283c0b,0.015202359816020304
ck_2a46b7ca55239413,0.04063873726325511
ck_1a4e5ace078dd782,0.016961081026048576
ck_616cc31910f5de50,0.004939935937319892
ck_0d65bc749eb42710,0.03446143786655773
ck_2408db62e4395ccd,0.031926460226042265
ck_5d7721930106dce8,0.01827272668306648
ck_e8a6acea22b20312,0.12527187604189763
ck_e2f792fae128b18e,0.06215846050470483
ck_e6d3ce445b86003f,0.004212699491011572
ck_263334d722ecbc97,0.9411977084799986
ck_8c5b29f6666d4874,0.04591528328708478
ck_7ea0bf310fc20c7b,0.6715821939603498
ck_54d463f7fd89ec3d,0.046669293339915326
ck_79e45040dbdd6447,0.02458225607860135
ck_60b4d59953505682,0.9033105011397448
ck_fb00dd5021642507,0.008237758138860905
ck_f409ff994a210601,0.03699194692665677
ck_2ca0020038bfec58,0.5231576769777573
ck_adf84b9df54c3d80,0.020511785774545616
ck_942dbf632591b65d,0.012264940449261312
ck_454a7e4d859a3409,0.0005312140968143311
ck_2139062d4569aa07,0.010968524465526023
ck_e949a0f4df0b3902,0.780103281314332
ck_bb113e3e6716ed65,0.040816885834846946
ck_6a28ea6ce69cb869,0.17992076565485285
ck_7df9910af2bba21b,0.002030138023301819
ck_78aa4b731cbfe251,0.07452089179774848
ck_5839f5cbd8165b1e,0.017287884576616692
ck_7158ad9e58769ffa,0.07258500312760231
ck_acee218cbe61df69,0.012633905857780006
ck_f8dc8473c2772729,0.01898806508478921
ck_f34c93a8173555b1,0.031729103619213495
ck_7cf301d075e4e709,0.009054925742761604
ck_b87e88ee5512ea17,0.002043815073168721
ck_bed0c020b10afa3b,0.008591409370480385
ck_ca10102961f99eb4,0.003816787275755486
ck_393287947b5c8d79,0.01812278732623166
ck_2fe6cac002142f67,0.08462321243517085
ck_79c7f0d29b1db1cd,0.02906829132042737
ck_c735b643d3cbf67b,0.004896436270796643
ck_ea4332c8fe48e2a3,0.0045910259770572375
ck_d39864119cdd460f,0.007303312782796577
ck_3b963d6be2773861,0.005705798791173747
ck_df39e3b8a9fd0bfd,0.7792555105468645
ck_6236a461dc0d11a3,0.00685412517099644
ck_475ebccca25e30d1,0.006868657409374867
ck_c10c8bcf5bcd516e,0.029121383661595716
ck_49ccc3716a564256,0.014399104629672142
ck_4e4f99102f6938cf,0.006789157344215256
ck_a97b481ade6f7972,0.043785662773223384
ck_3fa559c679751b3a,0.01069448472642536
ck_3eba1fd2c7acc4c0,0.32818152655965216
ck_18c179b4afc4fccc,0.014232299606381301
ck_cc1c0b93d05b7d20,0.03889485050686419
ck_742f7c28ddd019e8,0.06238119529706424
ck_04470bc93b8a0d71,0.012460401132524156
ck_6e8f8ef7a03cc6bf,0.01986786532705052
ck_eb1ddfc353b4da83,0.002889889879367568
ck_98831b57c7ca2e4f,0.004529896519049807
ck_a6c7b8d6e8596d4f,0.06591740929495207
ck_cd7d24e3b095e96e,0.07235752991350619
ck_3f5ae4673a9f858e,0.010484998256142707
ck_05f375fc8ae0afb0,0.01335551309645705
ck_1fc98436281ee39e,0.0019463609709065599
ck_6c48c58678f64bae,0.0032586696880651965
ck_8c95aeec6a4c75b0,0.005675899884264395
ck_364cde38958b7af3,0.24261678354166835
ck_85bf21aa1a00452f,0.002932724014237969
ck_796d3eaabc667c23,0.9923205676372648
ck_ac449ee0c315edde,0.0025800299067126357
ck_6f9fd15ac6b163de,0.003401689428551325
ck_4087065be2a45ad7,0.1745661721482393
ck_ecf006bbc78ee3eb,0.22850768729776655
ck_8ca808cc5a49cb5c,0.015977577956850147
ck_94b90ab8b2dfb50f,0.010867606750224038
ck_59fd11b3232de9dc,0.8885766811094703
ck_67f3794d93e2dd67,0.6636028224732605
ck_b7f5acf5df1bb13e,0.00767186252289163
ck_fb04ecbaebb774bd,0.012653925568522269
ck_68ef3e7301c621b7,0.018223402388619855
ck_41406cfa209b6bda,0.0030719609926335894
ck_b0f8f5408662337b,0.0013345564779608707
ck_0d2901bfe585c391,0.05572936885926333
ck_3398551e81dbf3db,0.01866297187779488
ck_61c3e3e277629646,0.015448222930564333
ck_2825e34dd3e7ea2a,0.008300919339571647
ck_20d7571ba830009d,0.009442778062385259
ck_c98b16f9a72a6568,0.0006056478946466421
ck_e7c8a9e4641eb9ed,0.0010052849539975443
ck_254a7c97c36dab8d,0.04931532163224885
ck_e98429675b46272b,0.003638685658343286
ck_c2fc0ac460786d02,0.04369077077817961
ck_fba15647b3a140d9,0.006513751279098931
ck_15ce50f2704227be,0.024703258870184628
ck_8c748aaa4a4554f9,0.013340787668914956
ck_e00e82a9419ff086,0.021897381626645656
ck_832341c98254bd84,0.01897484165466571
ck_27466468d06db4eb,0.02161664688854043
ck_9d7b9e3ff1f3e71e,0.005879225392852921
ck_42c6973d3a6fe983,0.0019894880385948385
ck_877c85bad118bc62,0.11053980953157913
ck_75d2a2715259c4d7,0.10670402210065386
ck_37d3e5c681a2214d,0.13407076704102325
ck_bf285dd49f372de4,0.024063756908268303
ck_a5bdd026fa9c50fd,0.006531087931958111
ck_88d9244a9cf7a77e,0.7843482199698841
ck_5881b174e49b04ee,0.0029622717590740166
ck_5b16d67c5ea89930,0.008915012053033125
ck_b75b936aafac56b9,0.015647460597657026
ck_aed2681e1646a0df,0.014712731686527787
ck_f63cb5e8cc702bad,0.018630848441551093
ck_1805fcfc4a9e4ffa,0.5363651631933306
ck_25c355da356c730d,0.02154827702686717
ck_70396398e4a96449,0.006898948765376935
ck_0f743bd13373748e,0.09175161336874565
ck_4b387765f0e916cd,0.001950908898482706
ck_e971faae8a10a260,0.0029335777075033733
ck_9eb08369e983abfa,0.0018557558558289868
ck_c30c5844512e429f,0.033930998005488086
ck_59e77e3a81f1fa0d,0.026530284635780204
ck_ca4465f2b5c1a52e,0.9931624365003053
ck_c89b9ca398402f1e,0.005830306274070631
ck_36e72ef9273e7a95,0.00523477897979396
ck_2bdd8616870e5e1c,0.001954320596366112
ck_216e87a41de22b5d,0.048979561650962185
ck_60f4fb44f5efe3a0,0.0038753436493726115
ck_05652e8ace6ce6cb,0.0026392449536389016
ck_8c136dc691e65695,0.0016615588844536044
ck_a08f8dfadbdca112,0.004879542628303622
ck_bda4041a3e90d860,0.026294643253183196
ck_15dd3ecaa8ce0245,0.9713540099925834
ck_3e3c64b3b7876ce6,0.033437931054901705
ck_46225858a38b2e57,0.0023113558703480247
ck_0cb9f54928f4feee,0.006928827096550336
ck_152671fbf8a9a78e,0.1466201663869277
ck_ee7a515e87d17d4e,0.016424976535649668
ck_f7276091bf513d22,0.0018342322797308117
ck_4f05daf1cf0d5755,0.001575768481117269
ck_83a69c4a5d55ef19,0.021461109673755127
ck_c50fed2a7c9198c0,0.01055466232570078
ck_70d19d5650ddc8f5,0.016799421500964945
ck_4b4d99e443618904,0.023344938377482975
ck_dca0b6ca93311ca2,0.05603003761907269
ck_b7431d4706461ec6,0.004774829856918643
ck_7b59d22cadef3b05,0.08126783671047962
ck_53428573abcd606f,0.016021567798006495
ck_f538ab6aecf2adfd,0.000835535949412818
ck_d321249fb065d2fa,0.11557813611655919
ck_72fdfc7e6d8e1436,0.0019947853326256976
ck_b52b99dad89ecdfb,0.010954186032321593
ck_d2d4282f9d256b3e,0.0036221446772883165
ck_c8f2a1dd8a6141a4,0.001662470015378988
ck_8d38747058d0aeea,0.9022497444855533
ck_3ac528caac74f563,0.01369291943424526
ck_8dbaaa00ad829ca9,0.005372190809607786
ck_7c38ec898f0fc21d,0.0018814683432757224
ck_8171ef803f5ff604,0.019258090833936967
ck_01a750db6fc1168a,0.043887045852766586
ck_ceb017baa26e98c8,0.06344267245581249
ck_e2c66c72cc0b0f78,0.04648619682467769
ck_8d9518f64b222416,0.010978423854938945
ck_804c5a1fa5753617,0.009969677178376346
ck_fca7cc9c42695453,0.005990326617671446
ck_3a632cdf2c19051b,0.02060902322754298
ck_b2b63ea65edf1dde,0.02153908128128206
ck_27b07021500ee841,0.011847696827988561
ck_9724718fe64c6557,0.9853081021586385
ck_2786cbc3e75ec034,0.5895584236736041
ck_d9c2622cb6df380b,0.004096451334870414
ck_ae1da8ee98e402a4,0.0036711317532046157
ck_62967b91504149f9,0.003180556066163431
ck_6b255bf68709109a,0.009106633302152577
ck_c55afc68421d85e2,0.008891985938775526
ck_7c7266f6ef2a8466,0.019536961948816295
ck_885cf685a9541190,0.37802835089584064
ck_1a4bb7d3d2ee3227,0.0801099824636871
ck_b4911c42f3bff740,0.0010217982037550475
ck_66f9f78d4c6a3edb,0.024904063071730237
ck_49bdba9ee1899dfe,0.03199788184899636
ck_79b235d51718435d,0.0401112840665349
ck_d840db8cfe2ef6f1,0.0014549369236298109
ck_610c7bcc1cd7ecb0,0.017592257901031628
ck_cf49b6544aff6c50,0.42843504146021316
ck_de05f97c3d40dd1b,0.013191242459972972
ck_0302f67d75973dce,0.004643962462103058
ck_54c2604c9ca6256b,0.021678787384355983
ck_a1c88c0568f142d0,0.26377175052437396
ck_5d72ff6cc2963d1a,0.004048742328329258
ck_0446920a1004c596,0.0026537192868627928
ck_71044c29ef071570,0.015163068497808957
ck_2122e9bb1afffef7,0.005589743917907285
ck_d1e3de178601d3c2,0.02016853538760456
ck_bec8324a3587ef04,0.0011788648918207242
ck_b616b6f45225f319,0.05254919210350248
ck_ce1e695884511479,0.033867526260910434
ck_a662b4bf900781e4,0.00119396643151944
ck_b5a84c5547378c10,0.002508945379128978
ck_f80af368cfc6cb7e,0.008128781871179866
ck_da3526ab6c5c884a,0.02172365397293163
ck_bd20be9a3392d79b,0.0119955487563689
ck_b8266dcd90cbfa62,0.0023302864494770498
ck_ac84b33304362c06,0.012460434177511975
ck_794d8935a895e33f,0.024661985347916457
ck_8fea7d915259f1be,0.0065886055781384355
ck_7a1519ad5ff45312,0.0019150683602167508
ck_9bf3ce30b65f75c7,0.09340290731747712
ck_5f864d72d1eead99,0.05694095534250637
ck_3c48e0cfc2a58041,0.3261503189660998
ck_d902183f80cc81fa,0.04427525522262868
ck_539cb0d117db8cd3,0.16682437128806693
ck_28f530aec8e77130,0.026432816754073118
ck_e7d903c50d353361,0.02280347505809918
ck_d288b77d1e227970,0.0352179451387937
ck_017208fcc01b5d40,0.005710371710372354
ck_7e3923d278a5106e,0.011766437888215166
ck_9700a00ff9e66216,0.014912626890753096
ck_5c36c78b7a4d138c,0.020133203739947182
ck_c457e9c9224b773d,0.034218149921042634
ck_1dfa91405d7e66bc,0.003321317285850935
ck_f1d8a2695a575e56,0.003304255912030378
ck_3b92a46daf8d00d2,0.008984913511543121
ck_aab23b5470469649,0.013242189298909681
ck_ecdd01a391610d99,0.005238850676005747
ck_abd3aa292f8edb4d,0.02698023364975551
ck_7fc9a0776e1339e3,0.009286457037425234
ck_c0389ebeb0e65cb8,0.0032180494937423566
ck_48d0fc4f6a2109fa,0.9944809273229013
ck_571dee4f3336c7ce,0.013987928911981862
ck_4cedf26628c84f26,0.024507014109476484
ck_63356762d24aab81,0.008062106545481246
ck_2c5bc11bb7ae5d2c,0.9135190900499843
ck_6d26a152f900fee8,0.0086286379243458
ck_c972b0e781efed3b,0.00929580465984421
ck_fa0ecbcf9a33d6ce,0.0018094710094966526
ck_fa3a766e49dc77ae,0.014019627949395633
ck_7baf1e55db0dc558,0.024842015971938275
ck_e8bc49e6494c1f37,0.0057394672720421655
ck_8ef1d05cc1e53e7e,0.022474472812861707
ck_cef2a485a77e0723,0.0024435731936124604
ck_228a583f23abff48,0.01025015137710632
ck_ac32c6e374782b27,0.02707511403622146
ck_b9485218cef413f0,0.017024885128746146
ck_7f15503048915d6f,0.006560544500056892
ck_b62f5144db15ad34,0.2141785684461766
ck_917d82c552f95a23,0.010953149872698577
ck_fb4797045077bc6d,0.0024590956075667236
ck_2cf8a44e041217de,0.07137103578596778
ck_b7dd681eb3d2ee38,0.006362524346436765
ck_e9e8cacd2fa35e79,0.01329983953012324
ck_342a79f91de5d1fa,0.08253677560315506
ck_2c91f62c05685ed7,0.011109849668684849
ck_e30cb64302939f38,0.03692695780927982
ck_d0e95b90ba86da10,0.00960152546550785
ck_1774faf414a5d49d,0.9569513617456684
ck_2401e8ff89e574fd,0.795873468601629
ck_0cd8802264e0a1ef,0.005033670568391305
ck_da84a0dfe947fd3c,0.0026651754314607444
ck_c8affb27ba7fb5db,0.04657926346127138
ck_bc7ece8787ca7200,0.007290310215191333
ck_469a0578d05990c2,0.003561022440458523
ck_eef67f8dea702338,0.03638439841504956
ck_4f490e379e9ded9a,0.005418933781457724
ck_354379de065a8ff8,0.01809104774604891
ck_5db1cb368bc41ac3,0.011147272900150646
ck_9b1c3742dd6fcb8b,0.031770023103832874
ck_63ce4f44c92d7143,0.05468390847426117
ck_e15e3390f5ed45f3,0.013457238809192345
ck_da645ea91d66aa6f,0.1240866757307257
ck_834ca727df855f07,0.052128823870214155
ck_e1d5ad20c737c745,0.11499285928481857
ck_ff8059ae5fa5f1ee,0.0005301051261100926
ck_8bb9e75393954a1f,0.002531364567186869
ck_4e1757d1347ab387,0.9973856322332842
ck_af3f74b1d75a5d95,0.013239275230616257
ck_6b1ab0742ff04c3e,0.07131555331575895
ck_f56073911c9f1ab7,0.0024226724096871417
ck_51bd5f69b4fe0b92,0.8600963869895418
ck_fc3d95030b81f416,0.0003641861848802462
ck_cf78169633a1600f,0.0019869471169177617
ck_ad7269eaa65c67f9,0.01307787041022857
ck_cc6d33890d47a6cf,0.024630173828465815
ck_bc8f31f4a2ffa1ae,0.0034699207920361437
ck_720776a46e56dfa8,0.008001193672249685
ck_e2d1f212f259539b,0.007528220044050167
ck_eaf6f7082c3db2bf,0.027243535985672022
ck_773efe58c6278c3c,0.019069687129161756
ck_c4a72c09f2fdacc4,0.006733951457251916
ck_8982888dd6611143,0.001340920931331319
ck_9d5049e195eda029,0.010029227412819976
ck_de58ef6f9fe2b546,0.01571405407701992
ck_c0b50c11e4f5adf7,0.016033660698070988
ck_ddaf228487858bb8,0.03462803075067018
ck_eb2323215ff70362,0.02962190965323327
ck_168c96a1a636ea15,0.018846115444078358
ck_9c46711b14d9eebc,0.001953457454644363
ck_de8af660806b97b5,0.0025978565952705485
ck_6ab83f45bf16eaa6,0.005424301104182804
ck_bf2228a052815840,0.005422508940062794
ck_3f943f20a9da9bff,0.05990690240201369
ck_3baae40454c00938,0.008569013124568287
ck_bc2e771a1d8d2dee,0.06413878447937975
ck_e55f5ca37f30ce8c,0.00570231678978198
ck_4ad5937bef176d89,0.003445055106613059
ck_126531a9126c17c4,0.004088751682652356
ck_7ec423cb56257516,0.007486442735223912
ck_54748ae0f2daaf10,0.011767272898148258
ck_ff24776280ceeeed,0.006263058562298387
ck_3c3a1a1365741bba,0.004019786202785455
ck_615277c8a4e2b18b,0.006689764534108159
ck_a96aaef34173aee6,0.5716531074975292
ck_bea56db7f3e930e8,0.00161503227273527
ck_ca491debd3b32a59,0.024295097386746498
ck_d9ea77f4114a389c,0.0031337503122050156
ck_322ffda3332d08a2,0.02441016511934658
ck_c40ffefe4e30b001,0.04860220513516558
ck_3b1d7648d4580bef,0.0039968651782385034
ck_23981a3261674131,0.013159819057141255
ck_11667f5b9fac7bc7,0.0011472400760573038
ck_646bb3c7be5f0817,0.005175258978615156
ck_ebd0a45712dcf07a,0.012071785486220517
ck_baf43bf1bd963f9f,0.011802670126422788
ck_e0ca2c819658f6b6,0.9867776824178377
ck_f0d6633d0834fff5,0.06727133127965998
ck_91081be0254878a5,0.015872829491689295
ck_1325000bc7f35b5e,0.0021660604724849006
ck_c624b9063400fa3a,0.1277513909920551
ck_0ad6fa0e23c3bd0a,0.07301532510811384
ck_6ddb55b1f23c6cb1,0.03265881516188572
ck_dce1fb3acd65562f,0.005592065110810135
ck_a9aa389688ee5aea,0.007271029232295735
ck_5c5284c45d9ad8bf,0.035487626160112785
ck_9ce743dd3e92549c,0.01708463204524872
ck_8342e08cc2f9bcb7,0.006235992235207265
ck_25e551a0a8d2fcc2,0.014911859839627393
ck_d4fd0e438c97e0c7,0.0423727955600769
ck_ac7fe1c344190c50,0.014327450677780825
ck_ddd65711b5651f89,0.003653570138504401
ck_ec7406cb5cbc8f10,0.00316453263227867
ck_1c65e8d5be3b9c60,0.23089740511007262
ck_38ee42f15a573e81,0.11900951703672653
ck_0e5385c70c6de025,0.0033939107849353693
ck_d3137f0f7629040b,0.005167364852162036
ck_9129c92c12e0c8b4,0.002685639655602103
ck_c86520a00e50a926,0.05848024060887179
ck_87f82b2b5fee757a,0.03771816134888566
ck_643abfbd7548d0c9,0.021138038451753445
ck_be51f4e5e6b85768,0.06944831205618474
ck_132c16312f37810f,0.0014453648479915786
ck_c78c096ca8cb33ac,0.0018600887881873246
ck_2ce5afbc014763b8,0.01679484222371791
ck_50ed8f4e7ae6710f,0.007662793446712975
ck_5a4eb535c9a11993,0.006091815804214425
ck_9b665ef46d785324,0.008119828471442726
ck_e066f71f8b296b7a,0.003969625386078146
ck_560bc6017870ab06,0.004547538816458363
ck_fd78f8a8663646d7,0.0020046184928837127
ck_4af5ec61ddbde1a4,0.01909835096752261
ck_c2ed04a9d218410b,0.004245905615579571
ck_2455d43bbdd2bb69,0.010241277416664548
ck_56eed7041add49a1,0.3205956906522321
ck_5f0be7b468a72333,0.003022630853774791
ck_19660cec756632ca,0.003903596426526224
ck_fb90408f4892a21f,0.01065481009320184
ck_833a65b86a5d9bda,0.0011290451878204013
ck_2ac36e1dff211d38,0.02715470156151578
ck_c00e70606904539a,0.0032725876064885395
ck_ba8affe4b9505a95,0.7986873446744127
ck_0c3dd22587b08018,0.01589394964621224
ck_618c4e5cfae99dcd,0.004469061699925263
ck_c9690baddfc4177e,0.00304836478059914
ck_59fae092fb0c4aa3,0.02114380206528118
ck_e03b7d0fa0b28f4b,0.002361647128631955
ck_d451d24c780b5884,0.015720853949565183
ck_e980d325b8dbb8dd,0.0021066808717409894
ck_cff18e2d8c520272,0.0028902602370166645
ck_a0e46b67e986ab56,0.011942814164828317
ck_3a469039a5b9d963,0.0035878434091130124
ck_12cbb211ebd2b437,0.01743769960061075
ck_b8cdd6d6dccc4554,0.0017725509427548045
ck_794ba5921cef50c9,0.0328219282434937
ck_2c7667f64edec2b5,0.012245881717044214
ck_7262b4e0c29c942d,0.012757890311729829
ck_5d818522cbfe2a54,0.052579428143470976
ck_de39c1947fb675ee,0.06077675707367556
ck_c021495606b4735e,0.004793572976873448
ck_1fc03ba33edd9e67,0.020286029767749913
ck_a6fe344bbf67f14b,0.008090835035447835
ck_963762210edc5694,0.015879681973005905
ck_d064428b7e7dc409,0.006849147189310269
ck_59be61b53d971611,0.02006543993356531
ck_ec8738ec663cd2eb,0.012585080681101705
ck_59d086fab5998646,0.012922244407554644
ck_bd32dd3b2cbb7888,0.9970296431333274
ck_ce0166addb93bbad,0.0013549730463433955
ck_7c0fdfbb447cdc04,0.008702355244916034
ck_cb1bd7635968ed8c,0.0635910206128687
ck_66f94903177f20eb,0.017933270440027533
ck_1d7cd5dcbcdafd7b,0.7292834111311425
ck_5e418a7c04437b4a,0.017460476266051593
ck_631ea1ae91ab333e,0.00843917903790296
ck_0a8029e79a5ae7ce,0.03491234590732262
ck_c4cca8278bdad9b9,0.001811803790612948
ck_4dec3df58077a257,0.22336647857093173
ck_609c249edd88c565,0.005584357119599337
ck_02e5f9cbbbf2f078,0.03864507664924759
ck_32e486859130458f,0.9706090972994321
ck_21ed2ea6386c5a07,0.0008375979884436723
ck_1242aa4496576a99,0.004149722663879341
ck_475ea9aa6d3898b7,0.02250155213099504
ck_fe1b1adae3be70a6,0.6766944356352165
ck_c5414d7a8031d4f5,0.006375711847316074
ck_ca1f6f01868e978f,0.07498586422147209
ck_5eff0208c74ec714,0.016317465943084048
ck_a315c9619a317609,0.016420167737472076
ck_2b87683c90acb852,0.021907460285469596
ck_7cd9f39c50748ed0,0.0048395322417689466
ck_16a06d58d71935bc,0.06652819550701165
ck_d116e0e7c19b878e,0.3868713944147295
ck_931510e384b1d0cb,0.007559864814312843
ck_e7651fb87bb24132,0.01122135724165721
ck_88ef9f85948e1a01,0.004258418147012763
ck_17bf38d51115a8f3,0.00037660370067291974
ck_2659d1d3762a2825,0.00517961497855657
ck_a7285955e2852686,0.009712776086823667
ck_f2c33d5b65b321db,0.023423875862565162
ck_83e5979334345622,0.006587935112365671
ck_629537d8b4d0f395,0.01794688547046217
ck_72022008a92c9386,0.016759051792065983
ck_2973b8274f0bf69b,0.022925351354035995
ck_565e3418d2f4061c,0.013596015898590795
ck_54bb53b8f8ea32ae,0.9896546169327609
ck_af0a6540ea7a36b2,0.016923309175404987
ck_888651bfc2c8cf70,0.004484400274790742
ck_1dedcb48ac381a1c,0.05775438523174784
ck_f73273e220296be8,0.013916230621563679
ck_8424bf65223a5a9e,0.008702361380017225
ck_337b930fd149a696,0.008218785690569773
ck_8a4952de8a123ef8,0.00780199661248491
ck_884168153c9c0c81,0.0012344164416340285
ck_fdda581aec411010,0.001597767692609764
ck_2b7cadbc8b180d32,0.5832215022875153
ck_8aa8b9968233a1ab,0.001818725609835422
ck_0af18b3ce015d294,0.0023556522640832854
ck_8dde670a735d1e90,0.039407841160113505
ck_62f46226f244139f,0.015879765836161113
ck_f948e8a8fdd79b4e,0.01062113307428161
ck_fa00aa0f3e859904,0.02039926367591841
ck_fc7935f784a4f249,0.0032227183371050664
ck_e7501307c0698e5b,0.01635861157621186
ck_549ed417f2834cee,0.025252237241321748
ck_fb2a35571ec719d4,0.27938236563836455
ck_25822068c86c856f,0.0018112900914384956
ck_8f35d229b62c8f23,0.007644646754560989
ck_bdcf049c1e7d0c95,0.003163636087962812
ck_0aa9db36eb16422a,0.003306326600197617
ck_42dcf92e9e016922,0.011485565082823604
ck_42341cf31c08c981,0.005894711096408713
ck_0b20bfc515ba42a2,0.01242364688758834
ck_0ec820b670d48098,0.0027109209451668588
ck_1f0bafec397da8e4,0.020722274448458748
ck_82f07504ab59ed33,0.0285408492908915
ck_337b24a474010abb,0.993407669106715
ck_703703bda38fdcf8,0.006803942667370956
ck_01e7960c63dca3a4,0.9641003614894311
ck_be5bd81e3715cb8f,0.9883508446224655
ck_197f8058cea1fbea,0.0008731633092458758
ck_eb3fb1106f2f1b21,0.017112763877007307
ck_658b4b54be09a4bc,0.9954598545627551
ck_266ce7ccf41ccc50,0.006239927704350643
ck_110608c3b03d4038,0.9153678729078899
ck_1be8cb95d6d9bbf8,0.001932583184808925
ck_8e16a64a776afa82,0.2535921690980708
ck_34bd190d37eda534,0.019975398762222103
ck_4f521611ae14ae66,0.0016615617629096903
ck_d839798f9520363e,0.014355049735620906
ck_d1bbfd246c0ac9d5,0.024861330521342487
ck_f19030e6e85a6776,0.027303799750112493
ck_cdabe60ab59f9d5a,0.005086855408587341
ck_bb84b2b30293f566,0.36892830358722745
ck_427b91925952cb40,0.028445462399902297
ck_1078b1e155b5b640,0.006457190324262157
ck_95fdc264eac72fa0,0.005043601553167444
ck_e35eb857c61548b2,0.9452472751695026
ck_69bd0b1abea7e1f0,0.07125068437681036
ck_59de511b20c842ba,0.021252297426402757
ck_168e7ea341a36b80,0.004707699421575127
ck_4937cfa6526ea138,0.01360629172554727
ck_bb1a981306b750ac,0.04891050404010376
ck_f42a43e4c3f34ccd,0.002126676504189628
ck_c7ae1d4b3ab38185,0.0038873595656941633
ck_bd23cf9bba1dd33f,0.06233865444493255
ck_0fd826fad7ec7cd6,0.012930215661033344
ck_f143641bf3dd0414,0.023895751426609952
ck_ad6d48c20a3688a7,0.001962613052178218
ck_7bda5b5b927b2905,0.044145889702552274
ck_a337eb38eefdcc88,0.03586280885400582
ck_403da2a2d800df9f,0.18507250320838586
ck_aa01d5aafde73d0a,0.001352301980234831
ck_494954023f0eb309,0.04486595502844829
ck_1c6820fc38135ad9,0.01662643954158969
ck_0e0bab173622db9b,0.02977523687685503
ck_547090bf35a3b243,0.011886927708994811
ck_d69455220b21dc9b,0.007335473317736122
ck_90b4ac695b9c6bf7,0.002420597800692375
ck_8d2afe17c0082e6a,0.019517796284891028
ck_926b81c0ba528eee,0.07423872647515603
ck_ce36b0c287bd198e,0.036867439053782855
ck_8026e017909aaa6c,0.007227465279818627
ck_dfba788f35d4c372,0.006658195328447946
ck_f09f9d0e0886e0c6,0.005633046054301613
ck_4ffe0366df388604,0.009324057643391878
ck_75bb521de55644c7,0.01956945677171918
ck_81a960fddf79ecf1,0.9902196895604661
ck_8f43459991ea511f,0.016296364615438506
ck_f878b68d66fbfd4b,0.0019224496587359234
ck_e84abfc0c747c9dd,0.9639365379275266
ck_3ad3fd3cceb56b66,0.8189133141137098
ck_7cf562578c7f158a,0.0017498733696921138
ck_f81a97d350397306,0.017421803722445974
ck_255d87b7fb40caa5,0.01659848660105443
ck_b3905153b9eee924,0.03196630232389853
ck_2c80a592fb4cd6a3,0.0015923287924436305
ck_57deb202d4188a29,0.006673638651881466
ck_e3cb5f31d8e94448,0.9943784954102405
ck_0db62d5f7f75f80f,0.013733103057070406
ck_ced9163ea85589ea,0.2130694074049144
ck_e16528edc694fb33,0.9928280187720928
ck_78cc5ec4940fec3b,0.07111966029863885
ck_31742076e9a998f8,0.015666326664752556
ck_5ac335f02280271e,0.023093826464504988
ck_7cc2e091806cfa5b,0.02719385079902326
ck_3152c7115257f084,0.006572755403921748
ck_ab1b9d019921bca7,0.010916725297527392
ck_c33a762d98f9b290,0.006438870202524258
ck_b16a7c51b6f7a6b1,0.16593638339907218
ck_97402a153348e68f,0.004766497692911018
ck_95391029a21caa24,0.03940167166425951
ck_c2015a1200971fe9,0.012467692590006366
ck_ed4427962c68918c,0.9738435938015048
ck_c5e4a17d3efb19a4,0.3902008914582949
ck_8aec3d3dd51517c2,0.02786273131022395
ck_f5178a658225d8e4,0.0008551887093816245
ck_8594f165e95316d2,0.0032101975154515926
ck_f0c4aac04076a6dc,0.011354437017508729
ck_ac2f7397801036ef,0.017194122952704855
ck_d1ea4bcc407c7d5e,0.01632390363353575
ck_cce8b6657a538fe0,0.010280063661970958
ck_66d0c6d6b67a8d58,0.0035453879956501067
ck_1a6b30320835e57e,0.016346902148523693
ck_8cd274cc85aa35d1,0.013532166445931958
ck_ada46085a78280e4,0.025455595336030895
ck_ce1b06623e4a815e,0.0032413406253971326
ck_45e70c8a9686580c,0.05687573102679883
ck_0084d8ab6b1044f3,0.0020452314463168626
ck_a5f7b6fed6df2aba,0.03510040604893296
ck_94940d783e7988e6,0.006473856970263664
ck_00f9ca84d1d8ae7a,0.0016202446757644438
ck_0deb56f3f6452818,0.008891370801749746
ck_a58e900469dfc3f0,0.014962467927588326
ck_028c41b195280980,0.010547346380139206
ck_7661d7ceaeb19f97,0.022579590507253985
ck_6957905a65c47879,0.013542509311052725
ck_f7c6c26ef3c4ae06,0.01538772964659704
ck_8777beb11aabd66d,0.008073911010175183
ck_7db098a17374bbf8,0.9323801425277739
ck_66aeb00e44486cda,0.5542297362312187
ck_838c52cc1d315ec3,0.036440029189644986
ck_1745847cd4e5dc83,0.0055672752249549635
ck_201687857ec8b3cc,0.028587524883884673
ck_81818169208a8cda,0.006850057976185776
ck_3303fd3f64632c7c,0.02976351393551658
ck_edf1096809e83ef8,0.0014914381400018802
ck_235ce9603c7dccbf,0.030374314112916377
ck_9df7e153868bca13,0.005538968435801446
ck_3cfeade2cf270fee,0.01496838943125569
ck_982b0bf2e2b6c4f7,0.0025458704944348377
ck_faeb0da678bb86c0,0.001964505503338966
ck_e86ad2fe815b6ed9,0.017201196260333174
ck_70d69e5d1bb99e85,0.016381751164592718
ck_7e9a8924eab779e6,0.9429625824659662
ck_019d5891103e7da3,0.007041593227109362
ck_14f0484b3817eda5,0.026926867334818094
ck_85de63d278f0fbae,0.0008325883729299745
ck_ae91b4cff57fb3bf,0.010599226883129328
ck_2a6d43b9f883b78e,0.8012356331503894
ck_7a4e3d553e8ab5b7,0.11474380061090322
ck_fdf89dc69f700f84,0.026354328932857562
ck_f92e04024bf13558,0.0017771959359233413
ck_4a522ca2dc4831a0,0.0006240257393908035
ck_68ba25dc3385fea1,0.03258358527484831
ck_22128a4f0d033422,0.015334313374527533
ck_5b52ee0a13c71590,0.006403450155386841
ck_59472d17debedafc,0.015417998959878585
ck_9dde2c63acda3ba3,0.009140571902440638
ck_7510b1023cd08531,0.011615488754179839
ck_071ddaaf2e4e3671,0.00869724941451
ck_1355db6f4010232a,0.01327691053584592
ck_0a7adc2f27f98510,0.11363918216745313
ck_68250033717cd59e,0.004258215384426282
ck_7c12de74de30b788,0.4728240190049001
ck_65491367584c730c,0.016009869938149096
ck_e9047964952bee70,0.02601950291605249
ck_5567779d6ba184eb,0.011392286149885564
ck_d6ea026357ec6477,0.004648029054787791
ck_cd7dcc884e283746,0.026045857346511443
ck_0bd77fea8ed75a15,0.006282241757934419
ck_e80883208e8d0453,0.01742760980564201
ck_2ad0ecbacd5acf8e,0.9813781327853909
ck_6c1dbee7e8fdd5c8,0.009685894574596392
ck_ee4d9a7449515908,0.0032459094165452796
ck_636111f7f030496c,0.0056002231951602244
ck_2c629c657f73941f,0.01601061769844088
ck_c1c9d3842d758420,0.09596952324072906
ck_e4df7faacdfe8c40,0.018732403292460433
ck_94e8142728e44380,0.02215355677349973
ck_765aaf42c5088545,0.008097732403374833
ck_e0f845159b6e6a4a,0.01628781169805467
ck_5bc07deb82edbad7,0.002192472071487876
ck_713159c5c6a7a4d0,0.9983728732127306
ck_b08afc91d9ca55db,0.008779319303969023
ck_a7bc323ffed2ea97,0.2931911289547453
ck_85ca825f905a34a1,0.018968702789402603
ck_33160c443d4b3f19,0.010792405847414954
ck_832d39c590a3ca75,0.936288448552005
ck_7d1661a34164406e,0.9673848190554367
ck_c2466fc40fc9d5ed,0.9927265332580182
ck_ed0e776c0926ce67,0.04343934056036307
ck_cdd2ebeec75bfa69,0.66468664569694
ck_d7877684c7923ec3,0.006753067423172033
ck_7384d4d2406aabf4,0.006834757543530476
ck_b8e5244e650aa81b,0.010025039171945974
ck_25a1ea40b2d59254,0.002147640753938869
ck_b9e5b318ee4de68d,0.005258884992087103
ck_620d7ae27af83cea,0.015584916131079643
ck_40b4e264d1a12b83,0.963199681591993
ck_b694c803b62862b3,0.022649668401981835
ck_cbeca201dbade3e5,0.01063711046092933
ck_f9b439c9161c3e52,0.0016781231357303058
ck_9880410fcd10a28e,0.008730202087837499
ck_74928f5f91aa12b2,0.03756733652188262
ck_b6673bbe61d2680d,0.02900625983659088
ck_53c8315b5c30acb4,0.007125458835777888
ck_78f01d78ea79642f,0.05765537685783721
ck_8582490d6e365a63,0.012343238639478287
ck_af25c72d16299258,0.0037009262732446736
ck_7905fe8e257b0449,0.26148905452491095
ck_0d16d9349e4a9e08,0.005773340071643512
ck_31b16b8848584e98,0.02182426672471512
ck_67207e3eecc02d76,0.06047872943894709
ck_e6b95ff91116a592,0.005134624208653996
ck_c08f622bcd6de6e7,0.035548887324697645
ck_f9a68da9e0f0bc85,0.005427899056888161
ck_4072b59388976896,0.00871427014582409
ck_8ec86e853ad52828,0.06988981847560069
ck_4fecb87eaffd5cb5,0.0025559952277126674
ck_d6880578428b965e,0.0747159475230315
ck_bfc82b3c1c9f2897,0.8619032609306827
ck_c340644176ca03e7,0.02757009838473217
ck_321e740066fb05c3,0.6270197626224414
ck_8929d2eb09872052,0.0601510442732342
ck_205c107cec528414,0.8375817690597078
ck_e76db7d2562f9836,0.015558335769088792
ck_9ede51c8434cff6e,0.020451949407060487
ck_492e4b89c61b7b6c,0.013434456819273674
ck_9385f5a1eeebefcd,0.02383927814572027
ck_ee52c7bf88f952ab,0.007270289172784328
ck_d8116c34302021d7,0.00145953655796005
ck_01645ea51972e99a,0.032427066958407365
ck_7b45ed23304a854b,0.019626891102428413
ck_2096d32f3d497ea1,0.18652496733546836
ck_dfbb2056f1ef7d3b,0.007786518789657613
ck_938ce30c864bc7df,0.0022447883168652595
ck_ff30dda2c881a4bd,0.2881617716515663
ck_f88c79186a082beb,0.03364484902540211
ck_08c7bb0f9851cb76,0.05723917934895043
ck_2675e7a008e584a7,0.1634277256227774
ck_cbaf8a954281d4e3,0.9425441744041636
ck_8b24eadf6c72b30c,0.5173074221784721
ck_ffc8e3c1377d0706,0.0060250616453677045
ck_5b59e859bed5b40e,0.008184768224704585
ck_7b61717f172f9317,0.9716631973999512
ck_e5c30947b732f661,0.0335320845736541
ck_bc273f3ce79f7e1a,0.0056165026603469245
ck_f69e93388b3028cb,0.029734483106836792
ck_3837ad850996ba60,0.026598710011079534
ck_36d78ff3bc033ee5,0.016097793192824825
ck_5e20953547ba4135,0.058553396331996285
ck_258d661e450ac870,0.009089144190492457
ck_1df66f537496ca59,0.02396677778804863
ck_361f535599110201,0.005359465966143894
ck_337e98c69f6e7886,0.014565084852824267
ck_d3d5b2717cfc3913,0.02142874935687264
ck_b1dba768dbe7affe,0.018673529470530272
ck_92d782bd9ce0d1e3,0.029163969360937875
ck_26bd0f8898afc8ba,0.003069170316613338
ck_7916e53daab36745,0.1616873563202457
ck_2caf553b31831a50,0.0029170480683280396
ck_c6200734c7f9b2f9,0.9818319081267637
ck_cdc55623cb16e6a9,0.0021644984567846253
ck_57849e15b61c43b4,0.003933672615026535
ck_b7af9b2ee0eebbc6,0.009065488078391443
ck_00aa5fc3b3bc66aa,0.03154647224501409
ck_9929723f65636c7f,0.988042301925429
ck_8f6cce9f69912983,0.008722013388715377
ck_c422ba389ff00781,0.0014339418735080408
ck_9ec7f334604a228f,0.01490469246200783
ck_5d01200ba3341462,0.011259257006917607
ck_2bf10be403849c9a,0.012342950130361153
ck_6ca018259f70858f,0.006728960808986682
ck_a54dc042ebb7c766,0.43469795602339617
ck_79da63fc100830b5,0.012165684644681441
ck_67ab6f9e05c85085,0.034890376766575325
ck_fa80da579ea9afc0,0.008847417654042844
ck_4339f86c87289222,0.9294333156299766
ck_a2299b4f530be0d6,0.09005968582756846
ck_19db0bf788697c2b,0.01644919685335165
ck_fa4211c4d826d830,0.0018888948508850552
ck_96100d5e8e051e91,0.007430098173881811
ck_5c3a671883d58b3f,0.0008163509155126823
ck_2d9524787cfe1ab3,0.8745607471839325
ck_47ab8e51e5b3a2d8,0.0078062907848449395
ck_c924f36bc1bbbaa3,0.008552634804293595
ck_5c58e7f8fd55e26c,0.007316057530322991
ck_a07e7409d6d5aa06,0.012109875571027344
ck_c8413898f5f7cb7d,0.040828364222652645
ck_577c816b41cab002,0.9776267615465228
ck_9f7807ed64cdb728,0.018734399879518204
ck_495d814d6d6d521e,0.0010681995414542702
ck_7aa8bc018c2b003b,0.00599694140003768
ck_7c3a6a82f3c3241d,0.0126028919113426
ck_487f7fbc290e4ae2,0.004707853520379726
ck_e556c4d36aadbe03,0.0020416816195556243
ck_7e6569a1b2455cb0,0.0011988427522525245
ck_de2924955926d046,0.026968314397419785
ck_73d60b4630e3937a,0.006773905335675731
ck_805ee564bd35ef15,0.012006765438977272
ck_0d40961e47797027,0.003013740378231358
ck_f06d00a4f9c87d80,0.0034213744151483805
ck_5ef50fb07b6737d5,0.007693058638380059
ck_16541fc15683e21c,0.011145054887902966
ck_09fd43f1b7e2eca2,0.0038596656549271607
ck_2a2c336a69b8d68d,0.056381426242299644
ck_2685f38930866af0,0.02181059857720867
ck_298278a9da874437,0.012076529682663354
ck_00bd7803f2530c68,0.02099812701446889
ck_c2b4a1d8c0b6c1cd,0.0007896135847651384
ck_2acb54ca20c3af6c,0.02159457289816977
ck_e3d4b6f681c783ab,0.0481074166183592
ck_f90293f1eba5d7b6,0.038707972012821536
ck_e69d27e8965df0be,0.0012151628662051678
ck_b7f5d10b427346ad,0.004800914587844132
ck_1ce20e4223a936b1,0.012834594626899575
ck_6b97d1ab90f6bdeb,0.04643532816074877
ck_e30e17db5473c7b2,0.008177432189862447
ck_154c8efb19dee665,0.006666971502189839
ck_6f5bb0c930644cae,0.9978963665749394
ck_9e17699baa83d173,0.006896137446290477
ck_9693b1eb70880205,0.017126974798348352
ck_1e97899875bb427b,0.00429393441214955
ck_558a82590f65df69,0.0007315892986961422
ck_18df83242ff3cdbb,0.6902609658647706
ck_80ad4396e1084c68,0.06853780122764153
ck_0a993bc947bab61f,0.03691770028137858
ck_5c2d43ff841632f9,0.011672942190497321
ck_6e4b99fb9725d9fa,0.028142743188951262
ck_e0983999ca26c19e,0.032916425565774614
ck_6573c4947cc8607e,0.3685896555292937
ck_d879d645d6e44207,0.027929767470323337
ck_1375ad9f10688e4a,0.00781910157413318
ck_7501ebbf4e21f160,0.004452967751119353
ck_ca60d61cd4dc3bea,0.003348364806137854
ck_ab9ea095a5c58b4b,0.00882642003816866
ck_23756522b58df5d8,0.002415953005949445
ck_90bc176c43d85fd5,0.20676240443009275
ck_908b663b2dda94ad,0.04339328957771161
ck_4df2fb8e4b649e27,0.0026737170075722245
ck_5615c6bbdef05291,0.09798532309029527
ck_b62f3e3185251f71,0.002113895616479329
ck_38d1a22850178f33,0.001617914777834542
ck_5b3ba20c8bb1383b,0.013742186833063505
ck_5576ffc6aaf6f22c,0.00044909738292766546
ck_cf7a022178165e56,0.002272087026716885
ck_f2c7a4c50e2ede96,0.015081281931822225
ck_285719c77eadf915,0.0013149572916011073
ck_f2aa1b677619ab19,0.010626100551443562
ck_3830c58d841e9e69,0.7141553058643748
ck_32eba3510c8eac5e,0.008827945835171888
ck_8955d7b9030d5eb5,0.00847312252373379
ck_6775e387dace7525,0.03686732353171265
ck_0a0cd7f4be606a93,0.05113488887591396
ck_a9f700eee5d638df,0.009411715281586719
ck_3d7db96995745472,0.012161646145732414
ck_aeed557007d52e9c,0.0029545510207691383
ck_79b6a86830156b5a,0.013418110208247885
ck_6a1ff9d69466181c,0.9983324793295638
ck_f11b1565f986f5e3,0.008532956752758208
ck_4819327a78615485,0.024053267963793982
ck_3ed9e081959b2f5c,0.0041615662709216196
ck_16af4be191c47d3d,0.0019777422293984375
ck_25122cc0e8b1a662,0.03430742468458473
ck_509c22828d467ba3,0.017457941585592437
ck_31109c899336348d,0.2650637812981998
ck_c51131e53baa59c7,0.0020550874078088207
ck_cf8ecabbc61d3e11,0.006866994492274148
ck_eb6baff0f85ba936,0.015859242542612614
ck_777669e2243204f2,0.8047029256234108
ck_ac0ea27e692acdc9,0.0214502568521518
ck_4c6ea04ce8ca9e2c,0.009158652098808357
ck_ca54b32fca7e94cd,0.0033161272230694877
ck_4dfd8947f540eb24,0.008289515554061324
ck_95aff1fe27fb24bb,0.03751455046152296
ck_c7550723b90e5615,0.0076265295465195995
ck_57b3fee69bdf85e8,0.0032634133214181466
ck_f823407ace7ff064,0.11294381767321879
ck_a69084a068bcc8aa,0.03816287894399907
ck_c7b17f7b24bef5d7,0.01992321282339118
ck_7c4e588f927c27c8,0.010836659013378736
ck_77fdac602d0c6f95,0.037631647853451716
ck_e963d8525018d072,0.017978981774252258
ck_6e8ebaea8f7bffaf,0.002276760306011992
ck_aa42976a31cb7770,0.0016025994295973183
ck_22c862a496008c96,0.9953845780035689
ck_527550dd15f38782,0.016897087431547463
ck_b3ab3c210e2c7c19,0.06222455456231461
ck_ed9c56fdb9f45ddc,0.2114978125362384
ck_b53281da70defcfa,0.016945900567915905
ck_03009b721568ee98,0.046951670817908554
ck_3d9afd862b3f4053,0.15183336863483982
ck_ad3c4be96599554a,0.012241717262466553
ck_d1c787c27d50af49,0.05320177734645532
ck_c7a9c7b2eef46a99,0.009580501997890721
ck_53036d3c6c74446c,0.12563660565962323
ck_1b1efbd9c0964c8d,0.019747365032242212
ck_d66f42a269d5c1ed,0.014008781721169662
ck_fefc49a2b8ad993e,0.011589751537215344
ck_8b3b874249adece9,0.03408275350944271
ck_193d9c87ad3f1dad,0.001995554923794868
ck_0c6a50d747593b7b,0.026900725534824307
ck_c830f3830875b47a,0.014463235521722422
ck_79e202f06d8dfe42,0.021131990836296133
ck_5c0fe988b8aa7fcb,0.12677463398968383
ck_a8382d8345f21e1e,0.006018295168774632
ck_8cb20053914692d0,0.014867477072403415
ck_1da2f69023ca4c13,0.006779099638702731
ck_38abb60995114f8f,0.030487301208046144
ck_f5791fd8fd8fd191,0.03025718412904164
ck_a4e6fc391b674335,0.24544988913437069
ck_bd771efb4a7e15d0,0.0454277376638161
ck_38ba4a6b6a292054,0.04803953621266102
ck_f7a07283345a0dce,0.005256996283688095
ck_87dc484baaf5a23a,0.0012209911362560156
ck_c84ef83489badbfd,0.02273890737220272
ck_a397cd64ec5d644b,0.00578653719950263
ck_7977135c2ff61e92,0.004074053647024888
ck_52174855b243a8b0,0.020205842787573355
ck_0f35e930d0614613,0.9957758485633542
ck_b170a7db522a0d6f,0.016607834393198365
ck_7af748a23775bd54,0.03844090672458011
ck_52f641c9ee6fda70,0.002272619176485349
ck_c3719a30414bbb4d,0.015783242381131216
ck_2baf214ad6bc0dbf,0.03690121066470047
ck_8b39d8aacfdd72b4,0.010362921592980074
ck_d39b0152116203be,0.013740599372038913
ck_ed33f8a937f9c7c8,0.010068516240031198
ck_8ef97b55a5fd6ec9,0.0011932232776379744
ck_8247f008a14bd1a2,0.0034055503090849966
ck_f0d349d68249d5db,0.001477480551615576
ck_a544e766540861fc,0.0204834878686969
ck_9dfaca4c7c80b10d,0.045949470469257576
ck_7e5401c362b2216a,0.0011331046367657163
ck_64ff60c073fdb6db,0.012264746908001563
ck_fc5ea49518e5d637,0.0035047704906903533
ck_580f136ced341298,0.0031072832617243655
ck_9cbef9bc95449dca,0.009371866881570063
ck_e475a3b8ba870a7e,0.0035754524758245137
ck_97e94708bcf43563,0.016606727909390304
ck_13f03ec785cbdae1,0.0011460680085298857
ck_152820d8817f478c,0.006811113303979944
ck_d20d4ba60eec9945,0.009390843705393065
ck_5c45968a805132e0,0.016249694203030327
ck_bebea2cf3063fb24,0.007740255592624617
ck_c3c69aefe7ea1d2f,0.036222209273025975
ck_02028b72f26fe855,0.013988882148246623
ck_dfadff70a58a9133,0.0020460310882892564
ck_6482ed4491bedcaf,0.0066448514359669945
ck_754cd7b4a5ae3f94,0.01354579470991837
ck_3132857aec8485bc,0.0007426077257289658
ck_7ce4ca91b8f9f1c1,0.014085581271041099
ck_41938582f4351772,0.003348853962997285
ck_f87d66946252476c,0.05956069751427303
ck_8053f1879a9b4e43,0.0024389629805615827
ck_93892e91387f5103,0.012989978552822145
ck_15254db133b28371,0.2250294324174195
ck_d557b9feb241b3ec,0.005140445100171435
ck_71c3a8e4c12c989f,0.009362515577426537
ck_80e3041811033443,0.011396341885119126
ck_3380d60067b4634b,0.0023811185845277584
ck_a9c2cdc758df8510,0.037867782037314494
ck_3c0031d7514da17b,0.026074775619572044
ck_18d214b1418be39d,0.004966972466150174
ck_7ce768407fd48321,0.022714682368733603
ck_7a50abd42298133b,0.0115082064962395
ck_2db10f987d137582,0.024752553022647207
ck_e077d004cd1d80ae,0.007990016007715652
ck_1cb6dc67f9a321b5,0.07172856067005379
ck_b864f64101149c35,0.8295030716701629
ck_9bedf54df9418e4a,0.001990006792637785
ck_c47e32c47f0e6578,0.34307701130874135
ck_71f382d5e338daa3,0.010639556406737739
ck_14b4bf7be6ac2b61,0.0360384334457018
ck_5c87eea1cc07cc92,0.011071619601259313
ck_5f445182829ef342,0.01422675131381489
ck_a5d7311291caaa54,0.059942993801064215
ck_b7df99aecef385e6,0.030819252230388755
ck_3327a0582407068b,0.09495624699423542
ck_08dba09fd7dab896,0.017248869844980145
ck_f4ec334be5266378,0.0053949269566769915
ck_240f7f894c5a86e7,0.003892647198817465
ck_a9d994554fc14a02,0.0007127404031534499
ck_13648cbd306eee6d,0.008858953288149316
ck_601edf9105b3c321,0.9951239407155781
ck_9527adac182abe57,0.8868679303354153
ck_4e0e80f5cc271bf7,0.0010735279057181545
ck_96a89e720176b389,0.0589301283698762
ck_63560eec94b76d2f,0.010589360927246775
ck_c9c99e5b19aeced8,0.0019060295029138016
ck_bc32655ee5ed643e,0.02028799598749983
ck_edccb5a93b741744,0.005535280162558009
ck_f786cbc987b70930,0.00107871468836272
ck_0e8f26536ccc8947,0.017188137792125448
ck_b87ef4b98cfcec4c,0.023133215175855967
ck_1a9235812de4b2c1,0.014261301500328656
ck_d1ed88ea4211ba4d,0.0009796617531892752
ck_a4ddac49657a4450,0.015282506151520514
ck_d9ffca35188e49d8,0.00817488761491866
ck_3db73bbe03c3d240,0.0014276762192369512
ck_fffa0622344a36ab,0.0013375438047228969
ck_148c28df51bba5e9,0.9934233129493343
ck_076cbc25c8f15fc3,0.9803176403438855
ck_e5ca550b39ed45bf,0.924161119694281
ck_8dacf3a2061ca17d,0.02919781164937305
ck_2d7394afd61643d0,0.004216931212368566
ck_e42206e91f6a1752,0.0033757518699134965
ck_2f4f94827984c426,0.0029619937889166386
ck_edfe8e90e8f4366e,0.005005917648131183
ck_646b15f753e5e9c6,0.01603751724841063
ck_66600620149c8799,0.003700527276921332
ck_4ff6fc70bccfba96,0.6529794769171892
ck_41af3729590c2484,0.01406942596575895
ck_920a48ba8c583e96,0.004052088856549389
ck_0253b3e7be021306,0.0022658614932688313
ck_2ae6949246ea2648,0.025864598401698607
ck_db23a5100f338d72,0.025697824487276203
ck_fcb2a559474c3493,0.018414129984878624
ck_0a4d7acd2a53cbbd,0.0024039364108535376
ck_c5d62b2b7a6f3bac,0.9773074001636423
ck_cf59f4fc0ea690b2,0.003658934932671588
ck_837be8126bb19250,0.001362984980795068
ck_58955542edee1adc,0.0035308200573166333
ck_1b93381d8eea58d1,0.008901247666407241
ck_97b8e05d62abdc14,0.02965852359738528
ck_71a0d645744302a3,0.005482934497067835
ck_a7b57882ab66b111,0.00219180638695488
ck_65f76421be648549,0.009736731993576296
ck_b53ea8713d32ca7c,0.0284097810449681
ck_991c4c924a1d85ff,0.9845410396118215
ck_8432ccec1a4ec7fd,0.9912309134093521
ck_64c1633297f43788,0.0031617800624310875
ck_4291fd9c1161d8e1,0.011458203181581604
ck_5e98ed6391d9f429,0.02351876397592825
ck_c7baebe4549fdbb4,0.035813656505667625
ck_6e67225ba59fa5ae,0.01822185213201275
ck_719602def4d35fe0,0.011684974911347207
ck_bdee7c86f5ebe81f,0.017703266093106216
ck_8de38f8c7f91961f,0.061107100419274786
ck_b0b5bf9254700402,0.004863015052650036
ck_7b55d9bb1a250d4f,0.025360354332786238
ck_3954b7b0fd1d6614,0.00020882372208212035
ck_f29471fe7c818d6a,0.003576232923804482
ck_9e65a8a2f587691a,0.010164660883003981
ck_eaec5f1a83b66eb0,0.07498950527745202
ck_004fe0daecbe2c1a,0.0053254277757700435
ck_d17653a4a2d4a79e,0.007158985087540819
ck_0dd417fcbf19e424,0.013242553675266723
ck_4c99a6eadea143e2,0.15651336711505867
ck_74d602c907ee9119,0.0032655400522952935
ck_1aa87cb62acc0ac6,0.009463765303005052
ck_094974d75e29fb2f,0.06596660616318428
ck_5ef935ac3d4d3332,0.02222505745096481
ck_b26e4ae47c9107ed,0.8270668732010173
ck_396cea6f95186ad2,0.014121523293884733
ck_48446a9e8184c7d4,0.0017908157206820777
ck_31e1ede23247d56b,0.10287057581988969
ck_7afefa349b960a3e,0.010967339282297664
ck_f5e02a3432571b20,0.10118874929435634
ck_64eefec062592c43,0.015034110308813001
ck_a1201284122c141f,0.023864958441989294
ck_1b34c420a4c85a95,0.00833084802581443
ck_d637a011332ba67a,0.006540909347675041
ck_99c0004d8b7079f8,0.0010145381001599053
ck_948517bad569b40f,0.02594876785772606
ck_a28d6b1601b472a6,0.021013041770358162
ck_a0b4209feb31f5c0,0.9985813614070401
ck_d6d2c1f6dfc455b6,0.34176917871028495
ck_3f9e6d356d3dd3cf,0.0023998709337868995
ck_d08e00c842b75176,0.004026968653945828
ck_bfdd232a7c5f2660,0.015957325495766714
ck_2cdad03ed069438c,0.010298530848709266
ck_42317c3eabd0a285,0.01492547624096586
ck_3eb73e56751c704d,0.009413007266801504
ck_ef33c04f4c9e3758,0.016998936807063086
ck_1dc23dc870f1773d,0.006319482719403863
ck_76091f357974a152,0.01564886008717883
ck_4d9eb75e8eee90fd,0.015282689421063027
ck_578f67e69e5d2cfd,0.002437197471253095
ck_3a8ce1cc724229b8,0.0010311306105915345
ck_a96887f841e80fc1,0.011929170699208746
ck_d2d4a8f4a9f2c33f,0.006444483435747394
ck_11f85bc705dbe036,0.07100209807130879
ck_7429b3f87528e335,0.003818584390206051
ck_26df74feac7ec51d,0.01166373649754734
ck_c78b2638fadd91ab,0.009795357708191264
ck_7eaad325abe3b50c,0.0014535789779077006
ck_fd44e34af620e606,0.01689463949326934
ck_f99738dff854e25f,0.0011672993165086551
ck_1ffbce3a239bb264,0.004378632004860188
ck_96c7d52ba0a766ef,0.07375702296042123
ck_cb1c00c300af3f9e,0.021106496813466637
ck_ec3d12848ced99f2,0.003647408290960352
ck_26cfd7c3c6c7bf69,0.01001321639115887
ck_7ae86b5a885affc3,0.06536515481879256
ck_3edaa94d28cd48ea,0.006817023550062875
ck_3209c530c9812e39,0.00859829242876678
ck_ea62ebfc1f04b49a,0.0061979237386170834
ck_5fc90b4668ea81bf,0.012708858664138154
ck_95654593cdebd141,0.0035982511673687254
ck_958c0bd61820147f,0.029876719838262688
ck_8440ef1386c07194,0.004320413517034832
ck_8cd1b68dd74b1375,0.08084152365719091
ck_c9eb4df91ff07f2c,0.035559038315699065
ck_c29489366c01fe65,0.9942550549741417
ck_c965fd6bec0f0ecd,0.01781794129506669
ck_84c402b23766e1f2,0.03806049339330143
ck_181f3dae03b87136,0.019309641216778594
ck_022a8ae79eb28cf6,0.9848968278236977
ck_469c17407d17b706,0.021078425044580188
ck_1fcc5843f39148a9,0.005374843479772536
ck_5debd55f361b2ddf,0.0022017848941120266
ck_28cb9b03e89263f1,0.003521490094439554
ck_f067470743d3c7a2,0.022982837436700026
ck_d5d225ce41a1a762,0.01824197013638579
ck_15b4840922195ffd,0.0165221486230807
ck_6bcfa37c717f19f1,0.024474867322989747
ck_8d501a0386c66be8,0.13371143731031107
ck_1a9d6190c57ea7e2,0.3424575255970024
ck_c49832eabdac5bb7,0.0033414260147865723
ck_b4331140b2e0d4aa,0.003269390415894136
ck_5efbea1befdefe1b,0.1692892562864151
ck_72ff52c4824072ce,0.012095388084717268
ck_ec3715add8bbb6e9,0.0011079312507519014
ck_9822f8ed05335741,0.011908978830591247
ck_c3d7d3d12a1981a3,0.006840572344620025
ck_a115a7919ac5875a,0.017599926564379018
ck_4dd4ed23e0b927b7,0.20733067798814
ck_4c76efcc1ee6762d,0.0066165210081987145
ck_3ad6e7bf452c9b21,0.008702736582977889
ck_dcbab304b55a42c7,0.014738369662986016
ck_24b53090faf722cf,0.0059103105529862915
ck_187317383400491d,0.0022060056166522267
ck_e07fd57565c94c28,0.03293789064488522
ck_740e760fdcd27835,0.0035153328829245754
ck_d3796aebda1cfed5,0.8632292359513363
ck_e541967c681cb929,0.010876213978382964
ck_431118050b834dcb,0.00211282067722164
ck_90f3655f0c8a0074,0.0007623710406777633
ck_13cd943777651aac,0.014547291914055195
ck_66accecabf3901c0,0.02038991851508823
ck_937f0da2306b2eb9,0.007393335227693919
ck_105b0c93573fd5b7,0.058275942914293395
ck_00480407160e0743,0.0058810236612276455
ck_e032068be7b77d15,0.01770230308298561
ck_991b7dfd69098320,0.00302213218090961
ck_37d47cf0f34574a2,0.0007197103590499249
ck_011551a596544f5d,0.003349317939457004
ck_9acd98f4fe2d474e,0.043308059463201126
ck_7c88d3d377bb61bb,0.02129490619146073
ck_e2374c7136c964fd,0.022599601195391807
ck_2fa8f2577116e9ca,0.060108536788188366
ck_d07c5b0321c685ea,0.040392621152467285
ck_bc736114a31088a7,0.01513134423474386
ck_32bb42f9bff197f8,0.02328200170683505
ck_66267bbad1f1415f,0.9980574725665208
ck_19988702ccd79201,0.0030184787581216785
ck_f473a03fbcdbc4b0,0.004035424747436687
ck_e3f1d85fa5d49396,0.0038601020424407725
ck_c4402ea6291df271,0.048728603965115386
ck_243bd5ca8c4ae5d0,0.004292806020572502
ck_f271e855925e8d6b,0.09071185117025832
ck_e424148c6f2223df,0.0023183935201869224
ck_e4d0a9e1102a58b5,0.0097851867691953
ck_91c2a5fe69b9b1d1,0.012478666060732396
ck_5fd8924732fe403e,0.8566558065895382
ck_9a881d5433126ada,0.006063570210155489
ck_73cab88b29c7845d,0.08028930218565637
ck_5b5dea6476d4e182,0.007384680034963749
ck_ccccb17d2ca6ce94,0.0174535647043813
ck_cd1dc68e441222b1,0.9394914059906518
ck_8312c49b1431a406,0.0050829452243436836
ck_25fea39897f2a559,0.0056533519206008855
ck_f56200205280bddf,0.021603907596166705
ck_7336611650dcc088,0.0027830499994568
ck_590716322ff147ae,0.01668616507584697
ck_c82364d87875a1a1,0.03589674677822322
ck_fa4b60387d744fc5,0.0018614124937214372
ck_d841eba8906e9a15,0.0009769356992990399
ck_d6df562a79b9d0d9,0.014801064356025923
ck_59a14d2564193101,0.0023550157469438555
ck_8530158e3d7f59e7,0.006243003452085115
ck_ac68d707006c12a8,0.0066277241589308205
ck_976fac1bb3dd8c58,0.11493995168027475
ck_f854fba8f4adae3d,0.03328898224657862
ck_b98e9c3ec6e7d1e7,0.02679135701742973
ck_803c0b4cf9d4bc1d,0.01696381594316669
ck_76997a33c3ea5107,0.0015626049863369995
ck_f1a9d832b700bda1,0.9752843620159672
ck_2bd96ddb8c323d63,0.996949162976278
ck_9e5b7acf51b1b743,0.022887958596503655
ck_09169f22194fd6aa,0.04985507632144544
ck_6d69e092f9b0848b,0.014198336603914837
ck_9f83fa5a2d3b9049,0.01952557383447423
ck_57bbb19eecb4b87c,0.003719874970034194
ck_e0e9cfabb979f428,0.008945663445276208
ck_b1ff9edc51d42f97,0.012311880195655385
ck_4682fad271d47eb0,0.9102741646543585
ck_ab33fb754c818ae3,0.03905448410309971
ck_b456f62b80e21557,0.003474781702124434
ck_16340be3f2a7fffd,0.0018802748147969208
ck_ce66831f6611014c,0.013613051124105685
ck_4610a073bb54d1b1,0.02151238339301397
ck_fd038a7d33a9d6e5,0.0021490260808991134
ck_c8198cb4c461304f,0.01410314633092406
ck_1e7de58822000dea,0.001951547256051861
ck_b2a79dd3df560f14,0.0235665682677398
ck_74a06f347b32347f,0.0101558673177942
ck_c6fdb2972417c9bd,0.013990087951779157
ck_d7607a213b800bfb,0.01989090505183911
ck_df65967b8b40319c,0.001656320005116949
ck_329a73dbd585ee09,0.0045782793425345044
ck_74991a9e85c3b07d,0.0063937272730508156
ck_bb76609b79e0bc9f,0.007693642421772832
ck_f7fc1bd0b9ab1fa4,0.013913878904502795
ck_d111c98b36bdb791,0.003976056261114906
ck_f07e27d125497b66,0.017950008499444677
ck_093e3a7134e11d6b,0.02511900923305394
ck_862c7953bdea48b0,0.025420830727189026
ck_392cf2cdd515c34d,0.006666617665785654
ck_80eb91b0b4001084,0.05938926079382214
ck_5923f53b77193a58,0.048590964927613195
ck_8049f5fce32be185,0.8350424344405438
ck_ebc5a2c6cf88e252,0.03983081708529697
ck_9ea5872f14cce338,0.09599792839901568
ck_f7fbc95ebf584379,0.007526401650939434
ck_bafe82c870356706,0.9923910438169711
ck_278b36c5932d9bff,0.004507504335948486
ck_6a892dd5d05c1649,0.005852466181349056
ck_0734fd90b2cabd43,0.009166141825567959
ck_9b552204498b6762,0.010126049725114817
ck_f6c909c205767956,0.016557409691335866
ck_32f590e87bc3d715,0.0013116158533274707
ck_66a8325f28be7562,0.0020826360289293473
ck_b129261da9c3c3c9,0.0009997732067898765
ck_a524071c51ddde20,0.01580503846993607
ck_ba576d6d4cb6130b,0.12977301463419494
ck_8d8226520722af78,0.07324365953859928
ck_c5b0f0d4f1655a20,0.0524805082605479
ck_61814ae9b6d8eab1,0.012335296782624948
ck_382ebf136f7fa337,0.1134369439064843
ck_423ff4ede6a9f066,0.013817015704924293
ck_546ad962d04b7de4,0.9955986000307312
ck_9473ea4a01c95f9a,0.059080984284444145
ck_9eb1da8cd35a50ce,0.02213210043863297
ck_de5eaa2cdbcb67ff,0.06422622321381226
ck_537cc97d0398c922,0.07148523012044022
ck_998475a2e4dfad4e,0.006375702991495707
ck_e62eb708d2688fae,0.017331830440144393
ck_ea623358f704daa7,0.06942431020450261
ck_b911a09f328dfd4b,0.0017729688076690312
ck_4b3506b624e5193c,0.012935983024173129
ck_448456f96788713b,0.02158715752163609
ck_5d5ef9e75f65d076,0.015340895952498962
ck_3b74512f774a6e5a,0.004855861751800391
ck_a032e8ac1507c6df,0.8936914782384631
ck_7e2d6b22a0ae20c2,0.0893183365619781
ck_d80283209c963f11,0.036408114040644056
ck_d1157eade2ac3975,0.017738095159819445
ck_be48f583f79427f7,0.01727317482099232
ck_0027b5d4107d65d8,0.11033464070999599
ck_94fff69584dd3b2a,0.011982777905690403
ck_75fcda73f0b43557,0.014890748489627447
ck_a1c78972e4ee4082,0.017746603380187766
ck_f0982bbdbd122f91,0.00703860613224833
ck_3199b471575aeb3a,0.0029646564887947833
ck_7fa947a0b1c1cf74,0.011946851722992409
ck_a60c618b7f0e4252,0.004370692964166939
ck_722ac47c8ac9b6c3,0.816893073778213
ck_d44dc3839a195c8a,0.04029227659758245
ck_a2c3e82fab520483,0.05612752609345064
ck_6f8ae0319c07cafe,0.0027804778259765558
ck_49886ff1e2c759d6,0.02949235353138779
ck_150a1108f936e6b0,0.006415162800229666
ck_e21f9f96f597695b,0.009488058186919003
ck_7297bff2b7fdcbc8,0.002235399511036003
ck_ee949c71f4f702eb,0.9901683449630976
ck_6fc37dea4b4f35c6,0.09309376774350969
ck_e76257caa98dc25d,0.9685399987355912
ck_828eef2334e17b3a,0.007439898178236658
ck_604e1b8a8c693aa7,0.019495198653131006
ck_7743c9fe037d1f9e,0.037246420032614386
ck_864a11202e19e812,0.05832358924690336
ck_4ec040b9e3785e4a,0.001362164403320288
ck_7346e4f820d9c00a,0.9088183596413725
ck_48d4d63beb26b623,0.009622126373233071
ck_c423aa6de3ed1e01,0.003645821958771013
ck_d74b2ead8aaa3f73,0.009975190721426401
ck_1dd69a11daa7bf1a,0.01894113989974148
ck_d9143e236eef177f,0.012392227062006133
ck_f790d91e5ff0eccd,0.5626064664235485
ck_69b5620e00ef5dec,0.0005667408989718198
ck_cd32e58e8a1c0e85,0.0072811358740943214
ck_064013b0957d87a5,0.9912589779441562
ck_a481385c2e60dc4a,0.00084050527820978
ck_d72035cb29db3aa4,0.019785428057807957
ck_3759939a0205306d,0.010209001538415715
ck_f437a53fc832ec95,0.3669162843007833
ck_260ef2f3e6434819,0.07726682064687569
ck_35e411b05d22f663,0.02047994926304225
ck_8bf46e472f3e20de,0.10838460087871848
ck_d546994fc5d3e9d1,0.00837490305444924
ck_6ff0fc7487e737e7,0.1729896636749339
ck_5c67f27816ae0b6f,0.014276371985228171
ck_c5517923458106ae,0.013612374233152369
ck_d9735647a6b0b0a7,0.4603316336448874
ck_541a734fc457246f,0.0261334989403476
ck_2f6a639468f41043,0.003015263325157066
ck_bea2cf7a6b7bb900,0.009275487654536356
ck_7eebd0e6ad6c070e,0.014823897323667781
ck_b64c87d5e3b10e6a,0.9188633676551088
ck_9dd7daacb7833233,0.009681704362572397
ck_396e9ea9a6c6d7d9,0.0478156493738923
ck_1645e6cc53fa99ff,0.019881682113795
ck_ea2a83ccb8d57490,0.0006842264483217043
ck_e64f0df63e1be595,0.026022602006572925
ck_fa0b234481cb57d3,0.020233701290717433
ck_63379e3c9fe6f711,0.017801999088785433
ck_c67f7944896a0310,0.061088600244227596
ck_c10e54c9db29e6ef,0.9949996248225261
ck_7184ad7709ae4c80,0.02286892510848863
ck_f8b6069d7577fde6,0.005481078292049415
ck_18444be153bac1ca,0.8824145514155392
ck_d0982b4e0e118e4d,0.02018783348176745
ck_6faf3e6820398866,0.025282790009187938
ck_97e980463aca4644,0.0027718536202937004
ck_630c835243c66b19,0.9913778111556926
ck_fe429ba3e1aa0e4f,0.010693890276676674
ck_1058129ed7b48c59,0.00735796601329478
ck_04a1a46f07885296,0.020266563851758644
ck_f01e94331067edf6,0.004419896971584946
ck_77b2fb17c29f5e72,0.007178611477064242
ck_4f0c5857da45fb28,0.059256223917297464
ck_2cfb9a7775e8a5bc,0.9898355571805304
ck_6846100e43659bf3,0.012518704895513344
ck_f89719a854fe11d7,0.01870747030929418
ck_bf47375e41ca3bc0,0.0019448830394738145
ck_2770b0400a7bef08,0.06898948596569457
ck_2a09d142de1c77ff,0.015926719861459916
ck_857a1f5547b9ad68,0.014264097539949947
ck_185f15b1523bbcf4,0.001645228186972183
ck_ab2aed614ec1cdf8,0.027376743378091047
ck_a9e7f3b2d5dfd97b,0.01575619355462276
ck_0eeb3d9b3e697edb,0.03671280989597975
ck_fa5830d81bc8ddc1,0.002632475507757037
ck_231ae0329ebc3220,0.00660014342092127
ck_1587763dd54688c9,0.0047398607656497635
ck_9f85fea4490c00cf,0.013207484704024348
ck_a2d709e7eb91e4af,0.045785350648371956
ck_43637d28c7216453,0.0020681145328013766
ck_f3ab5dd853d38252,0.038986488327050414
ck_4a1f0172d3bf4fd3,0.004178524303074275
ck_517620ca16505af0,0.007712165328310348
ck_9ae904fbef56065c,0.00373587503222488
ck_d5ef1f6e34bb35b8,0.02043047731847361
ck_ff42557857ae3aeb,0.0010107387963167423
ck_ad9a18f58589faa7,0.003947535448939259
ck_df1a6edaa3e6b271,0.0023366698245015243
ck_99021fe7225b5a68,0.0145948318385856
ck_99e52c3c2530b69e,0.9949061063689184
ck_3a4811dc4a1a891d,0.005442352115541214
ck_ba3a6be026c87079,0.01899417755854175
ck_da6d1e5cf6aba6fd,0.011152344833206899
ck_ddc7c1f3d45fe6e6,0.014464477912020181
ck_e1b1e7a7e4a15b3e,0.004963374781433277
ck_8288f7f226e08b89,0.014642975222034496
ck_c4524993ec31dbe5,0.0019715313163336263
ck_8b19bb5b23b6741c,0.01116376653147884
ck_d21b38231a8a9f4a,0.08135368260574545
ck_3f730318a9792292,0.01901674375614033
ck_a4db6e94a8f77f9d,0.018162317086086472
ck_a8cac8d480306839,0.0012195810567467017
ck_5472214011fbc2a7,0.004236214144195534
ck_7356f47dbbbe7904,0.007063103891952273
ck_16801e628e883d78,0.006587604578562661
ck_0dc1e536231c4860,0.01687975501910538
ck_7cd0634a6e60af83,0.01718050113364931
ck_ef6f8e048ae1bd4b,0.0030664909996659813
ck_82f3f744209888ac,0.015806804022112302
ck_f33188c232a03526,0.10683326753556263
ck_4a59f4e10bf45d7f,0.0012006987569627913
ck_d96c893721385e4e,0.003467066068346451
ck_f65ab819373edb37,0.012954135992429687
ck_21cac21fc10b7768,0.008762944057876396
ck_139b54e6ccbdd7da,0.04725306392123148
ck_d6f5c8741697abb3,0.03787224689081278
ck_a28d9bb5590d458f,0.08031316301106758
ck_ed26d906883bea0a,0.00409068026260779
ck_227602ad072b838b,0.00200541694329028
ck_39d5f6c17c745ab1,0.001711470914319879
ck_744eade757ba69b5,0.07102044090424024
ck_c1295d97cdf35ec2,0.005423007824659572
ck_69105f881da3c821,0.006212204624425201
ck_933789b55361d7c1,0.6202428554003417
ck_b667952253503174,0.008208266266940331
ck_7bf668e25abeeb05,0.011452353157857163
ck_91742711dfdffd56,0.022522917622834135
ck_af32a0660090dd68,0.08030505064664839
ck_2122f201e65f76ee,0.0033398555861263116
ck_f48acb73a5d6af07,0.07832525758324296
ck_337c5684510cf432,0.046911232286222786
ck_f7bde7265053364d,0.019438282156106226
ck_c190c7b924edba75,0.06909431280104529
ck_044fa3b3a003f0b5,0.01624578000839661
ck_87eb43e3b9d96169,0.027701911092952895
ck_2d3d6c9364362017,0.0010546783599419641
ck_ac55dc6cbcdf8228,0.009015717724092018
ck_61d7b0568ec5d6cf,0.01902099636917395
ck_89c74feeaffa7d09,0.0030810863409540413
ck_93776b0c113f41f0,0.017717197792740884
ck_15e0b679931f7a8d,0.01044169008756947
ck_77b56c49cfdb1d81,0.18410888693948366
ck_73188a826b5f499f,0.008902926843454643
ck_4f463ef25325ddfa,0.33130531201987845
ck_863db2e394dc47d1,0.9754796947647965
ck_d52432ed597f3cc9,0.003924663160689196
ck_04fb61e5739642f8,0.034956016806497674
ck_2e481d75d110c06d,0.02280131714472517
ck_3fa1a523d77cd619,0.014136535729877922
ck_466dc6274fecd708,0.027825554431189607
ck_e1790b3aa2241b10,0.913777092523224
ck_84ad096a46e1a960,0.026683060867716105
ck_3be72c9c178fa00d,0.012325509914907091
ck_5a17c89219d1d9fe,0.03929677022038469
ck_4f639f4ee6ce8d9e,0.023980641897024105
ck_f4ec4a935e51b4db,0.042001376576982406
ck_f04040a830f92bac,0.008591660001424308
ck_3e4d02a04be2aaf8,0.0382806423869786
ck_4d1baef193cfb900,0.020831046937101864
ck_0fb3153d37626b75,0.0009339866011168763
ck_88ec57a11b11f702,0.981375086396004
ck_dca9dc465f759db4,0.008826153212259068
ck_64f5fba6af67e024,0.01897175179633837
ck_896096cb167254ef,0.023071797548624675
ck_7878679065876b98,0.0351537020523415
ck_fe8e5a6c880ceb4e,0.00455223826400384
ck_a5e036327d3d1862,0.004805229215758057
ck_310f73940fc4cf4f,0.01776755795586177
ck_46a8db16ad00b749,0.005162336773867974
ck_0d33977c3de8cfaf,0.9977087985396714
ck_c6fff412f531db0f,0.001669980859639056
ck_bac6dadf428eaea9,0.013608558004800214
ck_1b96d9af0d7da2d5,0.00888784347591672
ck_fa8a4a9e77799fcc,0.003097574806711708
ck_0bf48607a874b4d1,0.0024338690348446965
ck_eeb75f8a6439f65e,0.027828677711556938
ck_a209a5f7d172125e,0.016131874407132363
ck_8f346b72fb40bf14,0.024170870778976252
ck_bccbf9fef367f00f,0.013869345359680329
ck_2d1548f1ee405cc9,0.008406688957928832
ck_e8298ff2dc1e9d50,0.004374179651690282
ck_77c0fb524edb4a94,0.006657683272400263
ck_28ac4c5134cb8e77,0.01852954707611211
ck_db23a0e3e54be60c,0.8612908900192321
ck_a059d00cee5cee99,0.002969527453542601
ck_3e9e3bba8bd363af,0.004425653733521459
ck_0428728df24cdab4,0.005913835188151398
ck_88cd35378075c84f,0.0034814611923661572
ck_0174d76398d9dc0f,0.030522758679730998
ck_3f1287e6c27de0dc,0.01224054595731805
ck_ff822700f3605e06,0.9960980794533021
ck_4563227b2038ae07,0.07569380280250883
ck_788e78065526ee19,0.031002562712037034
ck_8a16eb584093b12f,0.002279606578345213
ck_cc276f71ab6c08fd,0.03338602565959419
ck_d61d97b21002f3e9,0.039405837246307904
ck_4b2e87d86a5e415c,0.02518762513362359
ck_3e6f35e4500d2f2a,0.0010638886630794367
ck_3acdb083e0d8ad61,0.0012857082860881998
ck_cd655202db489010,0.0030262839287890204
ck_829cbf5ccda481ae,0.010904212076077752
ck_f5882e6f98b8b4cd,0.00121935784874282
ck_767947540b234add,0.014936249693209239
ck_a6e8e8f535b1f1d1,0.04490958662691508
ck_58412a2674fea506,0.060936032460058215
ck_fae7e518a585fa61,0.015411420923818114
ck_9c60ae6958d68dbd,0.08888691851959579
ck_328696b8f5e54ec6,0.05097685936328068
ck_7df3f8f4f1068d62,0.00414000796693564
ck_cfadd21458230ef7,0.017176926641852965
ck_7048bedd554c703b,0.002550975082553984
ck_50422466f145bfd7,0.0020625806011227966
ck_61e1f7168cd9ff25,0.03872054797511478
ck_733aff0f56f5b3c9,0.014381156415017915
ck_e14892e424180549,0.0012093166086081279
ck_03f6664a96de7d0f,0.02134317622968116
ck_b7f4baa2cc82fe61,0.011600483885496818
ck_1e51199a075ca0fa,0.0036059099473044684
ck_0e70516fa07cfb17,0.9170774719339972
ck_0f37c554a5057801,0.8216156515061338
ck_5576b725de38d106,0.004986308597731205
ck_82f360df1e9f4eb8,0.03387687051056344
ck_395f3bd4aacd7ca6,0.00803302503414941
ck_5e8e857b63966609,0.529316191841852
ck_93470896f0804b6b,0.9537320921350525
ck_3be854e42e76569a,0.005797594654022067
ck_0567302c57a2417e,0.059421676260827186
ck_ee535461b5f05539,0.8512995372506136
ck_94a096c36162a153,0.011733481837166488
ck_dfc8f5c141fd7c63,0.02721880939098727
ck_98b34f2d704c1c2a,0.009899129250528625
ck_96dff7a09d45f116,0.031808358530177216
ck_79557434c129ba52,0.004059731661497125
ck_4596624a7c01d501,0.006160653538758966
ck_04e89fbd739243fa,0.0013094728809207533
ck_6149ffaf18872dc8,0.002767520057378252
ck_cd78f0832a09bd8f,0.8017505339140256
ck_7e29c10d781c3b41,0.00403863363185079
ck_1f7ee7b23fc6f2f4,0.007476773363578011
ck_c49b685d2b3ab89a,0.0012798652110116336
ck_84569a8fc50e73ac,0.02753296317212348
ck_b92b11d205af91eb,0.002230936288541446
ck_06280e6d6d2485b0,0.00476814019714527
ck_3c08546dd0c92863,0.01487644596353787
ck_99d3983f907828bf,0.004780361225452897
ck_eccfd552aa652d3c,0.005562267699130681
ck_0cff8153881875ba,0.008556341144497931
ck_c1aebbeca6ab5ff9,0.009873695436950653
ck_538fdbbb3c2bcbbb,0.0653968802803918
ck_8c0210322733c718,0.004832263986733851
ck_0b0c93039f987abc,0.014961744689305058
ck_6d07d6d1bd227d37,0.039603026932883284
ck_9b6ee35e8cd0b11c,0.003108152330898041
ck_d838491d3d4f5ecf,0.007706720822177853
ck_0593ae243a9ebee9,0.007831611158083927
ck_ef261fc09be8eb0b,0.0015873661888788887
ck_d0935b571a4a3868,0.01650282266989755
ck_97d04a67a104af39,0.05119356036271373
ck_e25f70d0b7229420,0.020704957885203427
ck_9b71274ff83de482,0.9613085047729393
ck_6de2aa2bb60978d3,0.018340267202629105
ck_eda55c8fb47593d7,0.006369753589520333
ck_924e572517515f19,0.6379329756977612
ck_d6f27eacbad310f4,0.01175589883639183
ck_8550f229b5eb03ab,0.007799827181594716
ck_e3e95546a84d0ed8,0.01803197541320078
ck_3135c019696ee6af,0.9969412236971761
ck_41ba315d8fccb559,0.006473800885806188
ck_72b86e4485da2d0f,0.9961117590369255
ck_daaa995f3c2f0e47,0.01527539561489529
ck_053746067839696b,0.012454568275806915
ck_a15fe7d0f4b65c33,0.7231637703784664
ck_15de11438732bb05,0.007559306726873144
ck_2c4d25acbe3fabd9,0.025186806534003334
ck_7f08078908599bd2,0.06913416638675773
ck_e794741742fb2619,0.008736117328288625
ck_238e53b6dee8c301,0.0037856018554332637
ck_53a6a33060d5c8b8,0.006121377821735846
ck_0e0919292ad33472,0.9556030439226579
ck_d86ccf148c06c8c8,0.021184460970837607
ck_c881f26c9bf9ae42,0.5245901198495718
ck_4b0947bf94e9d847,0.20382680718582571
ck_e10ff5c38bd18470,0.01299159506388632
ck_b60de9e97aad9e45,0.9867090202296059
ck_190bc849e5ff5401,0.03014666310553795
ck_e7be077aa0b2632c,0.0037164356433041328
ck_a51abde881ebeff3,0.012832879075574809
ck_2208392a9f6bd249,0.01917509084715709
ck_0259da8f109017e9,0.003704653602879862
ck_05e01ab9c95449da,0.010349940636870811
ck_c82897ebffb6ae66,0.00332069562953017
ck_b4a6bb4689cd7cfa,0.015502427079951682
ck_9e21ea33018ce538,0.005716939636618977
ck_caa348f0e65db062,0.9890651205248033
ck_a964e6b5d8415334,0.1581636060950804
ck_510bfbbee37ff436,0.00405723589149579
ck_9741a82faf5c7889,0.04457884396387182
ck_e7f61b4a39ba98ac,0.0029496365893732835
ck_069d158665a53909,0.01823531476493097
ck_6426427efe3228af,0.013126609474623114
ck_ab4a8d02ec3c0fd7,0.0017452650095597024
ck_aefa0d8d933e0eca,0.06044623060598097
ck_232325ef6bce92f1,0.005884215029286059
ck_14e58c3fb26a2b4d,0.020317577470182493
ck_06e73afdec26aecc,0.10718448286281644
ck_3168f4f2778d64e1,0.00555301991998482
ck_ff3998d6858daa21,0.0017432841636541927
ck_bccff46fb0868454,0.07718489298189651
ck_c7d444d90fa86d7c,0.2919323029815116
ck_f0bc3bdee6bfbb94,0.012757954030532528
ck_f7112818a6d81422,0.027367547618728907
ck_aca35dbcb835ad02,0.021346425424554557
ck_f637fabf0f60528f,0.00847077771375902
ck_53d17ab97de1ac3e,0.007766069490216363
ck_c8c1bf16d9113493,0.028965139380995254
ck_e842fb0cf055a83b,0.07436811771466488
ck_93c0cb3dac4891fe,0.008221597961852583
ck_0c1f088e17e46daf,0.04924534865630809
ck_8f4b384955bf57c9,0.009613792014696738
ck_09cd5c4df1e81ac2,0.18239586501943955
ck_1e832a5b2342554f,0.009292515207792923
ck_2cb763a881aee27f,0.005550349501462193
ck_5875828b11406398,0.008861807996247952
ck_48e84b0cb0b90fa7,0.015615242105697832
ck_833688de8629c5c0,0.004911605598161375
ck_117d78ccd5820f36,0.021335266029219032
ck_668ec61c4c39cae3,0.0017382413947254023
ck_73a7794b659d7a34,0.002002685361163344
ck_10f90d879209734f,0.0026820860862948694
ck_d1d079913aa158bf,0.004807423711924208
ck_01c631b38e8a9535,0.005173974703752282
ck_f6923088c17a04e2,0.04404244241038254
ck_b447badc9138987d,0.0023137046943663346
ck_8b772caed8f1541c,0.006152123844462445
ck_5403c76fe68a08ba,0.603891179726382
ck_3e6833574edf1736,0.02206204667716282
ck_e527fbb9450a4581,0.9200270666580221
ck_cc90e219f1ebf390,0.0009651676894210366
